3.0,-7.39,1.64,-7.0,13.17,-19.15,32.87
3.0,-7.33,1.32,-7.06,3.54,-28.72,8.78
3.0,-7.34,1.55,-7.55,-24.45,-4.63,27.5
3.0,-6.65,1.81,-7.0,-27.93,40.0,43.66
3.0,-7.07,1.66,-7.24,-17.93,8.05,9.57
3.0,-7.1,1.85,-7.0,-17.8,11.22,3.29
3.0,-7.43,1.79,-7.21,-17.2,98.11,17.2
3.0,-6.83,1.54,-7.15,5.73,41.04,-30.73
3.0,-7.39,1.55,-7.47,-26.71,-1.83,-27.32
3.0,-6.85,1.67,-7.16,-25.98,11.83,-44.57
3.0,-6.39,1.84,-7.09,-8.35,13.84,-3.9
9.0,-7.1,1.98,-7.26,6.28,-17.2,7.5
3.0,-7.12,1.92,-7.13,19.7,-45.12,25.3
3.0,-7.04,1.34,-7.3,18.11,-64.33,15.24
3.0,-7.26,1.4,-7.38,-38.66,-16.46,-0.73
3.0,-6.93,1.79,-7.1,-28.9,14.45,-25.85
3.0,-7.2,1.98,-7.21,-0.98,11.77,17.07
3.0,-7.85,1.87,-7.4,2.93,38.48,8.17
3.0,-6.85,1.8,-7.03,33.29,29.33,6.89
3.0,-7.08,1.83,-7.24,31.28,17.62,17.32
3.0,-7.26,1.66,-7.31,28.17,-19.88,4.21
3.0,-7.06,1.75,-7.21,0.98,-2.87,24.7
3.0,-7.36,1.6,-7.37,5.98,-28.72,17.56
3.0,-7.0,2.17,-7.05,20.79,-51.95,43.11
3.0,-7.52,1.84,-7.14,36.89,-22.44,26.04
3.0,-7.12,1.37,-7.21,22.26,-39.39,17.8
3.0,-7.35,1.74,-7.18,-36.89,-70.12,-42.62
3.0,-8.13,1.95,-7.88,-48.84,-15.61,-75.0
3.0,-7.18,1.67,-7.09,-37.74,-38.6,-40.12
3.0,-7.06,1.49,-7.17,-79.33,-71.4,-53.9
3.0,-6.81,1.12,-7.26,-157.74,-121.22,-137.74
3.0,-7.34,0.82,-7.27,-292.68,-159.02,-280.3
3.0,-7.63,0.98,-7.03,-435.12,-139.27,-332.74
3.0,-7.49,1.37,-6.43,-519.02,-124.27,-411.04
3.0,-8.43,1.6,-6.16,-561.34,-73.05,-403.23
3.0,-8.15,2.14,-5.62,-499.02,-65.61,-371.22
3.0,-8.28,2.09,-5.53,-424.82,-70.06,-285.55
3.0,-8.24,2.31,-5.34,-322.2,-91.04,-219.57
0.0,-8.51,2.01,-5.35,-225.85,-68.84,-164.15
0.0,-8.25,1.79,-5.39,-168.54,-79.45,-131.89
0.0,-8.73,1.85,-5.46,-144.27,-29.27,-88.23
0.0,-8.64,1.93,-5.26,-84.02,-112.44,-125.49
0.0,-8.89,2.03,-5.24,-47.2,-112.26,-55.49
0.0,-8.17,1.48,-5.15,0.98,-117.38,-45.37
0.0,-8.46,1.23,-5.21,-7.5,-155.43,-45.98
0.0,-9.52,1.49,-5.36,-32.44,-40.85,-25.91
0.0,-9.07,1.62,-4.78,19.76,-39.57,-3.9
0.0,-8.87,1.54,-5.07,26.65,-46.65,12.93
0.0,-8.48,1.54,-5.06,36.1,-38.96,-31.4
0.0,-8.57,1.26,-5.13,23.41,15.91,-34.39
0.0,-8.55,1.21,-5.26,26.4,17.44,-9.7
0.0,-8.05,1.23,-5.02,-6.22,-2.99,26.22
0.0,-8.73,1.49,-5.17,41.4,-20.0,27.26
0.0,-8.58,1.19,-4.99,51.46,-11.52,20.79
0.0,-8.71,1.14,-5.03,0.12,-36.77,4.33
0.0,-8.04,1.35,-4.52,-24.39,-54.63,30.37
0.0,-8.94,1.6,-4.76,-14.63,-96.52,-4.21
0.0,-8.98,1.39,-4.77,5.91,-101.1,-19.39
0.0,-9.38,1.43,-4.83,-0.67,-64.02,-20.24
0.0,-9.14,1.39,-4.78,-6.04,18.23,-0.18
0.0,-8.8,1.46,-4.78,-2.32,46.22,3.54
0.0,-8.46,1.46,-4.79,-15.85,21.77,-4.63
0.0,-8.66,1.62,-4.74,-11.28,-40.79,-6.77
0.0,-8.92,1.43,-4.58,9.02,-70.43,-8.72
0.0,-9.09,1.43,-4.66,14.09,-41.59,-3.54
0.0,-9.12,1.36,-4.7,18.17,18.9,-1.04
0.0,-9.06,1.35,-4.72,8.29,18.84,8.35
0.0,-8.86,1.52,-4.76,11.52,22.99,5.12
0.0,-8.68,1.49,-4.66,20.49,24.02,-9.63
0.0,-8.82,1.34,-4.81,21.46,8.9,-16.22
0.0,-8.73,1.31,-4.76,22.13,-0.98,-14.27
0.0,-8.74,1.31,-4.84,17.26,-5.0,-10.79
0.0,-8.79,1.32,-4.77,16.4,-18.23,-11.04
3.0,-8.81,1.3,-4.68,13.41,-18.6,-6.95
3.0,-8.93,1.26,-4.75,11.16,-20.91,-1.83
3.0,-8.93,1.31,-4.64,8.96,-13.84,5.18
3.0,-9.06,1.41,-4.65,15.0,-5.24,14.82
3.0,-8.81,1.3,-4.63,21.1,-10.12,13.9
3.0,-8.95,1.31,-4.74,16.1,-35.3,-1.16
3.0,-9.06,1.36,-4.74,13.72,4.88,4.15
3.0,-8.97,1.26,-4.78,13.29,42.99,-1.46
3.0,-8.93,1.16,-4.66,0.3,54.63,-6.89
3.0,-8.97,1.25,-4.69,-11.65,74.51,-0.12
3.0,-9.13,1.5,-4.76,-18.6,22.01,-14.33
3.0,-9.17,1.63,-4.65,11.65,-8.05,32.99
3.0,-9.07,1.28,-4.86,21.34,8.72,3.17
3.0,-8.76,0.86,-4.66,-13.78,34.57,0.37
3.0,-8.9,1.37,-4.69,-30.12,45.61,-5.3
3.0,-8.56,1.39,-4.83,-12.01,29.27,-13.23
3.0,-9.0,1.43,-4.85,-7.99,11.89,-13.29
3.0,-8.85,1.38,-4.78,5.61,11.4,-0.12
3.0,-8.81,1.31,-4.85,11.4,3.96,0.24
3.0,-8.94,1.3,-4.82,10.43,8.9,2.68
3.0,-8.96,1.22,-4.96,21.59,47.8,7.62
3.0,-8.46,1.18,-4.83,16.34,48.11,0.24
3.0,-8.99,1.13,-4.96,2.07,37.5,-3.11
3.0,-8.75,1.38,-5.02,1.71,62.2,23.6
3.0,-8.41,1.44,-4.68,23.29,18.6,27.68
3.0,-8.92,1.32,-5.17,5.43,-18.23,11.59
3.0,-8.35,1.46,-4.86,12.44,0.79,31.89
3.0,-8.4,1.36,-4.89,6.22,-38.84,1.77
3.0,-9.0,1.2,-5.09,-1.16,7.93,-19.7
3.0,-8.37,1.24,-5.07,12.87,34.76,2.68
3.0,-8.88,1.3,-5.07,8.9,12.38,-16.52
3.0,-8.68,1.29,-4.89,1.65,18.11,0.3
3.0,-9.17,1.18,-5.31,-2.32,20.37,-6.46
3.0,-8.45,1.4,-4.7,6.16,46.4,5.0
3.0,-9.04,1.36,-5.21,15.67,40.98,-5.18
3.0,-8.37,1.36,-4.92,16.1,38.96,14.27
3.0,-8.75,1.21,-5.22,5.06,22.5,-2.5
3.0,-8.52,1.35,-5.17,-2.2,17.5,0.06
3.0,-8.37,1.17,-5.11,-1.65,-9.33,1.04
3.0,-8.86,1.61,-5.06,-5.24,-11.59,15.55
3.0,-8.84,1.48,-4.99,14.63,16.28,18.05
3.0,-8.6,1.16,-4.93,8.54,-24.33,-13.6
3.0,-9.37,1.43,-5.16,-28.84,-1.16,10.73
3.0,-7.89,1.56,-4.67,-14.76,46.22,14.63
3.0,-8.51,1.4,-5.16,-3.11,7.32,5.37
3.0,-8.54,1.33,-5.11,0.73,7.99,8.29
3.0,-8.59,1.26,-5.14,1.04,-6.1,-5.49
3.0,-8.66,1.47,-4.91,-14.45,4.09,5.55
3.0,-8.79,1.44,-5.23,-2.13,-24.02,-10.24
3.0,-8.07,1.23,-4.77,-13.35,-2.74,4.94
3.0,-8.94,1.32,-5.14,-11.28,-57.68,-25.49
3.0,-8.8,1.42,-5.09,-8.66,-14.15,-6.4
3.0,-8.66,1.03,-5.16,-5.37,-10.61,-13.78
3.0,-8.85,1.36,-4.89,-40.73,2.07,-4.57
3.0,-8.82,1.65,-4.8,-22.62,-10.91,-13.41
3.0,-8.65,1.38,-5.03,3.29,-7.07,-19.21
3.0,-8.93,1.3,-5.19,-12.56,1.89,-6.34
3.0,-8.46,1.39,-4.95,-13.05,-8.78,-9.27
3.0,-8.65,1.34,-4.85,-3.66,-29.15,1.65
3.0,-8.76,1.42,-4.78,6.46,-47.87,-2.44
3.0,-8.85,1.32,-4.7,18.29,-41.71,1.28
3.0,-8.88,1.43,-4.75,21.28,-35.12,-0.98
3.0,-8.84,1.31,-4.68,29.21,-38.9,-2.62
3.0,-9.02,1.18,-4.86,32.38,-23.35,-12.07
3.0,-9.02,1.2,-4.86,22.5,-7.87,-6.28
3.0,-8.96,1.24,-4.85,13.17,4.76,13.11
3.0,-8.81,1.3,-4.76,10.85,10.43,12.62
3.0,-8.88,1.46,-4.86,18.78,17.01,14.45
3.0,-8.8,1.36,-4.85,27.68,31.65,13.23
3.0,-8.57,1.22,-4.86,27.99,35.73,10.49
3.0,-8.56,1.2,-4.82,5.06,-17.68,7.99
3.0,-8.82,1.35,-4.84,3.29,-49.63,-8.54
3.0,-8.88,1.32,-4.86,6.71,-29.02,-13.66
3.0,-8.91,1.22,-4.74,7.93,-27.13,-19.09
3.0,-8.85,1.24,-4.72,7.13,-29.09,-25.37
3.0,-8.96,1.17,-4.64,8.35,-26.22,-15.98
3.0,-8.89,1.05,-4.74,1.89,-27.99,-11.4
3.0,-9.03,1.13,-4.64,-7.2,-26.16,-0.73
3.0,-9.02,1.18,-4.71,-2.8,-20.79,-3.29
3.0,-9.08,1.21,-4.71,-7.44,-6.52,6.1
3.0,-8.99,1.25,-4.59,-3.96,10.91,6.77
3.0,-8.94,1.26,-4.71,-0.18,9.82,3.66
3.0,-8.86,1.22,-4.61,1.22,4.51,-0.79
3.0,-8.95,1.13,-4.64,-0.37,-3.72,-5.49
3.0,-8.92,1.17,-4.7,-1.65,-4.39,-8.29
3.0,-8.93,1.19,-4.71,-2.93,-2.38,-5.49
3.0,-8.97,1.17,-4.64,-3.72,-5.98,0.61
3.0,-8.97,1.28,-4.67,-4.57,-6.46,-0.06
3.0,-8.96,1.2,-4.62,-5.3,-8.17,3.35
3.0,-8.92,1.27,-4.53,-7.87,-10.3,4.33
3.0,-8.9,1.29,-4.62,-4.7,-8.84,5.12
3.0,-8.78,1.16,-4.65,-8.84,-4.39,-6.65
3.0,-8.6,0.84,-4.74,-43.05,-33.11,-13.11
3.0,-8.41,0.54,-4.96,-153.23,-110.12,-87.32
3.0,-8.56,0.53,-4.65,-261.16,-190.91,-170.67
3.0,-8.91,0.54,-4.51,-365.79,-243.11,-219.57
3.0,-9.19,0.87,-3.75,-435.91,-234.27,-239.45
3.0,-9.59,1.44,-3.27,-386.52,-226.04,-217.32
3.0,-9.75,1.28,-3.15,-309.21,-189.45,-195.73
3.0,-9.71,1.17,-3.03,-245.43,-150.43,-152.74
3.0,-9.83,1.01,-3.02,-188.48,-112.07,-114.94
3.0,-9.8,0.87,-2.9,-143.23,-68.29,-85.0
3.0,-9.69,0.79,-2.8,-117.44,-53.84,-66.4
3.0,-9.67,0.79,-2.69,-90.0,-42.99,-46.89
3.0,-9.67,0.84,-2.64,-62.8,-36.04,-34.27
3.0,-9.82,0.8,-2.76,-33.84,-12.2,-17.13
3.0,-9.65,0.59,-2.81,-5.49,14.7,8.66
3.0,-9.38,0.58,-2.63,-12.5,-3.35,15.85
3.0,-9.54,0.7,-2.75,-17.2,-24.15,-5.98
3.0,-9.58,0.62,-2.61,-10.67,-15.73,-21.77
3.0,-9.6,0.52,-2.67,-1.89,-22.87,-18.54
3.0,-9.69,0.56,-2.72,-1.59,-16.71,-6.1
3.0,-9.78,0.56,-2.85,-4.21,0.18,6.83
3.0,-9.68,0.6,-2.72,-20.18,5.18,11.04
3.0,-9.47,0.67,-2.6,-12.5,-13.6,-11.83
3.0,-9.68,0.65,-2.7,-4.51,-25.49,-15.0
3.0,-9.8,0.62,-2.72,-8.17,1.77,3.29
3.0,-9.48,0.71,-2.69,-1.16,11.16,8.11
3.0,-9.53,0.54,-2.71,1.22,-4.21,6.04
3.0,-9.63,0.57,-2.74,-6.52,-2.93,7.38
3.0,-9.56,0.67,-2.57,-19.02,-8.6,4.7
3.0,-9.48,0.69,-2.61,-16.65,-17.56,-11.77
3.0,-9.65,0.65,-2.59,-9.76,-11.34,-6.95
3.0,-9.66,0.68,-2.69,1.71,-4.94,-7.74
3.0,-9.59,0.56,-2.55,6.65,-13.72,-4.76
3.0,-9.64,0.56,-2.61,2.8,-20.06,-8.05
3.0,-9.67,0.61,-2.65,1.28,-10.91,-7.38
3.0,-9.63,0.58,-2.58,-1.16,-2.56,-11.04
3.0,-9.69,0.56,-2.56,-2.62,0.3,-6.52
3.0,-9.64,0.58,-2.56,-0.43,0.0,-3.05
3.0,-9.66,0.55,-2.68,-3.48,6.22,2.8
3.0,-9.65,0.56,-2.55,-6.52,2.5,0.0
3.0,-9.68,0.62,-2.56,-6.46,1.34,1.46
3.0,-9.62,0.64,-2.53,-6.46,4.82,5.06
3.0,-9.67,0.73,-2.61,-1.77,6.1,1.34
3.0,-9.68,0.63,-2.46,2.62,10.73,2.5
3.0,-9.7,0.67,-2.56,7.8,19.45,5.73
3.0,-9.78,0.69,-2.57,8.78,31.46,12.44
3.0,-9.81,0.7,-2.65,11.1,52.99,20.24
3.0,-9.76,0.8,-2.66,28.35,75.3,13.72
3.0,-10.07,1.0,-2.53,86.83,112.13,23.66
3.0,-10.15,0.85,-2.66,142.44,169.7,96.22
3.0,-9.64,0.92,-2.66,166.59,205.98,154.82
0.0,-9.22,1.0,-2.79,191.65,167.5,145.98
0.0,-9.4,0.87,-3.2,206.34,130.91,109.09
0.0,-9.31,0.77,-3.42,189.57,145.79,91.52
0.0,-9.42,0.77,-3.65,166.34,165.06,95.0
0.0,-9.14,0.84,-3.82,137.07,156.1,86.28
0.0,-8.97,0.95,-3.9,115.49,117.38,55.49
0.0,-8.9,0.9,-3.82,100.24,71.77,47.13
0.0,-8.99,1.02,-4.05,86.71,43.48,44.7
0.0,-9.27,1.03,-4.26,82.87,41.52,38.54
0.0,-9.23,1.04,-4.2,74.57,45.73,38.41
0.0,-9.11,1.05,-4.31,69.63,45.55,27.5
0.0,-9.0,0.99,-4.19,65.55,35.3,18.96
0.0,-9.01,0.98,-4.15,64.39,14.45,9.02
0.0,-9.17,0.98,-4.37,49.45,-0.18,7.5
0.0,-9.14,0.99,-4.27,42.93,17.2,-6.04
0.0,-9.14,0.97,-4.26,41.16,25.79,-14.63
0.0,-9.22,0.96,-4.25,26.4,24.94,4.7
0.0,-9.0,1.05,-4.19,32.01,11.4,4.02
0.0,-9.09,0.98,-4.17,36.59,-0.49,14.33
0.0,-9.13,1.09,-4.3,28.6,2.13,29.15
0.0,-8.99,1.07,-4.18,31.89,-1.4,14.39
0.0,-9.11,1.0,-4.36,31.4,-0.61,3.96
0.0,-9.14,1.03,-4.26,27.07,7.26,-2.74
0.0,-9.08,0.91,-4.27,26.4,-0.79,-5.43
0.0,-9.06,0.96,-4.18,27.38,-6.1,0.37
0.0,-9.1,0.98,-4.2,29.09,0.98,-3.48
0.0,-9.13,0.98,-4.17,26.04,-4.39,-4.21
0.0,-9.24,0.94,-4.27,17.62,1.4,2.2
0.0,-9.01,0.99,-4.17,20.18,13.72,-3.35
0.0,-9.11,0.94,-4.17,19.94,3.72,0.79
0.0,-9.11,0.96,-4.33,22.07,4.33,-4.51
0.0,-9.12,0.82,-4.32,15.61,1.89,0.67
0.0,-9.12,0.99,-4.28,10.79,-0.79,4.33
0.0,-9.14,0.9,-4.15,10.61,-9.33,1.59
0.0,-9.07,0.94,-4.2,10.85,-4.21,-8.96
0.0,-9.22,0.87,-4.33,9.94,2.62,-15.18
0.0,-9.21,0.93,-4.26,2.68,12.38,-0.61
0.0,-9.05,0.95,-4.11,21.46,19.51,-2.99
0.0,-9.1,0.9,-4.31,25.37,10.12,-0.98
0.0,-9.1,0.85,-4.25,12.01,0.37,2.99
0.0,-9.11,0.89,-4.31,7.68,-3.05,0.0
0.0,-9.17,0.94,-4.19,5.3,-1.65,1.83
0.0,-9.08,0.93,-4.26,11.4,-0.85,-3.11
9.0,-9.14,0.86,-4.24,9.45,4.15,-3.23
9.0,-9.13,0.82,-4.27,-0.3,7.26,1.4
9.0,-9.04,0.87,-4.23,-4.82,-5.12,-0.91
9.0,-9.11,0.99,-4.32,-7.56,-5.55,0.85
9.0,-9.14,0.92,-4.2,-0.61,-14.45,-4.02
9.0,-9.23,0.96,-4.12,10.61,-11.28,-2.56
9.0,-9.22,0.92,-4.2,21.52,7.32,-1.34
9.0,-9.22,0.86,-4.2,24.51,4.7,1.59
9.0,-9.17,0.79,-4.28,18.11,-4.88,5.73
9.0,-9.18,0.79,-4.26,6.95,1.71,6.52
9.0,-9.07,0.79,-4.19,-5.43,-1.95,7.13
0.0,-9.08,0.83,-4.22,-16.46,-10.61,6.59
9.0,-9.15,0.87,-4.19,-25.43,-14.51,-1.83
0.0,-9.04,0.84,-4.25,-32.26,-27.8,-4.39
0.0,-9.06,0.78,-4.23,-41.28,-26.4,-8.05
0.0,-8.61,-0.01,-4.67,-114.82,-62.32,-24.02
0.0,-8.35,0.03,-4.39,-311.65,-188.66,-149.27
0.0,-9.06,0.42,-4.0,-404.15,-247.38,-214.51
0.0,-9.57,0.84,-3.51,-437.13,-244.02,-195.85
0.0,-9.84,1.3,-2.9,-367.68,-179.63,-166.83
0.0,-9.99,1.25,-2.76,-256.04,-130.85,-108.96
0.0,-9.92,1.04,-2.78,-165.24,-98.05,-48.78
0.0,-9.7,0.9,-2.72,-104.63,-78.6,-9.76
0.0,-9.68,0.77,-2.78,-86.83,-79.39,7.38
0.0,-9.77,0.86,-2.77,-67.44,-61.77,10.55
0.0,-9.77,0.85,-2.66,-49.09,-46.71,-2.5
0.0,-9.46,0.82,-2.45,-33.78,-55.18,-11.89
0.0,-9.45,0.73,-2.42,-18.29,-64.27,-17.44
3.0,-9.75,0.7,-2.45,-16.59,-62.8,-18.78
0.0,-9.72,0.74,-2.4,-19.94,-49.7,-3.17
3.0,-9.77,0.75,-2.34,-9.09,-39.27,-2.68
0.0,-9.56,0.67,-2.25,-5.73,-38.72,-3.6
0.0,-9.66,0.67,-2.21,-2.56,-51.89,-8.96
0.0,-9.68,0.71,-2.27,-3.96,-54.51,-8.29
0.0,-9.81,0.7,-2.29,-6.22,-36.1,-1.46
3.0,-9.72,0.68,-2.17,-6.77,-25.0,-6.83
3.0,-9.9,0.71,-2.13,-4.39,-10.37,-4.51
0.0,-9.81,0.73,-2.2,-1.95,8.72,-0.3
0.0,-9.72,0.7,-2.19,-7.8,24.27,6.28
0.0,-9.69,0.73,-2.2,-9.15,21.28,-9.7
0.0,-9.59,0.67,-2.16,-9.15,5.43,-10.24
0.0,-9.65,0.7,-2.14,-1.4,-9.39,-11.52
0.0,-9.7,0.68,-2.16,7.93,-3.84,-3.72
0.0,-9.77,0.68,-2.21,9.09,0.79,1.28
0.0,-9.68,0.7,-2.18,7.56,3.41,0.91
0.0,-9.8,0.71,-2.26,1.52,10.98,4.57
0.0,-9.63,0.66,-2.24,-9.88,16.59,9.02
0.0,-9.62,0.68,-2.19,-11.95,12.26,-1.22
0.0,-9.66,0.79,-2.19,-11.77,-0.91,-6.52
0.0,-9.75,0.7,-2.25,-2.26,6.1,-6.4
0.0,-9.76,0.68,-2.26,-0.79,16.65,4.57
0.0,-9.63,0.7,-2.28,-0.91,14.94,4.27
0.0,-9.61,0.73,-2.24,8.11,5.49,-6.89
0.0,-9.68,0.69,-2.17,5.79,0.98,-1.28
0.0,-9.69,0.7,-2.28,7.56,3.23,-3.78
0.0,-9.66,0.69,-2.29,2.38,1.89,-10.12
0.0,-9.82,0.71,-1.99,8.66,5.91,-13.29
0.0,-9.79,0.68,-2.26,14.09,6.52,-7.32
0.0,-9.79,0.6,-2.23,16.1,4.09,-4.57
0.0,-9.81,0.72,-2.18,21.1,16.1,10.37
0.0,-9.85,0.69,-2.24,40.61,15.3,6.04
0.0,-9.76,0.71,-2.21,50.98,15.67,8.66
0.0,-9.8,0.72,-2.2,60.91,22.26,12.87
0.0,-9.82,0.67,-2.35,58.29,41.52,21.04
0.0,-9.72,0.61,-2.27,50.85,54.09,23.17
0.0,-9.76,0.62,-2.36,39.76,56.4,13.96
0.0,-9.6,0.71,-2.45,32.5,59.7,8.78
0.0,-9.57,0.68,-2.53,32.8,51.71,1.34
0.0,-9.63,0.77,-2.56,31.71,51.28,0.91
0.0,-9.68,0.67,-2.45,35.37,60.55,0.61
0.0,-9.65,0.73,-2.58,39.09,61.46,1.34
0.0,-9.69,0.69,-2.68,33.41,59.63,4.94
0.0,-9.6,0.71,-2.67,25.55,64.57,8.54
0.0,-9.46,0.68,-2.76,26.28,57.93,4.88
0.0,-9.51,0.73,-2.77,25.79,44.15,6.83
0.0,-9.54,0.68,-2.75,27.93,38.35,7.93
0.0,-9.64,0.71,-2.86,28.66,37.26,11.28
0.0,-9.13,0.81,-4.5,52.38,6.22,-4.88
0.0,-8.99,0.9,-4.45,25.3,-2.07,-4.15
0.0,-9.17,0.83,-4.56,38.54,-0.61,-10.98
0.0,-9.13,0.81,-4.5,52.38,6.22,-4.88
0.0,-8.99,0.9,-4.45,25.3,-2.07,-4.15
0.0,-9.17,0.83,-4.56,38.54,-0.61,-10.98
0.0,-9.13,0.81,-4.5,52.38,6.22,-4.88
0.0,-9.06,0.75,-4.65,58.29,4.27,10.18
0.0,-8.97,0.82,-4.54,51.46,1.28,22.56
0.0,-8.94,0.78,-4.51,53.96,-4.51,19.94
0.0,-9.04,0.69,-4.67,41.1,1.71,21.89
0.0,-9.0,0.71,-4.6,29.57,5.91,16.95
0.0,-8.94,0.55,-4.75,8.48,4.51,12.13
0.0,-8.98,0.74,-4.63,-10.06,7.01,6.16
0.0,-8.84,0.78,-4.64,-15.73,7.01,2.99
0.0,-8.84,0.74,-4.51,-20.06,5.73,-5.91
0.0,-8.94,0.67,-4.69,-26.34,-1.04,-22.93
0.0,-9.13,0.83,-4.59,-34.76,5.12,-31.65
0.0,-9.17,0.72,-4.58,-35.91,15.91,-33.54
0.0,-9.15,0.74,-4.53,-35.06,16.46,-28.35
0.0,-9.01,0.73,-4.65,-31.28,15.12,-16.34
0.0,-8.95,0.69,-4.5,-30.0,4.7,-14.63
0.0,-9.01,0.75,-4.59,-26.65,3.66,-18.66
0.0,-9.16,0.61,-4.67,-33.23,12.32,-27.5
0.0,-9.11,0.67,-4.72,-56.46,26.83,-28.48
0.0,-8.86,0.8,-4.52,-63.84,36.77,-12.38
0.0,-8.83,0.95,-4.52,-40.43,27.99,-6.52
0.0,-8.97,0.94,-4.53,-18.23,13.54,-6.77
0.0,-9.03,0.87,-4.67,10.0,17.07,-11.46
0.0,-9.06,0.71,-4.64,13.6,12.07,-2.68
0.0,-8.95,0.71,-4.73,8.11,8.6,9.88
0.0,-8.95,0.69,-4.74,1.22,5.37,12.5
0.0,-9.03,0.83,-4.62,-7.44,7.93,13.84
0.0,-8.91,0.84,-4.62,1.52,7.13,8.23
0.0,-9.06,0.85,-4.75,-0.61,9.57,10.98
0.0,-9.01,0.76,-4.73,1.89,23.05,15.24
0.0,-8.79,0.79,-4.66,-3.48,23.11,16.52
0.0,-8.8,0.82,-4.68,-5.85,14.88,11.52
0.0,-8.77,0.81,-4.66,-0.73,5.0,1.95
3.0,-8.74,0.71,-4.69,-2.99,-5.98,-6.77
3.0,-8.93,0.77,-4.59,1.89,-15.43,-12.32
3.0,-8.95,0.79,-4.66,3.29,-10.24,-9.76
3.0,-9.08,0.72,-4.7,-3.05,-4.94,-8.72
3.0,-9.16,0.88,-4.65,-8.6,-1.83,-0.49
3.0,-9.0,0.74,-4.72,-4.51,24.45,11.46
3.0,-8.88,0.79,-4.71,-21.52,15.12,12.38
3.0,-9.04,0.87,-4.63,-19.63,8.72,14.94
3.0,-9.08,0.9,-4.75,-9.45,18.84,23.72
3.0,-8.79,1.06,-4.63,0.79,7.38,41.34
3.0,-8.89,1.11,-4.68,18.48,-10.79,55.3
3.0,-8.54,0.96,-4.68,28.05,-33.17,53.23
3.0,-9.04,1.0,-4.72,12.2,-33.72,51.77
3.0,-8.67,0.94,-4.72,18.78,-15.98,28.66
0.0,-8.85,0.88,-4.72,-13.41,-43.6,-3.23
0.0,-8.98,1.01,-4.61,-8.84,-35.18,-27.87
0.0,-8.99,1.04,-4.48,-6.1,-43.48,-29.02
0.0,-9.23,1.21,-4.44,10.37,-30.98,-12.13
0.0,-9.22,0.94,-4.54,12.8,-12.87,-0.67
0.0,-8.93,0.88,-4.44,12.01,-0.06,-15.18
0.0,-9.05,1.02,-4.55,-7.87,-7.38,-26.46
0.0,-9.14,0.88,-4.65,-4.88,22.44,-54.88
0.0,-9.15,0.73,-4.67,-32.01,50.67,-51.59
0.0,-9.21,0.84,-4.64,-49.21,86.34,-11.4
0.0,-8.67,0.88,-4.56,-54.15,84.7,10.12
0.0,-8.58,1.09,-4.6,-39.45,39.63,-5.0
0.0,-8.47,0.79,-4.56,-23.78,39.82,-3.05
0.0,-8.88,0.85,-4.72,-20.98,24.15,-22.56
0.0,-8.76,0.98,-4.74,-13.78,11.28,-34.39
0.0,-9.24,0.9,-4.75,0.3,34.57,-35.61
0.0,-9.1,1.07,-4.81,13.05,27.74,-34.02
0.0,-9.05,0.93,-4.8,39.09,17.8,-10.91
0.0,-8.81,1.04,-4.57,50.73,-79.82,7.32
0.0,-9.08,0.72,-4.71,64.76,-48.05,11.52
0.0,-9.05,0.55,-4.87,27.38,-48.54,4.51
0.0,-9.25,0.62,-4.84,9.33,1.52,0.3
0.0,-9.04,0.55,-4.84,-18.72,11.1,-2.07
0.0,-8.86,0.71,-4.71,-32.26,12.2,-8.48
0.0,-8.95,0.68,-4.64,-52.87,22.68,-14.63
0.0,-8.74,0.78,-4.64,-59.51,2.8,-27.2
0.0,-8.83,0.8,-4.6,-56.52,-13.84,-37.99
0.0,-9.13,0.8,-4.71,-61.28,-10.43,-40.67
0.0,-9.09,0.92,-4.58,-44.7,-1.77,-25.67
0.0,-9.11,0.88,-4.47,-29.39,1.22,-8.66
0.0,-9.02,0.88,-4.52,-17.93,7.8,-1.16
3.0,-9.04,0.67,-4.62,-21.34,7.5,-1.71
0.0,-9.0,0.81,-4.59,-22.99,0.49,-13.35
3.0,-9.04,0.82,-4.61,-14.51,6.59,-10.49
3.0,-9.02,0.86,-4.54,-13.11,7.44,1.65
3.0,-8.98,0.8,-4.75,-12.8,6.65,11.16
3.0,-8.85,0.8,-4.59,-13.6,2.07,8.66
3.0,-8.77,0.87,-4.53,-12.62,-5.24,5.61
3.0,-8.85,0.91,-4.45,-1.65,-8.9,-2.62
3.0,-8.94,0.78,-4.48,9.76,-9.63,-6.89
3.0,-9.06,0.85,-4.53,16.71,-9.51,-6.1
0.0,-9.18,0.73,-4.53,20.0,-3.11,3.17
3.0,-9.16,0.63,-4.59,-0.37,0.73,14.39
0.0,-9.03,0.82,-4.54,-11.34,3.78,11.22
3.0,-9.06,0.88,-4.53,-19.39,14.09,15.12
0.0,-8.92,0.93,-4.46,-12.2,17.44,11.16
3.0,-9.05,1.0,-4.43,1.46,13.35,5.98
3.0,-9.14,0.99,-4.57,10.91,28.48,11.52
3.0,-9.09,0.91,-4.6,16.83,30.98,22.13
3.0,-8.92,0.95,-4.48,21.16,22.87,36.77
3.0,-8.79,0.88,-4.64,25.85,13.6,36.04
3.0,-8.83,0.86,-4.66,15.55,15.43,17.2
3.0,-8.72,0.78,-4.75,-0.49,7.87,-12.2
3.0,-8.91,0.85,-4.71,-20.0,-3.96,-27.5
3.0,-9.06,0.93,-4.64,-14.33,2.2,-25.61
3.0,-9.04,0.88,-4.69,-12.44,7.2,-18.35
3.0,-9.0,0.92,-4.67,-14.02,11.89,-14.21
3.0,-9.01,0.81,-4.73,-17.26,16.16,-14.27
3.0,-8.95,0.83,-4.6,-22.93,13.84,-21.52
3.0,-8.89,0.89,-4.71,-22.2,7.38,-25.55
3.0,-9.09,0.99,-4.63,-9.82,-1.46,-17.2
3.0,-9.09,0.9,-4.67,-0.3,2.56,-6.52
3.0,-9.08,0.9,-4.8,-1.71,10.0,6.65
3.0,-8.86,0.9,-4.67,5.91,4.76,12.01
3.0,-8.79,0.88,-4.59,5.3,-5.3,1.77
3.0,-8.92,0.84,-4.58,2.68,-4.76,-11.95
3.0,-8.93,0.75,-4.57,1.22,9.45,-23.35
3.0,-9.0,0.8,-4.67,-2.5,5.0,-28.6
3.0,-9.11,0.86,-4.59,-0.73,2.99,-18.72
3.0,-9.09,0.8,-4.71,-1.16,3.84,1.22
3.0,-9.04,0.84,-4.62,-2.56,3.11,13.96
3.0,-8.97,0.82,-4.67,0.43,11.04,20.67
3.0,-8.9,0.85,-4.69,-2.62,9.94,10.06
3.0,-8.94,0.81,-4.75,-3.84,4.63,-2.26
3.0,-9.07,0.88,-4.76,-5.73,8.29,-1.04
3.0,-9.02,0.82,-4.71,-8.41,17.74,1.52
3.0,-8.84,0.86,-4.8,-11.28,21.95,2.68
3.0,-8.78,0.84,-4.66,-10.61,19.82,2.38
3.0,-8.75,0.86,-4.76,-10.98,10.37,-1.34
3.0,-8.86,0.87,-4.76,-9.39,0.61,-7.26
3.0,-8.94,0.87,-4.63,-7.62,-5.55,-7.56
3.0,-8.93,0.86,-4.69,-0.43,-7.13,-9.63
3.0,-9.06,0.82,-4.61,1.95,-8.9,-8.96
3.0,-9.07,0.83,-4.73,5.18,-3.78,-3.23
3.0,-9.04,0.84,-4.67,0.61,0.37,1.59
3.0,-8.99,0.93,-4.53,2.38,2.8,2.93
3.0,-9.08,0.87,-4.57,3.96,11.28,5.12
3.0,-8.95,0.94,-4.66,4.21,14.88,5.98
3.0,-8.93,0.88,-4.81,6.34,15.18,4.27
3.0,-8.99,0.88,-4.86,5.61,25.0,7.38
3.0,-8.81,1.02,-4.74,5.55,28.66,9.45
3.0,-8.7,0.87,-4.76,12.5,18.23,1.1
3.0,-8.64,0.81,-4.81,5.67,-5.3,-6.89
3.0,-8.94,0.79,-4.8,7.56,-3.54,-13.23
3.0,-8.78,0.7,-4.83,3.41,-4.33,-24.27
3.0,-8.95,0.94,-4.68,7.44,-5.61,-18.72
3.0,-9.28,0.81,-4.76,16.77,0.37,-9.76
3.0,-9.21,0.8,-4.76,11.52,17.56,11.59
3.0,-9.12,0.89,-4.64,17.99,-11.34,11.65
3.0,-8.87,0.63,-4.94,-1.04,26.52,13.66
3.0,-8.81,0.82,-4.68,-12.87,22.8,5.0
3.0,-8.64,0.92,-4.7,2.26,-6.34,2.38
3.0,-8.87,0.92,-4.68,12.38,-35.43,7.07
3.0,-9.11,0.88,-4.76,13.48,-35.49,14.39
3.0,-9.27,0.74,-4.75,13.41,0.12,5.67
3.0,-8.91,0.75,-4.67,-9.63,23.29,-7.56
3.0,-8.8,0.82,-4.68,-12.44,31.89,-11.65
3.0,-8.67,0.82,-4.69,-9.02,13.6,-6.22
9.0,-8.73,1.14,-4.5,17.32,-45.91,-4.57
9.0,-9.23,0.78,-4.77,44.33,-21.77,-3.11
2.0,-9.22,0.65,-4.9,20.06,-2.56,0.18
3.0,-9.22,0.54,-4.91,-12.99,24.39,9.76
3.0,-8.91,0.71,-4.78,-49.88,33.35,14.51
9.0,-8.75,1.11,-4.44,-31.4,14.02,-1.77
9.0,-9.01,1.03,-4.62,3.72,-4.7,-0.67
9.0,-9.0,1.06,-4.59,22.62,-2.38,-3.11
9.0,-8.86,0.8,-4.63,23.84,0.43,-1.46
9.0,-8.68,0.79,-4.73,13.05,-24.02,-0.43
9.0,-8.91,0.66,-4.89,-8.6,-9.57,-16.16
9.0,-8.81,0.93,-4.56,-18.84,-9.27,-4.02
9.0,-8.89,0.91,-4.68,9.45,-19.15,-12.68
9.0,-8.89,0.71,-4.62,4.51,-23.84,-9.45
9.0,-9.14,0.76,-4.74,-6.65,-26.65,-9.45
3.0,-9.11,0.69,-4.52,-11.34,12.62,18.84
3.0,-8.79,0.94,-4.57,-9.45,8.66,16.71
3.0,-9.12,0.98,-4.71,-5.06,25.98,-2.13
9.0,-8.98,0.96,-4.6,-1.34,43.84,-2.99
9.0,-8.83,0.9,-4.46,8.23,26.4,-14.63
9.0,-8.83,0.7,-4.73,2.44,3.48,-9.39
9.0,-9.0,0.96,-4.7,2.87,-5.79,-6.28
9.0,-8.95,0.78,-4.84,10.3,-5.3,-8.72
9.0,-9.02,0.69,-4.7,-12.26,4.15,-6.89
9.0,-8.95,0.71,-4.63,-23.54,14.27,-17.32
9.0,-8.76,0.9,-4.61,-20.24,3.23,-18.48
9.0,-8.9,0.82,-4.64,-1.16,-12.44,-26.34
3.0,-9.15,0.73,-4.72,-1.16,-10.91,-21.52
3.0,-9.04,0.71,-4.66,2.2,-0.91,-11.89
3.0,-8.92,0.67,-4.71,-1.71,-0.98,-3.05
3.0,-9.1,0.76,-4.7,0.67,5.61,4.7
3.0,-9.07,0.62,-4.71,-7.2,15.73,6.22
3.0,-9.29,0.65,-4.68,-21.22,43.05,2.32
3.0,-9.04,0.9,-4.59,-18.72,1.77,-4.82
3.0,-8.89,0.68,-4.53,-8.9,8.72,2.62
3.0,-8.96,0.76,-4.69,-9.45,11.4,3.48
3.0,-9.02,0.78,-4.84,-12.99,22.13,4.88
3.0,-8.72,0.94,-4.7,-12.44,17.62,3.54
3.0,-8.81,0.8,-4.76,2.5,15.24,-0.37
3.0,-8.86,0.76,-4.67,3.41,2.44,-5.12
3.0,-8.99,0.79,-4.72,6.4,-8.78,-10.0
3.0,-9.01,0.72,-4.8,2.32,-1.83,-5.67
3.0,-9.03,0.78,-4.75,-3.54,2.26,3.6
3.0,-9.03,0.69,-4.74,-6.22,0.79,6.28
3.0,-9.04,0.69,-4.77,-20.0,8.72,6.4
3.0,-8.89,0.78,-4.74,-30.24,12.13,8.9
3.0,-8.94,0.93,-4.65,-25.67,14.63,0.79
3.0,-8.94,0.93,-4.78,-16.71,17.74,-6.52
9.0,-8.93,0.91,-4.81,-4.82,18.78,-4.57
6.0,-8.81,0.83,-4.68,-0.98,13.17,1.1
9.0,-8.75,0.85,-4.68,-2.38,6.16,-1.34
9.0,-8.78,0.77,-4.75,3.96,4.39,-6.52
9.0,-8.95,0.81,-4.79,2.38,-4.15,-13.84
3.0,-8.98,0.8,-4.82,7.2,-6.71,-15.24
3.0,-9.07,0.76,-4.78,8.6,-6.16,-3.54
9.0,-8.99,0.79,-4.79,2.32,-4.7,6.04
9.0,-8.99,0.8,-4.75,-0.37,-2.44,8.23
9.0,-9.02,0.81,-4.68,0.98,0.73,8.48
9.0,-8.95,0.87,-4.56,9.57,4.21,10.85
9.0,-8.94,0.77,-4.82,4.02,5.12,6.89
9.0,-9.03,0.84,-4.81,-4.45,15.0,0.3
9.0,-8.77,0.88,-4.8,-15.49,16.59,0.18
9.0,-8.73,0.91,-4.72,-13.66,11.65,-3.72
9.0,-8.8,0.79,-4.8,-6.1,1.52,-11.46
3.0,-8.87,0.79,-4.64,0.49,-6.83,-20.85
3.0,-9.0,0.88,-4.72,6.1,-12.13,-15.24
3.0,-8.99,0.83,-4.76,5.3,-10.55,-0.61
9.0,-9.02,0.78,-4.6,3.9,-4.21,5.43
6.0,-8.98,0.88,-4.69,-1.16,2.38,6.95
9.0,-8.93,0.74,-4.65,-2.87,4.15,-4.33
2.0,-8.96,0.78,-4.65,-6.95,-2.62,-17.13
3.0,-8.94,0.98,-4.55,-2.26,-6.1,-12.8
3.0,-9.13,0.88,-4.64,23.29,5.06,-11.28
3.0,-8.99,0.65,-4.72,27.2,16.71,-9.27
9.0,-9.05,0.62,-4.84,18.17,26.65,-3.35
9.0,-8.77,0.64,-4.78,14.15,30.55,-2.32
9.0,-8.84,0.78,-4.61,15.18,14.45,2.2
9.0,-9.14,0.84,-4.8,31.77,13.78,27.32
9.0,-8.93,0.68,-4.88,38.66,13.41,40.73
9.0,-8.96,0.72,-4.87,20.3,-0.73,36.95
9.0,-9.07,0.73,-4.89,3.78,11.95,19.7
9.0,-8.9,0.74,-4.88,-8.9,23.48,7.99
9.0,-8.85,0.89,-4.75,-16.34,15.06,1.4
3.0,-8.87,0.84,-4.85,-15.06,11.71,-0.73
3.0,-8.92,0.82,-4.84,-25.3,12.07,-0.49
3.0,-8.83,1.0,-4.74,-20.79,17.68,2.56
3.0,-8.69,0.89,-4.84,-9.57,14.76,-0.91
3.0,-8.69,0.83,-4.85,-13.72,3.6,-21.04
3.0,-8.93,0.86,-4.8,-9.21,-5.43,-35.79
3.0,-8.93,0.8,-4.82,0.73,1.22,-35.43
3.0,-9.05,0.81,-4.72,12.74,0.49,-19.82
3.0,-8.93,0.84,-4.68,15.3,-2.26,2.62
3.0,-9.02,0.84,-4.71,20.0,-0.98,10.91
3.0,-8.94,0.66,-4.82,12.5,4.39,15.0
3.0,-9.06,0.75,-4.79,0.85,12.07,8.29
3.0,-8.99,0.77,-4.85,0.43,20.55,6.65
3.0,-8.86,0.9,-4.75,3.35,26.83,14.57
3.0,-8.68,0.74,-4.89,7.13,26.77,12.62
3.0,-8.71,0.83,-4.89,16.95,23.96,9.15
9.0,-8.77,0.62,-5.04,15.24,25.37,8.54
9.0,-8.94,0.76,-4.94,1.89,19.27,-0.79
9.0,-9.08,0.77,-4.88,8.84,17.99,-1.4
9.0,-8.99,0.73,-5.04,-3.72,31.04,10.55
9.0,-8.89,0.77,-4.92,-27.13,24.39,25.61
9.0,-8.87,0.96,-4.99,-30.06,25.43,29.09
3.0,-8.58,0.92,-4.92,-30.67,6.16,22.2
3.0,-8.72,1.02,-4.98,-25.73,0.61,3.35
3.0,-8.81,1.04,-4.92,-22.8,5.91,-4.45
3.0,-8.68,0.97,-5.03,-16.71,8.05,-11.1
9.0,-8.65,0.97,-4.95,-10.12,5.98,-16.22
3.0,-8.7,0.97,-4.94,-6.59,-7.38,-17.8
9.0,-8.68,0.89,-4.98,5.55,-15.18,-28.23
9.0,-8.79,0.84,-4.9,6.16,-16.22,-19.7
3.0,-8.79,0.81,-4.92,5.12,-14.7,-8.96
9.0,-8.86,0.83,-4.87,-7.44,-7.87,-1.34
9.0,-8.87,0.89,-4.84,-18.9,-3.9,-6.22
9.0,-9.01,0.93,-4.91,-23.41,4.88,-18.54
9.0,-9.12,1.0,-4.84,-18.66,23.11,-19.27
9.0,-8.96,1.07,-4.72,-3.72,27.74,1.95
9.0,-8.58,1.02,-4.88,20.85,26.22,5.98
9.0,-8.58,0.78,-4.87,27.62,13.96,-8.96
9.0,-8.75,0.86,-4.99,27.8,17.38,-21.16
9.0,-8.61,0.79,-4.91,31.28,-1.1,-26.4
3.0,-8.94,0.71,-5.01,35.67,-5.37,-25.06
3.0,-8.65,0.48,-4.94,16.04,-38.54,-40.12
3.0,-9.0,0.73,-5.01,1.77,-15.24,-17.32
3.0,-8.79,0.67,-4.79,0.61,-18.41,-16.77
3.0,-9.28,0.5,-5.07,-15.91,14.27,5.98
3.0,-9.2,0.76,-4.99,-18.96,15.49,8.84
3.0,-9.05,0.76,-5.04,-20.06,42.2,12.56
3.0,-8.81,0.77,-4.97,-14.82,37.13,7.56
3.0,-8.62,0.75,-5.02,-16.52,24.15,11.28
3.0,-8.48,0.9,-4.95,-11.22,-1.52,9.39
3.0,-8.53,0.86,-5.03,3.48,-24.21,-2.74
3.0,-8.81,0.92,-4.87,9.7,-33.23,-5.0
3.0,-9.16,0.7,-4.95,23.48,-29.21,-1.4
3.0,-8.98,0.68,-4.86,7.8,-12.13,7.2
3.0,-9.1,0.75,-4.91,-0.61,-3.05,9.45
3.0,-8.95,0.74,-4.95,-19.02,8.35,7.87
3.0,-8.92,0.99,-4.74,-19.7,15.55,5.12
3.0,-8.88,0.89,-4.87,-6.28,6.1,-0.12
3.0,-8.93,0.79,-4.95,-3.6,16.89,-3.84
3.0,-8.85,0.81,-4.95,-8.29,18.72,-12.5
3.0,-8.92,0.8,-5.0,-9.15,22.38,-9.7
3.0,-8.76,0.82,-4.91,-5.79,15.3,-4.45
3.0,-8.71,0.77,-4.98,-1.95,3.78,-7.62
3.0,-8.68,0.83,-4.95,2.2,-3.54,-5.06
3.0,-8.83,0.77,-4.98,5.24,-8.35,-10.91
3.0,-8.84,0.79,-4.93,2.07,-10.61,-3.96
3.0,-8.88,0.77,-4.77,-1.95,-14.88,-0.37
3.0,-8.95,0.78,-4.88,-5.91,-5.49,-2.99
3.0,-8.93,0.77,-4.89,-13.05,7.01,-10.43
3.0,-8.91,0.78,-4.92,-15.18,9.57,-12.87
3.0,-8.97,0.78,-4.9,-17.01,14.76,-11.16
3.0,-8.83,0.78,-4.99,-19.15,11.16,-0.91
3.0,-8.84,0.9,-4.9,-12.01,1.77,8.41
3.0,-8.74,0.79,-4.99,-5.06,9.21,1.71
9.0,-8.57,0.7,-4.88,-10.06,-4.57,-16.89
9.0,-8.86,0.77,-4.83,-12.5,-19.33,-29.15
9.0,-8.87,0.76,-4.86,-10.67,-8.84,-22.68
9.0,-9.04,0.71,-4.88,-0.79,-3.23,-16.22
3.0,-9.17,0.69,-4.93,1.4,17.01,0.49
3.0,-8.75,0.84,-4.74,1.71,6.71,12.87
9.0,-9.18,1.02,-4.86,23.9,-15.67,1.52
9.0,-8.8,0.76,-4.9,27.32,1.89,-4.39
9.0,-8.73,0.71,-4.83,20.43,-1.16,-13.72
9.0,-8.96,0.65,-4.89,8.11,-16.46,-12.38
9.0,-9.24,0.78,-4.74,6.65,-15.3,-8.17
9.0,-9.37,0.65,-4.86,11.34,4.51,-1.16
9.0,-8.77,0.64,-4.96,6.89,18.78,3.66
9.0,-8.93,0.63,-4.78,-0.91,18.72,6.52
9.0,-8.33,0.66,-4.91,-5.3,8.6,-3.23
9.0,-8.74,0.62,-4.77,-5.12,-10.91,-15.24
9.0,-8.94,0.6,-4.84,1.34,-19.94,-10.98
9.0,-9.05,0.65,-4.89,0.79,-23.84,-7.99
9.0,-9.02,0.65,-4.77,-13.6,-4.76,5.79
9.0,-9.08,0.73,-4.82,-14.09,1.28,4.09
9.0,-8.93,0.75,-4.74,-22.8,13.48,18.72
9.0,-8.97,0.89,-4.77,-20.18,17.99,10.43
9.0,-8.84,0.88,-4.72,-16.46,12.13,4.63
9.0,-8.69,0.83,-4.65,-4.51,6.77,0.0
9.0,-8.88,0.69,-4.88,1.34,-5.37,-18.6
9.0,-9.04,0.75,-4.87,7.56,2.07,-10.85
9.0,-8.98,0.69,-4.85,4.94,9.02,3.72
9.0,-8.89,0.65,-4.87,6.46,29.88,10.61
9.0,-8.73,0.74,-4.72,-10.3,5.18,8.72
9.0,-8.87,0.78,-4.85,-1.28,4.33,-0.55
9.0,-8.69,0.62,-4.83,-10.24,7.74,-12.68
9.0,-8.89,0.82,-4.72,-10.85,-1.16,-21.52
9.0,-9.14,0.75,-4.82,-1.4,7.74,-8.05
9.0,-9.04,0.8,-4.86,-1.71,19.02,10.43
9.0,-8.87,0.72,-4.9,-2.74,19.15,20.0
9.0,-8.87,0.78,-4.86,-9.82,11.59,20.73
9.0,-8.78,0.9,-4.92,-10.67,10.43,7.26
9.0,-8.86,0.83,-4.89,-12.26,15.3,-3.29
9.0,-8.78,0.76,-4.85,-4.33,15.79,-16.95
9.0,-8.95,0.76,-5.0,-7.01,11.4,-20.0
9.0,-8.98,0.78,-4.93,-5.06,13.66,-3.11
9.0,-8.88,0.86,-4.97,-4.45,14.57,9.88
9.0,-8.66,0.8,-4.9,-0.37,9.02,5.73
9.0,-8.61,0.75,-4.88,-0.43,-8.05,-7.2
9.0,-8.75,0.76,-4.9,1.77,-15.3,-25.55
9.0,-9.01,0.79,-4.86,11.04,-4.21,-35.3
9.0,-9.07,0.67,-4.96,9.57,18.66,-30.67
9.0,-8.94,0.65,-4.92,-0.43,8.11,-11.59
9.0,-9.05,0.67,-4.96,0.12,4.21,8.72
9.0,-8.88,0.72,-4.88,-1.34,2.5,18.54
9.0,-8.91,0.75,-4.91,2.13,9.15,13.23
9.0,-8.79,0.75,-4.85,3.17,10.67,6.59
9.0,-8.81,0.68,-4.87,0.37,6.77,-2.56
9.0,-8.88,0.71,-4.86,-1.46,6.28,-7.5
9.0,-8.98,0.71,-4.89,-1.46,12.8,-2.07
9.0,-8.93,0.69,-5.0,-4.7,18.78,5.18
9.0,-8.74,0.72,-4.93,-4.33,17.68,8.54
9.0,-8.65,0.72,-4.91,-7.38,10.0,7.93
9.0,-8.81,0.82,-5.05,-9.39,6.65,1.89
9.0,-8.73,0.75,-5.01,-8.72,7.13,-1.71
9.0,-8.76,0.79,-4.9,-0.18,-3.23,-5.73
9.0,-8.89,0.76,-5.01,5.24,-9.63,0.12
9.0,-8.94,0.7,-4.92,0.18,-4.57,11.1
9.0,-8.9,0.79,-5.04,-5.18,3.48,16.95
9.0,-8.86,0.86,-4.93,-7.93,4.7,15.61
9.0,-8.86,0.82,-4.97,-13.6,0.37,13.48
9.0,-8.85,0.92,-4.82,-0.49,3.17,5.79
9.0,-8.74,0.89,-4.86,5.91,-3.78,0.73
9.0,-8.86,0.87,-4.99,14.76,4.63,-5.55
9.0,-8.81,0.92,-5.0,16.83,2.93,1.59
9.0,-9.03,0.96,-4.97,23.96,10.37,7.01
9.0,-8.69,0.96,-4.76,32.93,17.8,10.49
5.0,-8.6,0.6,-4.76,42.26,-2.87,-9.45
9.0,-8.57,0.52,-4.97,12.93,-22.13,-5.12
9.0,-8.62,0.43,-5.04,-11.89,-25.18,-9.27
9.0,-8.89,0.58,-5.07,-36.4,-30.98,-18.9
9.0,-9.3,0.82,-5.0,-44.76,4.94,-0.73
9.0,-8.97,0.89,-4.9,-24.88,14.88,12.07
9.0,-9.09,0.81,-4.95,-9.33,44.09,18.66
9.0,-8.18,1.1,-4.62,-5.49,9.27,28.66
9.0,-8.73,0.88,-4.92,24.76,3.23,13.48
9.0,-8.56,0.8,-4.91,16.04,-11.28,1.34
9.0,-9.03,0.7,-5.0,8.96,7.07,-2.68
9.0,-8.94,0.7,-4.97,-11.22,29.51,-2.2
9.0,-8.81,0.81,-4.92,-21.77,16.1,-6.04
9.0,-8.69,0.95,-4.98,-17.5,1.59,2.62
9.0,-8.77,0.87,-4.96,-8.72,-1.59,0.12
9.0,-8.79,0.75,-5.06,-15.12,14.57,5.0
9.0,-8.37,0.87,-4.7,-23.05,-21.77,-11.95
9.0,-8.87,1.0,-4.8,-4.33,2.32,-10.18
9.0,-8.95,0.93,-4.87,6.95,-3.23,-15.49
9.0,-8.93,0.85,-5.0,10.12,-9.82,-9.09
9.0,-8.86,0.81,-4.97,-4.88,7.01,9.33
9.0,-8.8,0.96,-4.87,-9.15,7.2,10.85
9.0,-8.86,0.84,-4.89,-13.29,12.07,3.96
9.0,-8.68,0.91,-4.86,-12.8,6.4,-8.48
9.0,-9.07,0.88,-4.91,-5.24,12.93,-17.44
9.0,-8.94,0.84,-4.93,0.91,15.43,-12.93
3.0,-9.05,0.78,-4.99,-2.26,18.23,3.29
3.0,-8.8,0.82,-5.06,-4.33,22.26,7.07
3.0,-8.74,0.87,-4.9,-5.55,23.72,11.77
3.0,-8.62,0.89,-4.87,3.11,6.4,2.56
3.0,-8.72,0.76,-5.01,0.43,-10.0,-10.73
3.0,-8.85,0.86,-5.06,-8.6,-10.0,-13.72
3.0,-8.91,0.96,-4.88,1.77,-6.59,-5.55
3.0,-8.88,0.86,-4.97,12.26,-5.91,6.22
3.0,-8.85,0.76,-4.97,4.45,-4.76,9.02
3.0,-8.89,0.74,-4.86,-9.7,-6.04,9.7
3.0,-8.94,0.82,-5.0,-18.6,2.44,2.26
3.0,-8.29,1.03,-4.6,-21.83,7.32,16.4
3.0,-8.95,0.96,-4.8,-2.38,0.3,2.01
3.0,-8.95,0.86,-4.97,-7.13,10.3,-5.91
3.0,-8.92,0.85,-4.98,-18.78,26.65,-15.3
3.0,-8.93,0.99,-5.05,-17.01,30.18,-7.87
3.0,-8.69,0.93,-4.94,-12.87,31.65,3.05
3.0,-8.47,1.01,-4.93,-1.28,16.28,3.96
3.0,-8.68,0.84,-5.05,-1.22,1.16,-7.13
3.0,-8.76,0.87,-4.9,-4.33,-0.12,-13.29
3.0,-8.84,0.83,-5.0,-4.76,-2.56,-8.9
3.0,-8.91,0.91,-4.95,-7.26,-3.41,-4.21
3.0,-8.81,0.9,-4.94,-7.38,0.0,0.91
3.0,-8.83,0.84,-5.0,-18.35,5.67,3.54
3.0,-8.81,0.96,-4.95,-16.34,6.16,2.38
3.0,-8.77,1.07,-4.92,-6.89,4.21,-0.61
3.0,-8.75,1.06,-4.82,4.02,-1.46,-4.63
3.0,-8.8,0.97,-4.9,16.22,-1.46,-12.99
3.0,-8.87,0.82,-5.0,15.98,2.32,-9.7
3.0,-8.95,0.78,-4.97,10.98,10.18,-6.34
3.0,-8.82,0.77,-4.93,0.43,11.89,1.34
3.0,-8.67,0.86,-5.0,-2.5,9.88,0.85
3.0,-8.71,0.83,-5.02,-4.39,7.13,-6.52
3.0,-8.71,0.83,-5.03,-7.62,0.49,-11.59
3.0,-8.85,0.87,-5.03,-8.35,-0.12,-16.28
3.0,-8.8,0.88,-4.84,-4.27,0.18,-4.7
3.0,-8.91,0.86,-4.93,1.59,-4.57,4.09
3.0,-8.95,0.92,-4.96,4.02,0.24,10.06
3.0,-8.83,0.87,-5.0,0.91,2.26,11.16
3.0,-8.88,0.89,-4.99,-6.34,3.23,6.52
3.0,-8.83,0.9,-4.93,-10.73,4.88,-0.37
3.0,-8.87,0.98,-4.87,-14.15,3.72,-3.11
3.0,-8.85,0.97,-5.0,-0.73,11.22,-9.21
3.0,-8.82,0.97,-4.97,2.2,14.76,-4.45
3.0,-8.92,0.91,-5.03,6.16,15.12,-0.98
3.0,-8.81,0.84,-5.02,2.5,19.02,11.04
3.0,-8.72,0.86,-5.0,0.85,16.16,8.72
3.0,-8.64,0.87,-5.07,-2.99,5.73,-1.77
3.0,-8.69,0.8,-5.0,-12.5,-10.49,-13.05
3.0,-8.92,0.86,-5.07,-19.21,-12.99,-13.96
3.0,-8.92,0.96,-4.95,-16.04,-4.27,-10.43
3.0,-8.88,0.83,-4.95,-12.93,2.93,-7.38
3.0,-8.8,0.95,-4.95,-9.76,5.98,-3.29
3.0,-8.85,0.91,-4.95,-6.95,-1.28,-0.85
3.0,-8.87,0.95,-4.95,-5.37,-0.67,1.28
9.0,-8.9,0.93,-5.0,0.3,2.2,0.73
9.0,-8.82,0.94,-4.97,2.5,3.41,1.1
9.0,-8.81,0.94,-4.95,5.85,10.55,2.93
9.0,-8.87,0.96,-4.98,3.96,14.45,-1.46
9.0,-8.86,0.88,-5.06,2.99,12.99,-0.37
9.0,-8.87,0.91,-5.05,1.1,13.11,5.67
9.0,-8.69,0.96,-4.97,3.66,12.38,6.65
9.0,-8.67,0.88,-4.96,-0.43,8.23,1.52
9.0,-8.64,0.93,-4.97,-4.33,2.74,-11.46
9.0,-8.74,0.92,-5.0,-6.1,-3.23,-14.7
9.0,-8.83,0.93,-4.94,-5.06,-11.52,-8.96
9.0,-8.9,0.87,-4.97,-1.1,-7.74,0.79
9.0,-8.92,0.85,-4.86,1.22,-3.11,4.27
9.0,-8.85,0.95,-4.91,0.43,-2.56,4.27
9.0,-8.87,0.92,-5.0,-2.8,-1.46,3.66
9.0,-8.86,0.95,-4.87,-4.39,-3.84,4.76
9.0,-8.81,0.94,-4.99,0.12,1.28,-0.18
9.0,-8.76,0.97,-4.85,1.4,6.34,-5.43
9.0,-8.85,0.9,-4.91,3.23,0.98,-6.95
3.0,-8.93,0.94,-4.92,-0.85,2.5,-2.07
3.0,-8.72,0.91,-5.03,-3.6,8.41,7.26
3.0,-8.71,0.92,-4.88,-1.1,4.57,7.01
3.0,-8.69,0.93,-4.92,-1.22,-2.44,1.22
3.0,-8.81,0.92,-4.9,-0.55,-11.46,-5.67
3.0,-8.96,0.89,-5.01,-1.16,-11.28,-6.1
3.0,-9.02,0.95,-4.8,-6.77,-3.29,3.96
3.0,-8.81,0.94,-4.94,-6.59,2.01,7.87
3.0,-8.81,0.98,-4.83,-9.09,5.73,2.74
3.0,-8.81,1.09,-4.77,-3.6,4.51,-2.8
3.0,-8.89,0.97,-4.91,4.82,4.02,-7.62
3.0,-8.93,0.95,-4.94,7.93,8.17,-7.01
3.0,-8.84,0.91,-4.92,7.62,10.67,-0.98
3.0,-8.83,0.92,-4.93,8.11,10.49,3.11
3.0,-8.81,0.91,-4.9,6.4,7.5,-0.06
3.0,-8.86,0.91,-4.94,8.84,8.84,-2.56
3.0,-8.94,0.87,-5.0,4.33,13.05,-2.38
3.0,-8.77,0.85,-5.03,1.04,16.28,-1.46
3.0,-8.72,0.85,-5.03,-0.91,11.46,2.8
3.0,-8.68,0.9,-4.99,-1.4,7.68,-2.2
3.0,-8.81,0.8,-5.11,-4.88,0.67,-11.95
3.0,-8.89,0.9,-4.89,-7.56,-2.68,-7.99
3.0,-8.83,0.9,-4.9,-6.65,2.26,3.05
3.0,-8.83,0.95,-4.93,-7.56,2.26,9.39
3.0,-8.84,0.91,-5.0,-4.39,6.34,1.71
3.0,-8.75,0.92,-4.96,-7.13,8.29,-2.62
3.0,-8.81,0.97,-4.95,-4.15,1.65,-6.1
3.0,-8.83,0.95,-4.92,-0.91,0.24,-1.77
3.0,-8.81,0.92,-4.95,0.24,4.57,-2.5
3.0,-8.8,0.95,-4.94,-0.3,2.93,-9.21
3.0,-8.85,0.87,-4.96,2.44,6.22,-7.56
3.0,-8.92,0.91,-4.93,2.13,7.5,-0.43
3.0,-8.92,0.91,-5.1,4.39,12.93,3.41
3.0,-8.69,0.88,-5.06,-4.02,15.0,3.41
3.0,-8.69,0.92,-5.0,-3.9,7.99,-3.6
3.0,-8.74,0.83,-5.0,-5.98,0.37,-9.21
3.0,-8.79,0.92,-5.01,-9.94,-4.39,-12.13
3.0,-8.85,0.87,-4.92,-5.18,-3.78,-8.29
3.0,-8.9,0.89,-5.0,-3.35,-0.3,-6.28
3.0,-8.84,0.91,-4.96,-0.18,3.54,0.55
3.0,-8.88,0.88,-4.93,-3.78,3.41,1.52
3.0,-8.89,0.93,-4.92,-7.87,3.29,1.77
3.0,-8.84,0.98,-4.86,-4.63,6.46,2.13
3.0,-8.87,1.01,-4.92,-2.99,12.26,-0.67
3.0,-8.81,0.95,-4.93,0.61,12.56,-4.63
3.0,-8.81,0.92,-4.91,6.1,4.15,-6.46
3.0,-8.87,0.83,-5.0,5.12,5.98,-4.15
3.0,-8.88,0.89,-5.02,-0.73,12.32,-1.77
3.0,-8.66,0.82,-5.13,-2.5,8.6,1.59
3.0,-8.71,0.89,-5.0,-4.88,2.13,-0.55
3.0,-8.73,0.84,-5.06,-7.26,-2.2,-8.72
3.0,-8.76,0.86,-4.97,-11.52,-7.62,-6.71
3.0,-8.88,0.95,-4.87,-7.8,-1.59,-1.46
3.0,-8.86,0.94,-4.96,-3.9,3.05,-0.37
3.0,-8.89,0.93,-4.9,-3.05,3.9,0.67
3.0,-8.89,0.94,-4.89,-5.06,6.83,4.39
3.0,-8.87,0.89,-4.92,-7.07,4.76,9.88
3.0,-8.87,0.93,-4.87,-6.83,3.41,10.67
3.0,-8.85,0.96,-4.96,-9.33,6.22,4.02
3.0,-8.76,0.94,-4.98,-8.6,7.93,0.18
3.0,-8.79,0.96,-4.94,-7.01,4.21,-6.28
3.0,-8.89,0.95,-4.99,-0.24,5.85,-6.52
3.0,-8.82,0.95,-4.98,4.82,4.39,-1.4
3.0,-8.76,0.97,-4.99,4.57,7.8,1.1
3.0,-8.63,0.88,-4.94,4.27,3.23,-4.76
3.0,-8.71,0.87,-4.94,0.24,-5.3,-9.51
3.0,-8.84,0.85,-5.02,-8.48,-8.11,-12.99
3.0,-8.79,0.91,-4.87,-11.95,-4.45,-10.0
3.0,-8.93,0.9,-4.99,-9.51,-2.8,-7.62
3.0,-8.85,0.9,-4.89,-8.48,-1.4,-1.4
3.0,-8.9,0.96,-4.87,-7.5,-3.66,1.52
3.0,-8.88,0.95,-4.9,-5.67,-1.59,3.9
3.0,-8.93,0.96,-4.94,-6.16,4.82,6.59
3.0,-8.82,0.97,-4.9,-2.87,9.15,3.35
3.0,-8.79,0.88,-4.89,-2.99,13.05,-0.91
3.0,-8.85,0.88,-4.94,3.54,7.07,-1.95
3.0,-8.96,0.94,-4.95,3.48,14.57,2.26
3.0,-8.88,1.02,-4.93,6.1,20.91,3.23
3.0,-8.72,0.91,-5.03,1.16,14.76,4.21
3.0,-8.67,0.88,-5.0,-2.93,10.43,-0.37
3.0,-8.75,0.9,-5.04,-10.85,4.02,-3.78
3.0,-8.73,0.98,-5.03,-12.93,-2.01,-7.68
3.0,-8.82,0.98,-5.02,-8.23,0.73,-6.04
3.0,-8.77,0.93,-4.95,-4.27,-4.27,-2.26
3.0,-8.88,0.9,-5.02,-4.02,0.3,3.11
3.0,-8.81,0.98,-5.02,-6.77,7.01,9.45
3.0,-8.83,1.03,-4.93,-7.87,6.28,8.78
9.0,-8.81,1.04,-4.92,-5.18,7.38,6.71
9.0,-8.75,0.99,-4.95,-4.39,7.26,-1.71
9.0,-8.85,1.05,-4.96,-3.78,7.99,-8.9
3.0,-8.87,0.97,-5.0,0.55,10.24,-10.61
3.0,-8.81,0.93,-5.03,2.32,10.91,-10.79
9.0,-8.83,0.93,-5.01,1.34,7.07,-10.73
9.0,-8.74,0.95,-5.06,-2.62,12.44,-5.98
9.0,-8.44,0.94,-4.89,-1.77,4.82,-7.87
9.0,-8.81,0.89,-5.09,3.78,-2.13,-11.16
9.0,-8.77,0.94,-4.95,-1.65,-3.84,-12.8
9.0,-8.83,0.89,-4.89,3.35,-3.96,-6.28
9.0,-8.93,0.9,-5.08,1.95,-5.49,1.04
9.0,-8.93,0.9,-4.95,-1.28,-12.38,4.45
9.0,-8.93,0.91,-4.93,-4.02,-2.2,5.0
9.0,-8.87,0.96,-5.03,-8.72,2.5,5.67
9.0,-8.81,1.0,-4.94,-2.38,9.02,1.4
9.0,-8.75,0.87,-4.91,-0.61,8.17,-3.11
9.0,-8.78,0.93,-4.9,-0.24,2.32,-7.13
9.0,-8.85,0.88,-4.9,3.66,3.29,-3.11
9.0,-8.87,0.86,-4.92,1.4,11.28,-3.11
9.0,-8.85,0.92,-5.06,-1.52,7.99,-0.67
9.0,-8.76,0.83,-4.98,-6.04,3.84,5.98
9.0,-8.67,0.9,-4.97,-5.3,2.01,7.44
9.0,-8.68,0.96,-4.96,-3.66,-4.45,-1.95
9.0,-8.77,0.98,-4.97,-5.0,-4.76,-8.35
9.0,-8.91,0.97,-4.88,-11.28,-2.32,-7.62
3.0,-8.87,0.96,-4.94,-5.3,5.49,-2.44
3.0,-8.82,0.95,-4.87,0.12,7.68,1.22
3.0,-8.84,1.02,-5.01,2.99,6.1,-0.24
3.0,-8.88,0.92,-4.99,3.66,2.07,-1.34
3.0,-8.87,0.94,-4.91,-0.37,4.15,0.67
3.0,-8.82,1.01,-4.94,0.12,5.98,-0.12
3.0,-8.81,0.95,-4.95,-1.59,4.51,-6.4
3.0,-8.81,0.94,-4.97,2.5,6.22,-10.06
3.0,-8.88,0.96,-4.93,3.72,6.52,-8.11
3.0,-8.82,0.91,-4.98,1.77,10.37,-2.32
3.0,-8.76,0.91,-4.93,1.04,9.88,-1.1
3.0,-8.71,0.93,-4.86,-1.28,6.89,-5.85
3.0,-8.72,0.91,-4.96,-1.1,1.22,-10.12
3.0,-8.82,0.86,-4.86,-4.27,-1.83,-6.46
3.0,-8.83,0.92,-4.96,-2.38,-1.95,-0.18
3.0,-8.88,0.91,-4.96,-0.91,0.49,1.46
3.0,-8.86,0.94,-4.93,-0.12,3.05,0.37
3.0,-8.85,0.93,-4.89,-1.95,6.89,-1.95
3.0,-8.81,0.91,-4.9,-2.56,6.59,0.67
3.0,-8.82,0.95,-5.0,-0.55,4.76,2.26
3.0,-8.8,0.97,-5.01,-1.22,6.77,1.52
3.0,-8.78,0.93,-4.99,2.8,12.62,-3.17
3.0,-8.89,0.92,-4.96,3.72,12.38,-0.79
3.0,-8.82,0.85,-5.13,2.62,16.04,-0.61
3.0,-8.72,0.88,-5.06,-1.4,10.49,1.46
3.0,-8.63,0.89,-5.05,-2.44,3.35,-0.73
3.0,-8.75,0.88,-4.97,-3.72,1.1,-5.85
3.0,-8.81,0.9,-4.95,-4.57,0.3,-10.61
3.0,-8.83,0.84,-4.88,-6.95,-3.78,-6.34
3.0,-8.85,0.95,-4.97,-1.95,1.28,1.28
3.0,-8.84,0.89,-4.93,-4.51,2.01,7.87
3.0,-8.87,1.03,-5.04,-0.79,5.06,4.02
3.0,-8.83,0.96,-4.94,-5.79,7.32,3.72
3.0,-8.82,0.99,-4.98,-6.52,2.5,1.77
3.0,-8.88,1.03,-4.92,-3.17,4.45,-0.18
3.0,-8.82,0.97,-4.92,0.06,9.09,-1.65
3.0,-8.83,0.95,-5.02,4.94,7.8,-1.28
3.0,-8.86,0.95,-4.91,1.71,8.17,0.55
3.0,-8.85,0.98,-5.09,-2.07,15.43,1.34
3.0,-8.7,0.96,-4.89,-1.34,11.77,1.83
3.0,-8.67,0.92,-5.08,0.98,4.88,-1.1
3.0,-8.64,0.88,-5.0,1.28,-0.43,-11.28
3.0,-8.81,0.93,-4.99,-4.76,-6.52,-12.87
3.0,-8.89,0.88,-4.93,-7.44,-5.24,-8.96
3.0,-8.84,0.89,-4.93,-8.35,-1.16,-3.96
3.0,-8.83,0.99,-4.95,-6.28,0.37,-2.44
3.0,-8.83,0.98,-4.91,-3.54,1.77,-3.29
3.0,-8.87,0.96,-5.05,-2.56,2.44,-3.9
3.0,-8.89,0.93,-5.05,-3.96,4.7,-0.85
3.0,-8.8,0.96,-4.97,0.18,7.87,-0.3
3.0,-8.76,0.87,-5.01,-1.4,6.95,-4.63
3.0,-8.81,0.85,-4.96,-2.2,6.28,-7.5
3.0,-8.87,0.91,-4.99,-5.3,7.8,-2.68
3.0,-8.87,0.97,-5.0,-3.72,8.17,0.43
3.0,-8.81,0.85,-4.99,-1.77,9.57,1.46
3.0,-8.75,0.94,-5.02,-4.7,7.26,2.01
3.0,-8.75,0.94,-5.04,-4.88,5.18,-1.83
3.0,-8.72,0.88,-4.99,-2.2,-1.77,-8.23
3.0,-8.92,0.81,-5.0,-4.57,-6.71,-6.34
3.0,-8.87,0.92,-5.02,-0.98,2.2,0.43
9.0,-8.91,0.92,-4.99,-0.73,3.6,6.77
6.0,-8.83,0.99,-5.06,-4.33,1.89,7.8
9.0,-8.8,1.0,-4.96,-2.87,3.29,4.57
9.0,-8.83,0.95,-4.99,-5.3,3.6,2.01
9.0,-8.8,0.99,-4.96,-2.99,7.5,-1.46
3.0,-8.78,0.98,-4.99,-0.79,10.24,-2.99
3.0,-8.83,0.92,-5.01,-1.1,8.6,-3.17
3.0,-8.7,0.95,-5.02,-3.48,10.0,-2.13
3.0,-8.7,0.9,-4.99,-2.93,10.37,0.91
3.0,-8.64,0.93,-4.98,-3.66,4.76,-1.77
3.0,-8.72,0.94,-4.99,-2.8,-1.46,-7.68
3.0,-8.88,0.93,-4.99,-7.26,-4.63,-4.09
3.0,-8.93,0.96,-5.01,-2.68,2.01,5.3
3.0,-8.92,0.96,-4.89,-2.68,2.93,14.09
3.0,-8.78,0.96,-4.97,-7.93,4.15,10.37
3.0,-8.73,0.94,-4.99,-17.99,6.52,-3.54
3.0,-8.81,1.15,-4.91,-12.5,6.4,-11.77
3.0,-8.86,1.05,-4.95,0.3,8.17,-9.27
3.0,-8.89,0.96,-4.96,5.91,9.27,-3.78
3.0,-8.83,0.93,-4.97,4.57,13.11,0.67
3.0,-8.74,0.87,-5.11,-2.2,16.59,1.59
3.0,-8.66,0.94,-5.04,-2.32,10.24,-3.17
3.0,-8.76,0.94,-5.01,-0.37,2.13,-6.46
9.0,-8.81,0.93,-5.03,-4.82,0.43,-6.16
9.0,-8.75,1.07,-5.0,-2.01,-0.12,-2.8
9.0,-8.77,1.01,-4.98,5.61,-11.4,-5.85
3.0,-8.86,0.84,-5.07,4.7,-6.16,-10.85
9.0,-8.98,0.77,-5.03,-7.99,5.67,-12.93
9.0,-9.0,0.95,-5.0,-14.33,23.48,-6.59
9.0,-8.7,1.01,-4.89,-4.21,-9.88,-9.63
9.0,-8.96,0.97,-4.98,4.33,8.35,3.84
9.0,-8.67,0.97,-4.88,10.0,12.32,8.96
9.0,-8.81,0.96,-5.01,12.32,3.48,2.44
9.0,-8.75,0.98,-5.06,-3.29,31.16,10.98
9.0,-8.68,1.02,-4.98,-6.1,30.24,2.5
9.0,-8.37,0.97,-5.03,-2.8,24.51,7.32
9.0,-8.77,0.94,-5.23,2.07,-4.88,-5.85
9.0,-8.73,0.77,-5.13,-13.96,10.91,-2.5
9.0,-8.78,1.04,-5.04,-18.11,12.62,5.98
9.0,-8.68,1.03,-4.99,-7.38,-5.67,-1.52
9.0,-8.78,1.1,-5.04,0.43,4.39,11.16
9.0,-8.85,0.97,-5.09,2.38,9.15,0.18
9.0,-8.72,1.18,-5.0,9.88,-29.82,1.59
3.0,-8.79,0.93,-5.1,12.93,5.67,3.54
3.0,-8.76,0.99,-5.11,-0.12,8.41,-4.94
3.0,-8.57,1.04,-5.07,-0.12,9.51,-6.1
3.0,-8.7,0.98,-5.05,5.24,11.83,-0.12
3.0,-8.63,1.05,-4.99,10.12,-7.01,1.22
3.0,-8.64,0.97,-5.04,14.7,-2.44,6.16
3.0,-8.79,0.88,-5.08,1.1,4.88,11.52
3.0,-8.59,0.91,-5.1,-11.4,1.52,7.01
3.0,-8.63,1.12,-4.97,-15.3,1.46,-1.77
3.0,-8.58,1.01,-4.94,-4.33,-6.77,-7.68
3.0,-8.85,0.98,-5.01,-12.68,-15.37,-7.5
3.0,-8.8,0.99,-5.02,-8.48,-9.27,-8.66
3.0,-8.8,1.11,-4.99,-13.78,-5.24,0.85
3.0,-8.7,1.06,-4.93,-5.79,-0.49,4.76
3.0,-8.69,1.07,-4.89,-1.28,-9.15,-4.76
3.0,-8.79,1.02,-4.96,1.34,1.16,1.16
3.0,-8.82,0.92,-5.04,-1.95,8.54,-5.55
3.0,-8.72,0.96,-5.06,-9.94,9.21,-9.02
3.0,-8.93,1.05,-4.96,-9.82,10.24,-8.11
3.0,-8.81,1.06,-5.05,-5.91,8.05,-0.12
3.0,-8.72,1.01,-4.98,3.35,-2.32,3.17
3.0,-9.0,0.94,-5.08,1.28,-7.07,-7.56
3.0,-8.84,0.99,-4.93,-14.51,34.45,9.02
3.0,-8.3,1.06,-4.78,-8.66,-3.35,0.79
3.0,-9.07,1.05,-5.11,-0.18,-5.37,-1.46
3.0,-8.75,0.91,-5.05,-9.7,3.35,-14.88
3.0,-8.79,1.05,-5.02,-13.11,6.1,-10.18
3.0,-8.9,1.11,-4.99,-3.72,12.5,3.96
3.0,-8.28,1.19,-4.84,5.91,-13.23,8.66
3.0,-8.91,0.98,-5.04,19.33,-0.67,-9.09
3.0,-8.96,0.84,-4.98,-1.04,12.44,-15.12
3.0,-8.73,1.03,-4.96,2.38,2.5,-4.7
3.0,-8.87,0.92,-5.1,1.89,3.11,0.73
3.0,-8.58,0.9,-4.94,-11.16,13.29,-1.04
3.0,-8.73,1.06,-4.97,-11.34,17.93,1.22
3.0,-8.56,1.06,-5.02,-6.65,5.43,2.5
3.0,-8.9,1.0,-5.02,7.68,-7.01,0.43
3.0,-8.68,1.0,-5.01,7.8,-6.95,-3.23
3.0,-8.73,0.99,-5.04,6.04,-18.48,-2.87
3.0,-8.89,1.04,-5.03,-3.29,-6.59,-10.79
3.0,-8.74,1.0,-4.95,2.38,-4.51,-12.2
3.0,-9.06,0.88,-5.11,-6.04,0.73,-6.65
3.0,-8.92,0.88,-4.96,-5.73,16.28,6.77
3.0,-8.62,1.04,-4.98,-8.05,1.1,13.41
3.0,-8.94,1.08,-5.02,-0.73,12.8,8.41
3.0,-8.75,1.07,-5.02,-6.52,15.37,4.33
3.0,-8.84,1.09,-4.95,-5.73,11.34,-0.12
3.0,-8.73,1.14,-5.0,-3.72,8.29,-0.98
3.0,-8.75,1.06,-5.06,3.35,1.04,-2.62
3.0,-8.71,0.93,-5.03,1.71,1.46,-0.85
3.0,-8.71,0.95,-5.0,-1.71,-4.57,-2.32
3.0,-8.8,1.05,-4.96,-3.72,-4.51,-5.24
3.0,-8.79,1.0,-5.07,-4.15,-2.68,-9.33
3.0,-8.88,1.07,-4.96,-2.01,-1.95,-10.85
3.0,-8.96,0.99,-4.95,3.29,5.37,0.61
3.0,-8.88,1.04,-4.98,1.52,7.2,8.54
3.0,-8.78,0.97,-5.04,-4.88,7.01,5.98
3.0,-8.73,1.0,-4.98,-8.54,10.18,-2.87
3.0,-8.8,1.15,-5.03,-6.46,5.24,-6.83
3.0,-8.78,1.07,-5.08,-4.63,2.68,-0.18
3.0,-8.77,1.07,-5.01,1.16,0.06,-2.5
3.0,-8.68,1.06,-4.93,1.52,1.71,-6.77
3.0,-8.76,1.02,-5.0,0.91,2.2,-7.07
3.0,-8.71,0.99,-5.02,3.11,-3.29,-13.96
3.0,-8.87,0.96,-4.94,3.72,-1.04,-14.7
3.0,-8.81,0.97,-4.93,-1.04,-0.37,-8.11
3.0,-8.92,0.95,-4.93,2.38,5.43,-3.29
3.0,-8.82,0.88,-5.07,-1.16,4.27,4.63
3.0,-8.73,0.97,-4.97,-3.29,5.18,5.73
3.0,-8.75,0.95,-5.01,-8.17,7.26,0.12
3.0,-8.82,1.03,-4.92,-6.34,9.02,-8.6
3.0,-8.84,1.02,-5.01,-5.67,7.5,-6.4
3.0,-8.81,1.0,-4.91,-0.85,8.11,-3.23
3.0,-8.81,1.0,-5.02,-2.74,5.49,5.67
3.0,-8.73,1.01,-5.0,-5.06,11.16,2.32
3.0,-8.66,1.04,-5.07,-6.95,7.68,-2.68
3.0,-8.69,0.99,-4.92,-1.4,-2.74,-8.84
9.0,-8.8,0.96,-5.01,-0.61,-5.61,-8.66
7.0,-8.86,1.01,-5.05,-1.77,-0.73,-5.49
9.0,-8.81,0.98,-4.96,-0.79,0.79,-3.23
7.0,-8.79,0.97,-4.89,-0.49,1.1,-2.99
9.0,-8.86,0.98,-4.99,-4.39,-0.43,-2.07
9.0,-8.86,1.05,-4.95,-6.16,0.91,0.37
3.0,-8.75,0.97,-4.98,-4.27,5.37,-3.41
3.0,-8.83,1.01,-4.93,-0.98,4.63,-8.29
3.0,-8.79,1.06,-4.84,3.9,3.66,-7.8
3.0,-8.79,0.93,-4.99,7.2,7.8,-3.05
3.0,-8.75,0.95,-5.07,5.0,10.24,-0.85
3.0,-8.68,0.94,-5.03,1.71,8.23,-3.29
3.0,-8.72,0.89,-4.99,0.79,6.04,-5.24
3.0,-8.75,0.93,-5.04,-1.71,2.87,-6.28
3.0,-8.79,0.9,-4.92,-2.62,-0.06,-5.0
3.0,-8.82,0.92,-4.92,-0.85,-3.17,-1.71
3.0,-8.89,1.01,-5.02,-1.77,-0.67,4.63
3.0,-8.93,1.0,-4.98,-1.04,5.79,6.59
3.0,-8.81,1.0,-5.01,-4.09,8.6,10.06
3.0,-8.83,0.99,-4.98,-4.21,12.5,7.68
3.0,-8.7,1.04,-4.97,-3.48,6.77,0.61
9.0,-8.82,1.02,-4.91,2.99,7.62,-4.33
9.0,-8.81,0.96,-4.98,2.56,11.16,-4.57
3.0,-8.81,0.96,-5.07,2.68,12.87,-4.94
9.0,-8.77,0.91,-4.99,1.4,10.79,-1.89
9.0,-8.68,0.96,-5.03,-0.24,6.71,-2.32
9.0,-8.74,0.97,-4.97,-3.41,6.16,-0.98
3.0,-8.82,0.99,-5.05,-6.16,7.56,-0.55
3.0,-8.7,0.94,-5.07,-9.33,2.5,-0.55
3.0,-8.76,1.02,-4.98,-8.05,0.18,1.89
3.0,-8.86,1.01,-4.95,-5.37,3.54,3.72
3.0,-8.82,1.01,-5.02,-3.84,7.01,4.94
3.0,-8.76,1.02,-5.01,-4.45,10.3,5.55
3.0,-8.76,1.05,-5.01,-4.57,10.73,7.2
3.0,-8.71,1.06,-5.01,-0.37,9.27,4.21
3.0,-8.75,1.0,-5.01,0.37,5.85,-5.12
3.0,-8.84,1.09,-5.08,-1.83,6.77,-8.9
3.0,-8.76,1.1,-5.03,-0.73,6.16,-7.07
3.0,-8.77,1.01,-4.99,-1.89,2.68,-5.55
3.0,-8.7,1.06,-5.03,-1.04,2.44,-8.23
3.0,-8.75,0.97,-4.92,1.1,-0.18,-11.77
3.0,-8.82,0.87,-5.03,-2.44,1.34,-10.18
3.0,-8.8,0.96,-4.96,-5.37,3.35,-8.96
3.0,-8.85,1.05,-4.99,-1.95,3.35,-2.62
3.0,-8.85,1.01,-4.99,0.98,5.18,1.04
3.0,-8.82,0.97,-5.01,-1.4,6.46,-3.54
3.0,-8.75,0.94,-4.96,-6.16,3.66,-2.2
3.0,-8.79,0.97,-4.99,-3.41,2.93,-1.46
3.0,-8.82,1.03,-5.06,1.71,7.68,-5.73
3.0,-8.82,0.94,-5.03,5.18,6.28,-7.2
3.0,-8.83,0.94,-5.12,2.87,5.79,-2.5
3.0,-8.71,0.9,-5.1,0.18,7.99,1.16
3.0,-8.8,1.01,-5.12,-2.01,9.7,1.71
3.0,-8.82,0.97,-5.09,-3.48,11.1,-1.04
3.0,-8.68,0.89,-5.07,-4.88,2.68,-4.63
3.0,-8.75,0.95,-5.02,-7.8,-2.32,-8.23
3.0,-8.81,0.97,-5.01,-4.21,-0.24,-2.5
3.0,-8.85,0.99,-5.02,0.61,1.16,1.22
3.0,-8.85,0.99,-4.98,-0.3,4.02,3.96
3.0,-8.75,0.95,-5.0,-5.91,5.55,5.12
3.0,-8.75,0.97,-4.93,-7.74,6.71,2.26
3.0,-8.75,1.03,-4.98,-7.62,7.87,-2.93
3.0,-8.71,1.08,-4.99,-0.18,7.74,-7.01
3.0,-8.71,1.03,-5.05,2.74,6.83,-6.16
3.0,-8.81,0.98,-5.11,2.93,5.43,-4.88
3.0,-8.79,0.97,-5.11,-0.98,8.84,-4.63
3.0,-8.68,0.95,-5.13,-1.89,8.05,-4.09
3.0,-8.65,0.94,-4.98,-0.43,1.4,-6.46
9.0,-8.72,0.92,-5.07,1.89,-6.77,-7.44
9.0,-8.88,0.92,-5.07,-0.73,-4.94,-6.83
9.0,-8.85,0.95,-4.99,-3.78,1.4,-4.02
9.0,-8.84,1.04,-5.04,-5.55,5.49,6.28
9.0,-8.82,0.98,-5.07,-6.89,10.3,7.99
6.0,-8.75,1.06,-5.01,-7.38,3.84,7.07
8.0,-8.77,1.08,-4.99,-7.93,3.96,-2.26
9.0,-8.75,1.04,-5.04,-3.05,7.8,-6.1
9.0,-8.79,0.99,-4.99,-4.21,4.63,-6.1
6.0,-8.84,0.93,-5.03,-4.94,7.56,-2.87
9.0,-8.67,0.97,-4.99,-7.26,10.55,-2.26
9.0,-8.65,1.06,-5.02,-6.71,5.55,-0.49
9.0,-8.74,0.96,-5.03,-2.07,5.55,-2.74
3.0,-8.75,0.94,-5.07,-5.3,0.18,-6.04
3.0,-8.79,1.0,-5.13,-4.21,-4.39,-5.43
3.0,-8.85,0.95,-5.03,-2.26,-1.4,1.83
3.0,-8.84,0.97,-5.1,-3.6,3.29,2.26
3.0,-8.79,0.95,-4.99,-8.05,2.13,-1.16
3.0,-8.77,1.05,-5.0,-11.65,3.23,-1.04
3.0,-8.76,1.1,-5.01,-5.91,4.57,1.71
3.0,-8.79,1.06,-5.03,0.91,6.22,0.12
3.0,-8.74,0.98,-5.06,3.66,5.18,-3.54
3.0,-8.7,1.0,-5.04,0.49,5.18,-7.87
3.0,-8.8,0.95,-5.03,-0.98,4.51,-3.35
3.0,-8.72,0.98,-5.04,-0.12,2.93,-4.27
3.0,-8.78,0.96,-5.05,0.55,2.26,-7.01
3.0,-8.74,0.96,-4.97,0.98,0.55,-5.67
3.0,-8.82,0.99,-5.08,4.45,-0.79,-4.15
3.0,-8.8,0.93,-5.06,5.61,-2.5,-2.62
3.0,-8.84,0.91,-5.07,2.32,-1.34,-0.24
3.0,-8.88,1.01,-5.04,-3.48,4.82,4.27
3.0,-8.81,1.01,-4.98,-3.29,9.27,9.94
3.0,-8.81,1.03,-5.2,-4.33,12.62,11.52
3.0,-8.72,1.08,-4.98,2.44,12.68,1.04
3.0,-8.65,1.01,-5.12,3.78,3.66,-2.8
3.0,-8.74,1.02,-5.04,2.26,-0.73,-2.38
3.0,-8.78,0.96,-5.05,3.84,6.4,-0.85
3.0,-8.73,1.01,-5.06,4.39,3.48,-1.04
3.0,-8.71,1.04,-4.96,11.22,-5.18,-0.43
3.0,-8.82,0.94,-5.04,9.15,-3.66,1.65
3.0,-8.75,0.93,-5.07,1.46,-2.5,4.57
3.0,-8.88,0.99,-5.07,2.2,2.87,4.57
3.0,-8.79,1.02,-5.06,2.38,3.96,4.27
3.0,-8.81,1.0,-5.09,-0.49,3.05,1.04
3.0,-8.79,0.99,-5.05,-3.23,4.63,0.49
3.0,-8.82,1.04,-5.05,-3.11,8.6,2.26
3.0,-8.77,0.96,-4.97,-0.18,12.32,4.02
3.0,-8.67,0.98,-4.99,-1.28,8.23,1.71
3.0,-8.72,1.02,-5.06,-2.93,0.91,3.17
3.0,-8.72,1.04,-5.05,-1.46,-0.12,2.01
3.0,-8.75,1.06,-5.01,0.49,-2.26,-1.4
3.0,-8.75,1.04,-4.98,0.49,-1.46,-4.09
3.0,-8.77,1.0,-5.08,1.52,-1.89,-6.22
3.0,-8.75,1.0,-4.99,-1.77,0.06,-5.24
3.0,-8.85,1.0,-5.04,0.73,2.93,-2.93
3.0,-8.77,0.96,-5.12,-1.04,4.45,-1.46
3.0,-8.77,1.02,-5.04,-0.98,7.56,1.4
3.0,-8.78,1.0,-4.98,0.24,9.39,2.62
3.0,-8.76,0.99,-5.04,-1.28,7.87,5.73
3.0,-8.71,0.95,-5.11,-2.87,4.39,7.07
3.0,-8.69,1.01,-4.98,-2.32,0.06,5.91
3.0,-8.82,1.07,-5.11,-4.7,0.3,3.05
3.0,-8.79,1.1,-5.02,-3.84,4.51,0.55
3.0,-8.8,1.03,-4.97,-0.18,8.6,-0.91
3.0,-8.74,1.02,-5.11,-1.65,7.44,-2.01
3.0,-8.74,1.01,-5.14,-0.61,6.28,-1.34
3.0,-8.78,1.05,-5.06,-0.67,8.54,-0.73
3.0,-8.84,1.03,-5.09,-2.8,12.01,-0.67
3.0,-8.77,1.08,-5.08,-1.77,7.68,-1.77
3.0,-8.74,1.04,-5.06,-2.32,6.95,1.04
3.0,-8.72,1.11,-5.12,-6.71,5.67,2.38
3.0,-8.72,1.14,-5.07,-3.11,9.02,-0.24
3.0,-8.69,1.06,-5.07,-5.06,6.4,-1.1
3.0,-8.78,1.11,-5.04,-1.1,1.34,-6.16
3.0,-8.82,1.08,-5.05,1.22,2.38,-4.09
3.0,-8.79,1.05,-5.12,0.0,6.59,-1.71
3.0,-8.73,1.06,-4.99,4.21,7.5,1.1
3.0,-8.73,1.01,-5.08,3.54,8.35,3.05
3.0,-8.78,1.07,-5.04,3.17,8.23,-0.73
3.0,-8.72,1.05,-5.06,2.26,7.38,-4.15
3.0,-8.77,1.01,-5.12,-3.29,5.12,-6.83
3.0,-8.74,1.0,-4.99,-4.09,5.24,-7.99
3.0,-8.73,1.05,-5.1,-3.41,1.59,-8.11
3.0,-8.76,1.0,-5.13,-2.74,2.93,-6.95
3.0,-8.76,1.0,-5.05,-3.05,2.87,-5.61
3.0,-8.74,1.02,-5.12,-7.13,6.65,-5.61
3.0,-8.72,1.03,-5.09,-4.45,6.46,-4.94
3.0,-8.71,1.07,-5.12,-3.48,3.17,-2.8
3.0,-8.76,1.01,-5.06,-0.98,2.99,-1.77
3.0,-8.76,1.0,-5.06,-1.16,0.98,-1.95
3.0,-8.77,1.01,-5.11,-0.61,0.43,-3.9
3.0,-8.77,1.0,-5.09,-4.39,8.05,-0.67
3.0,-8.7,1.08,-5.09,-1.1,6.83,-3.48
3.0,-8.74,0.96,-5.12,1.46,4.45,-2.74
3.0,-8.72,1.05,-5.14,-2.07,-3.78,-3.54
3.0,-8.8,0.98,-4.99,-3.72,1.52,-5.85
0.0,-8.74,1.06,-5.14,-4.88,3.48,-5.43
0.0,-8.76,1.0,-5.01,-0.85,1.89,-1.89
0.0,-8.75,0.99,-5.03,1.16,3.48,1.65
0.0,-8.73,0.98,-5.0,-1.46,2.68,-1.16
0.0,-8.71,1.11,-5.07,-0.98,3.23,-1.1
0.0,-8.76,1.03,-5.05,-0.43,9.09,-2.56
0.0,-8.71,1.01,-5.0,-3.66,3.41,-4.88
0.0,-8.74,1.03,-5.11,-2.32,-3.05,-5.0
0.0,-8.83,1.0,-5.07,-0.61,1.22,-1.71
0.0,-8.79,1.02,-5.12,1.95,6.1,0.55
0.0,-8.68,0.98,-5.1,-2.68,3.84,-0.3
0.0,-8.74,1.06,-5.08,-3.48,1.22,-0.67
0.0,-8.71,1.01,-4.94,-2.56,2.74,-2.74
0.0,-8.75,1.03,-5.1,-3.17,2.74,-4.82
0.0,-8.75,1.01,-5.11,0.24,4.27,-6.59
0.0,-8.75,1.02,-5.01,0.85,2.26,-6.89
0.0,-8.77,0.97,-5.08,0.24,4.21,-6.34
0.0,-8.73,0.93,-5.19,-0.24,5.67,-4.57
0.0,-8.81,1.01,-5.16,-1.16,6.16,-2.44
0.0,-8.82,0.99,-5.06,-0.37,6.4,-2.5
0.0,-8.7,1.03,-5.02,0.24,6.59,0.43
0.0,-8.73,1.01,-5.04,-2.38,6.77,1.22
0.0,-8.8,1.02,-5.14,-4.27,5.37,-0.61
0.0,-8.8,0.99,-5.1,-2.07,6.59,-2.2
0.0,-8.66,1.0,-5.06,-1.16,5.18,-3.29
0.0,-8.72,0.99,-5.09,-3.35,1.1,-2.01
0.0,-8.78,0.96,-5.1,-1.22,-0.73,-0.49
0.0,-8.78,1.0,-4.95,-4.27,1.89,-1.65
0.0,-8.81,1.09,-4.99,-4.94,8.17,0.73
0.0,-8.74,1.06,-5.08,-1.59,9.02,0.12
0.0,-8.68,0.99,-5.02,2.5,8.29,2.44
9.0,-8.7,0.98,-5.04,0.12,-0.3,0.98
6.0,-8.7,0.99,-5.07,-0.79,0.73,-3.72
9.0,-8.71,0.97,-5.1,-1.04,5.37,-4.7
9.0,-8.78,1.01,-5.05,2.07,4.57,-2.26
9.0,-8.81,0.97,-5.07,3.11,4.15,1.59
9.0,-8.73,0.96,-5.01,6.71,4.15,1.4
9.0,-8.77,1.0,-5.13,-0.12,4.15,4.88
9.0,-8.79,1.03,-5.1,3.78,9.33,1.34
3.0,-8.67,0.98,-5.15,3.23,8.41,0.91
3.0,-8.71,1.08,-5.14,0.12,5.24,-2.99
3.0,-8.8,0.97,-5.05,-4.57,1.34,-4.27
3.0,-8.79,1.05,-5.07,-5.12,6.04,1.59
3.0,-8.7,1.01,-5.09,-0.3,5.49,3.17
3.0,-8.67,1.02,-5.04,0.3,-1.65,1.59
3.0,-8.66,1.02,-5.0,-1.65,-2.56,-1.52
3.0,-8.77,1.02,-5.15,-5.0,-0.91,-2.2
3.0,-8.77,1.1,-4.88,-4.39,4.15,-5.55
3.0,-8.76,1.07,-5.14,0.0,2.07,-8.96
3.0,-8.75,1.0,-5.08,-0.06,2.13,-6.52
3.0,-8.76,0.94,-5.01,0.61,4.7,-5.12
3.0,-8.77,1.03,-4.99,0.91,3.48,-3.23
3.0,-8.73,0.97,-5.03,1.65,3.23,-2.74
3.0,-8.79,0.96,-5.1,-0.3,2.93,-3.54
0.0,-8.83,0.99,-5.09,0.55,5.0,0.49
0.0,-8.69,1.01,-5.08,-3.9,3.54,0.67
0.0,-8.8,1.02,-5.05,-3.78,4.39,3.05
0.0,-8.69,1.01,-5.1,-1.77,2.38,2.5
0.0,-8.69,0.94,-5.04,0.79,1.04,-0.67
0.0,-8.72,0.99,-5.06,-0.67,-0.61,-0.06
0.0,-8.85,1.03,-5.12,-2.68,1.46,1.46
9.0,-8.84,1.07,-5.09,-6.59,1.52,3.72
6.0,-8.82,1.06,-5.05,-5.91,7.99,3.6
9.0,-8.78,1.04,-5.11,-5.24,11.28,5.67
9.0,-8.72,1.01,-5.03,-3.78,11.16,2.01
9.0,-8.67,0.96,-4.99,-6.34,2.38,-0.06
9.0,-8.75,1.05,-5.0,-5.06,3.6,2.32
9.0,-8.69,1.05,-5.05,-3.9,3.48,0.79
9.0,-8.73,1.06,-5.09,-7.07,0.79,0.0
9.0,-8.8,1.04,-5.0,-2.74,3.48,2.38
9.0,-8.75,1.01,-5.11,-2.56,8.29,5.06
9.0,-8.75,1.05,-5.09,-7.13,8.66,9.82
9.0,-8.73,1.12,-5.15,-1.16,7.01,8.72
9.0,-8.71,1.12,-5.03,-0.3,4.27,5.18
9.0,-8.72,1.05,-5.12,-0.37,3.48,-1.4
9.0,-8.69,1.06,-5.15,-3.84,6.52,-2.32
9.0,-8.71,1.07,-5.07,-7.13,9.45,-1.04
9.0,-8.68,1.12,-5.08,-1.89,5.67,-2.2
9.0,-8.71,1.06,-5.13,-1.22,2.87,-2.87
9.0,-8.7,1.1,-5.07,-2.68,3.35,-2.38
9.0,-8.75,1.1,-5.09,-1.77,2.74,-2.74
9.0,-8.77,1.12,-5.13,-4.51,0.55,-4.45
9.0,-8.68,1.15,-5.02,-3.11,-0.24,-9.88
9.0,-8.7,1.14,-5.03,1.1,-1.04,-8.29
0.0,-8.76,1.12,-5.03,5.67,0.0,-8.6
0.0,-8.75,1.01,-5.07,12.38,1.1,-8.6
9.0,-8.81,0.99,-5.1,13.96,4.15,-7.68
9.0,-8.74,1.06,-5.07,12.8,0.0,-5.43
9.0,-8.82,1.07,-5.08,8.96,-0.85,-2.8
9.0,-8.8,0.94,-5.08,2.74,-2.8,-0.12
9.0,-8.78,1.07,-5.1,-0.12,0.79,3.05
9.0,-8.7,1.01,-4.97,15.67,-9.88,4.88
9.0,-8.81,0.94,-5.08,19.39,-18.05,7.32
7.0,-8.63,0.9,-5.01,13.41,-17.62,14.51
7.0,-8.8,1.01,-5.02,6.59,-14.21,13.96
9.0,-8.75,0.96,-5.02,2.99,-2.5,8.54
9.0,-8.76,1.02,-4.87,-4.57,-6.1,0.91
9.0,-8.77,1.05,-4.99,-2.99,-5.12,-3.54
0.0,-8.75,1.05,-4.94,-10.18,0.06,-9.15
0.0,-8.76,0.96,-5.11,-9.57,9.21,-18.84
9.0,-8.63,1.08,-5.01,-14.21,6.28,-23.05
9.0,-8.86,1.07,-5.05,-5.98,-4.39,-11.65
9.0,-8.97,0.92,-5.14,-9.45,13.9,2.5
9.0,-8.86,0.88,-4.97,-20.61,34.82,11.46
9.0,-8.64,1.08,-4.99,-27.07,20.24,4.15
9.0,-8.7,1.2,-4.92,-20.43,0.73,-3.41
9.0,-8.75,1.13,-4.99,-10.12,1.65,4.02
9.0,-8.72,1.1,-4.98,-12.07,3.23,6.46
9.0,-8.84,1.2,-4.99,-3.78,12.38,1.65
9.0,-8.76,1.05,-5.07,-0.12,14.82,-2.8
9.0,-8.77,1.15,-4.99,-0.24,11.89,-10.79
9.0,-8.72,1.08,-4.98,3.17,10.85,-5.18
9.0,-8.84,1.06,-5.0,1.59,4.57,-3.05
9.0,-8.75,1.09,-5.07,0.91,7.44,-0.67
9.0,-8.79,1.0,-5.12,-4.63,9.09,4.63
9.0,-8.73,1.1,-5.12,-9.33,11.71,3.48
9.0,-8.69,1.08,-5.04,-6.04,8.23,4.57
9.0,-8.75,1.12,-5.05,-5.43,0.18,2.87
9.0,-8.68,1.17,-5.07,-3.11,-1.46,-5.55
9.0,-8.79,1.05,-5.07,-3.11,3.78,-6.89
9.0,-8.74,1.17,-4.98,-1.46,1.59,-9.45
9.0,-8.77,1.02,-5.02,-0.43,0.37,-9.15
9.0,-8.81,1.05,-5.05,-2.93,2.2,-3.48
9.0,-8.76,1.1,-5.17,-3.66,2.26,-7.26
9.0,-8.75,1.08,-4.95,-3.35,7.62,-5.98
0.0,-8.66,1.11,-5.08,-2.8,0.55,-6.1
9.0,-8.77,1.07,-5.06,-4.7,-2.56,-5.12
9.0,-8.81,1.09,-5.08,-4.94,2.93,0.0
9.0,-8.74,1.07,-4.98,-2.5,5.49,0.61
9.0,-8.74,1.06,-5.02,-0.12,4.33,1.46
9.0,-8.75,1.06,-4.99,-2.8,3.05,1.4
9.0,-8.76,1.02,-5.03,-9.21,8.35,-2.13
9.0,-8.74,1.13,-5.05,-12.07,8.78,-9.09
9.0,-8.76,1.2,-4.96,-3.66,2.68,-7.2
9.0,-8.78,1.12,-5.02,4.63,0.49,-1.4
9.0,-8.73,1.06,-5.08,4.51,0.37,2.13
9.0,-8.8,1.05,-5.02,-1.59,1.71,-1.28
9.0,-8.81,1.06,-5.0,-4.7,7.87,-2.44
9.0,-8.74,1.04,-5.12,-2.5,9.27,1.28
9.0,-8.77,1.12,-5.03,-1.1,8.05,1.34
9.0,-8.66,1.05,-4.97,0.18,7.2,0.73
9.0,-8.72,1.08,-5.07,0.06,0.55,1.34
9.0,-8.73,1.01,-5.06,-1.89,4.39,1.77
9.0,-8.8,1.01,-5.09,-1.46,6.65,-1.28
0.0,-8.78,1.08,-5.13,-5.55,4.02,-2.38
9.0,-8.78,1.08,-5.09,-5.98,4.7,-2.32
9.0,-8.67,1.09,-5.03,-10.79,4.88,1.28
9.0,-8.81,1.15,-5.14,-8.41,7.87,-2.44
9.0,-8.71,1.07,-5.06,-6.89,10.73,-0.85
9.0,-8.76,1.06,-5.1,-5.18,3.72,-3.17
9.0,-8.72,1.09,-5.09,-5.37,-0.06,-3.78
9.0,-8.77,1.09,-5.12,-5.0,6.52,-1.16
9.0,-8.77,1.12,-5.08,-2.8,6.1,-1.46
9.0,-8.7,1.1,-5.1,-2.01,4.76,-0.06
9.0,-8.72,1.09,-5.01,0.12,0.06,-0.91
9.0,-8.71,1.11,-5.01,1.04,1.16,-3.54
9.0,-8.77,1.04,-5.06,3.35,2.74,-5.49
9.0,-8.78,1.13,-4.98,-1.89,-0.06,-3.78
9.0,-8.8,1.11,-5.08,-0.79,5.0,-1.22
9.0,-8.74,1.06,-5.04,2.13,5.24,1.34
9.0,-8.75,1.2,-4.98,8.05,6.71,3.66
9.0,-8.63,1.05,-5.09,15.37,-0.55,-0.67
9.0,-8.81,1.03,-5.14,17.38,4.76,-1.83
9.0,-8.8,1.02,-5.07,9.94,4.51,1.83
9.0,-8.73,1.0,-5.08,7.44,-0.06,1.4
9.0,-8.7,1.02,-5.05,2.87,-0.67,-2.38
9.0,-8.74,1.06,-5.01,-4.88,0.91,-5.67
9.0,-8.85,1.03,-5.06,-11.16,8.9,-0.98
9.0,-8.76,1.0,-5.22,-18.35,11.52,2.87
9.0,-8.71,1.07,-5.06,-19.7,5.0,5.73
9.0,-8.67,1.25,-5.02,-11.28,3.11,7.56
9.0,-8.73,1.2,-5.04,-1.71,9.57,5.24
9.0,-8.76,1.14,-5.06,-4.88,23.6,-1.4
9.0,-8.72,1.17,-5.09,0.3,4.15,-6.34
9.0,-8.83,1.09,-5.09,5.37,3.78,1.22
9.0,-8.69,0.91,-5.0,-4.09,26.95,-6.65
0.0,-8.68,1.13,-4.96,-9.94,33.05,-1.34
9.0,-8.81,1.15,-5.15,6.04,-19.57,-3.96
9.0,-8.81,1.09,-5.16,1.04,-15.61,11.71
9.0,-8.94,0.86,-5.28,-15.3,10.98,6.59
9.0,-8.91,1.26,-5.14,-25.12,5.3,7.8
0.0,-8.68,1.15,-5.03,-22.38,21.83,17.44
0.0,-8.62,1.22,-5.02,-15.0,-2.68,-4.7
9.0,-8.87,1.26,-5.06,-5.18,0.43,-2.5
9.0,-8.52,1.25,-4.98,4.57,-4.7,-4.02
9.0,-8.67,1.17,-5.1,8.84,-2.8,-2.87
9.0,-8.44,1.11,-5.12,0.55,-5.79,-14.51
9.0,-8.6,1.13,-5.16,-3.84,-5.18,-13.6
9.0,-8.47,1.14,-4.92,-6.95,10.49,-5.0
9.0,-8.62,1.23,-4.89,10.79,-37.8,-9.94
9.0,-8.9,0.91,-5.1,8.11,3.05,-8.6
9.0,-8.72,1.12,-4.96,-4.76,2.26,-10.12
9.0,-8.68,1.08,-5.02,2.5,-3.29,-3.72
9.0,-8.79,0.96,-5.18,-6.16,6.95,-5.61
9.0,-8.79,0.99,-5.16,-22.93,14.76,-3.96
9.0,-8.84,1.16,-5.12,-12.87,19.7,-1.83
9.0,-8.33,1.26,-4.88,-8.6,-6.28,19.09
9.0,-8.79,1.2,-5.01,14.45,-9.57,4.82
9.0,-8.69,1.07,-5.15,13.6,-7.5,-8.6
9.0,-8.94,0.94,-5.13,-5.61,2.87,-17.13
9.0,-8.72,1.27,-5.05,-6.65,10.0,3.48
9.0,-8.59,1.11,-4.99,-0.24,-1.1,0.37
9.0,-8.82,0.9,-5.12,-10.91,10.85,-2.38
9.0,-8.46,1.15,-4.97,-19.82,20.91,10.85
9.0,-8.96,1.25,-5.07,2.68,-14.7,4.27
9.0,-8.7,1.09,-5.15,-3.05,-0.12,6.28
9.0,-8.85,1.23,-5.04,-5.37,-6.95,-1.52
6.0,-8.7,1.22,-5.13,-1.59,8.23,4.94
9.0,-8.65,1.26,-5.03,6.77,2.38,-4.94
9.0,-8.88,1.12,-5.07,5.73,-1.52,-17.93
9.0,-8.75,1.12,-5.04,-0.61,0.85,-9.33
9.0,-8.77,1.18,-5.04,-1.83,-18.96,-11.65
0.0,-8.76,1.2,-5.02,-4.94,-3.48,0.24
9.0,-8.63,1.16,-4.9,-4.45,-2.74,2.56
0.0,-8.92,1.13,-5.02,-5.49,7.56,-0.98
9.0,-8.19,1.08,-4.96,-9.7,11.46,3.66
9.0,-8.83,1.26,-4.94,-0.3,-15.49,-10.67
9.0,-8.7,1.15,-5.01,6.65,-12.87,-10.0
9.0,-8.81,1.12,-4.98,0.24,-17.87,-16.77
9.0,-8.69,1.05,-5.06,-5.91,11.95,-15.18
9.0,-8.7,1.02,-4.95,-11.22,8.11,-17.26
9.0,-8.75,1.17,-5.08,-4.02,6.04,-12.87
9.0,-8.93,1.16,-4.85,2.44,3.17,3.96
9.0,-9.1,1.18,-4.98,8.78,8.96,15.61
9.0,-8.77,1.09,-5.02,5.24,13.54,13.11
9.0,-8.8,1.16,-5.03,-6.59,2.99,-1.4
9.0,-8.92,1.04,-5.03,-10.98,9.63,-3.78
9.0,-8.58,1.17,-4.95,-7.32,-2.01,-12.74
9.0,-8.66,1.2,-4.92,4.27,-8.96,1.77
9.0,-8.68,1.07,-5.01,10.12,-12.68,0.79
9.0,-8.82,1.03,-5.03,-2.56,-6.22,-6.04
9.0,-8.87,1.01,-5.0,-12.2,4.94,-3.66
9.0,-8.86,1.14,-5.06,-15.73,12.5,0.79
9.0,-8.78,1.17,-5.14,-3.54,7.74,-0.79
9.0,-8.73,1.11,-4.98,-0.55,4.57,6.16
9.0,-8.73,1.1,-5.01,-0.49,1.46,1.59
9.0,-8.72,1.08,-5.1,-0.06,3.72,-10.61
9.0,-8.91,1.05,-5.02,-0.73,-1.4,-7.93
9.0,-9.04,1.03,-5.09,4.51,8.66,-7.56
9.0,-8.34,1.02,-4.88,-16.89,-1.04,-4.39
9.0,-8.78,1.13,-4.92,-7.74,10.79,5.0
9.0,-8.77,1.17,-4.98,-3.11,13.9,2.2
9.0,-8.75,1.08,-5.04,-7.68,13.17,2.13
9.0,-8.83,1.13,-5.04,-6.28,9.39,-2.38
9.0,-8.71,1.15,-5.01,-2.26,12.32,8.84
9.0,-8.72,1.23,-4.99,-3.35,12.01,3.41
9.0,-8.67,1.15,-5.04,-0.98,8.41,4.15
9.0,-8.84,1.15,-5.21,-3.96,3.6,-6.65
9.0,-8.74,1.11,-5.07,-12.44,10.49,-10.24
9.0,-8.87,1.31,-5.05,-6.52,13.84,-5.49
9.0,-9.03,1.29,-5.08,17.13,-21.4,-11.65
9.0,-8.75,1.08,-5.08,10.12,-2.56,-4.82
9.0,-9.02,1.07,-5.1,6.1,-1.16,-13.66
9.0,-8.88,1.11,-5.04,-5.91,8.11,-9.94
9.0,-8.66,1.27,-4.94,2.38,-3.84,-0.61
9.0,-8.81,1.0,-5.01,5.12,-6.59,-6.22
9.0,-8.81,1.0,-5.13,-9.02,-2.26,-14.09
9.0,-8.82,1.18,-4.92,-2.68,6.95,6.1
9.0,-8.65,0.99,-5.01,2.01,10.24,14.02
9.0,-8.82,1.03,-5.13,-7.93,3.41,-2.01
9.0,-8.72,1.21,-4.96,-8.11,4.45,-0.49
9.0,-8.77,1.12,-5.0,-3.78,3.17,-5.24
9.0,-8.76,1.24,-4.96,-3.35,8.17,-3.17
9.0,-8.73,1.13,-5.01,-0.3,12.62,4.94
9.0,-8.72,1.12,-5.03,3.35,11.22,-2.68
9.0,-8.8,1.05,-5.07,-3.23,4.02,-3.84
9.0,-8.76,1.09,-5.08,-3.96,2.26,-2.5
9.0,-8.75,1.08,-5.05,-9.21,5.67,-1.22
9.0,-8.77,1.15,-5.04,-9.88,7.13,-5.67
9.0,-8.68,1.19,-5.03,-5.67,-0.55,-4.09
9.0,-8.77,1.19,-5.09,3.54,-1.1,-6.89
9.0,-8.73,1.11,-5.09,0.98,1.59,-4.57
9.0,-8.81,1.17,-4.91,1.46,5.43,-6.46
9.0,-8.79,1.06,-5.0,5.91,7.5,-3.78
9.0,-8.74,1.07,-4.96,0.67,4.09,-5.24
9.0,-8.78,1.02,-5.02,1.16,6.04,-7.44
9.0,-8.78,1.09,-5.05,-3.54,10.24,-3.9
9.0,-8.77,1.16,-5.04,-2.93,6.83,0.61
9.0,-8.72,1.11,-5.05,-2.5,4.02,0.0
9.0,-8.72,1.03,-5.12,-6.34,1.65,3.23
9.0,-8.71,1.23,-5.08,-7.07,2.07,-0.43
9.0,-8.74,1.16,-5.05,-1.83,5.06,-2.74
9.0,-8.74,1.24,-5.0,2.68,2.32,-2.62
9.0,-8.8,1.13,-5.08,7.26,3.54,0.0
9.0,-8.77,0.98,-4.98,4.09,6.77,-0.55
9.0,-8.74,1.12,-5.03,0.12,7.62,-1.83
9.0,-8.77,1.07,-5.1,1.22,7.87,-0.43
9.0,-8.73,1.05,-5.08,0.37,8.11,1.28
9.0,-8.76,1.15,-5.03,4.7,0.3,2.44
9.0,-8.78,1.09,-5.11,4.02,2.26,2.8
9.0,-8.76,1.09,-5.04,2.74,4.88,-0.06
9.0,-8.71,1.06,-5.12,2.44,1.59,-1.34
9.0,-8.77,1.11,-5.01,-0.18,0.61,-3.9
9.0,-8.81,1.2,-5.03,3.11,6.77,-5.55
9.0,-8.8,1.13,-5.09,7.38,7.44,-3.41
9.0,-8.77,1.13,-5.08,5.18,7.87,-0.73
9.0,-8.75,1.03,-5.11,7.62,8.29,-5.06
9.0,-8.66,1.06,-5.02,2.93,6.22,-5.12
9.0,-8.71,1.07,-5.12,-0.49,2.93,-4.94
9.0,-8.76,1.07,-5.03,-0.06,3.48,-5.0
9.0,-8.81,1.08,-4.99,-2.56,4.02,-1.46
9.0,-8.77,1.1,-5.0,-0.24,4.7,0.06
9.0,-8.78,1.13,-5.05,-2.44,1.46,3.54
9.0,-8.78,1.15,-4.97,0.73,4.63,4.27
9.0,-8.75,1.12,-5.09,4.76,9.76,3.48
9.0,-8.67,1.04,-5.02,0.24,3.48,0.79
9.0,-8.71,1.11,-5.03,1.83,-1.89,-1.59
9.0,-8.81,1.07,-5.12,1.22,0.3,2.01
9.0,-8.74,1.06,-5.06,-1.77,5.24,4.82
9.0,-8.76,1.1,-5.02,-2.44,8.05,2.56
9.0,-8.74,1.08,-5.06,-4.63,5.85,1.65
9.0,-8.74,1.16,-5.05,-2.2,3.66,0.61
9.0,-8.71,1.1,-5.08,-1.46,3.9,1.16
9.0,-8.73,1.1,-5.04,-2.44,2.07,-1.77
6.0,-8.76,1.08,-5.06,-2.74,4.27,-3.78
9.0,-8.68,1.08,-4.99,-7.5,5.12,-4.51
9.0,-8.77,1.15,-4.96,-4.76,9.7,-3.96
9.0,-8.77,1.12,-5.12,-2.8,7.01,-3.29
0.0,-8.73,1.11,-5.1,-3.11,7.07,-1.71
9.0,-8.62,1.07,-4.99,-0.98,6.77,-2.2
9.0,-8.74,1.09,-5.1,-4.76,6.59,-2.13
9.0,-8.71,1.09,-5.03,-4.21,8.48,-1.77
9.0,-8.74,1.07,-5.07,-3.11,5.98,-3.11
9.0,-8.73,1.01,-5.12,1.77,5.43,-3.41
9.0,-8.74,1.11,-5.07,-1.1,-0.12,-2.44
9.0,-8.75,1.17,-5.07,-2.5,0.67,-3.05
9.0,-8.69,1.04,-5.04,-4.7,4.88,-5.55
9.0,-8.77,1.09,-4.99,-4.39,6.4,-5.61
9.0,-8.79,1.1,-5.0,-2.68,3.35,-3.11
9.0,-8.8,1.08,-5.08,-3.23,3.23,-1.16
9.0,-8.76,1.13,-5.1,-2.13,6.1,-4.33
9.0,-8.72,1.14,-5.11,1.52,8.05,-3.23
9.0,-8.68,1.15,-5.03,-0.91,1.59,-5.55
9.0,-8.76,1.08,-5.11,1.28,-1.59,-7.93
9.0,-8.8,1.05,-5.1,3.48,2.8,-1.83
9.0,-8.77,1.03,-5.05,-1.4,5.91,-2.87
9.0,-8.77,1.06,-5.12,-5.18,5.98,-2.2
9.0,-8.74,1.08,-5.06,-5.24,8.05,-1.04
9.0,-8.68,1.11,-5.08,-4.63,6.52,-1.52
9.0,-8.72,1.06,-5.16,-4.15,2.68,-4.88
9.0,-8.7,1.12,-5.09,-3.05,3.17,-3.96
9.0,-8.7,1.09,-4.95,-1.83,3.11,-2.32
9.0,-8.78,1.07,-5.12,-0.06,3.78,-3.84
9.0,-8.74,1.11,-5.06,-2.8,5.43,-5.61
9.0,-8.75,1.05,-5.01,-3.23,4.7,-2.87
9.0,-8.71,1.06,-5.07,-0.61,4.33,0.0
9.0,-8.74,1.07,-5.12,-1.83,8.66,-0.79
9.0,-8.74,1.08,-5.18,-5.49,10.67,2.07
9.0,-8.72,1.16,-5.02,-2.74,11.28,-0.37
9.0,-8.66,1.07,-5.07,-2.2,3.35,0.49
9.0,-8.69,1.05,-5.05,-2.62,0.37,0.37
9.0,-8.68,1.11,-5.05,-2.2,2.93,-3.23
9.0,-8.76,1.1,-5.11,-4.45,6.83,-6.1
9.0,-8.7,1.13,-5.06,-1.4,3.66,-3.54
9.0,-8.72,1.07,-5.13,0.24,3.35,-2.26
9.0,-8.7,1.06,-5.14,-2.62,2.93,1.95
9.0,-8.77,1.14,-5.2,-0.24,6.28,-2.99
9.0,-8.71,1.09,-5.09,-3.11,9.33,-1.65
9.0,-8.67,1.11,-5.05,-2.62,1.46,-5.61
9.0,-8.74,1.05,-5.11,-1.28,-0.24,-1.1
0.0,-8.71,1.06,-5.05,0.61,7.99,0.73
3.0,-8.62,1.22,-5.03,2.87,1.16,-1.65
9.0,-8.95,1.37,-5.08,14.45,3.35,-8.54
9.0,-8.82,1.23,-5.03,29.88,28.6,21.59
9.0,-9.4,1.05,-5.34,58.9,-42.68,-21.1
9.0,-8.63,0.56,-5.18,-9.51,17.44,-4.09
9.0,-8.92,1.08,-5.19,-30.67,5.43,-10.91
9.0,-8.94,1.0,-5.06,-30.98,9.82,-19.45
0.0,-8.59,1.3,-5.03,-7.8,-0.18,1.95
9.0,-8.69,1.01,-5.14,6.1,2.99,6.16
9.0,-8.86,0.94,-5.16,-9.09,16.52,2.32
9.0,-8.62,1.05,-5.22,-13.11,4.45,-8.35
0.0,-8.58,1.13,-5.15,-5.3,-7.32,-5.0
9.0,-8.78,1.12,-5.11,2.32,-12.07,3.11
9.0,-8.7,1.1,-5.18,10.67,1.04,8.9
9.0,-8.98,0.97,-5.2,2.56,16.34,3.6
9.0,-8.62,1.02,-5.08,-15.61,-0.79,-6.65
9.0,-8.74,1.07,-5.13,-10.67,6.95,-9.45
9.0,-8.7,1.18,-5.0,-1.71,7.8,-10.79
9.0,-8.82,1.08,-5.09,1.28,6.83,-3.72
9.0,-8.72,0.98,-5.15,-1.22,-0.49,3.96
9.0,-8.74,1.02,-5.04,-8.9,0.18,-2.74
9.0,-8.73,1.06,-5.06,-9.33,4.27,-5.73
9.0,-8.73,1.02,-5.03,-2.01,-1.65,-2.56
9.0,-8.74,1.06,-5.04,0.85,-4.88,4.51
9.0,-8.76,1.03,-5.13,-2.32,1.28,8.48
9.0,-8.74,1.19,-5.11,-4.15,-0.37,10.91
9.0,-8.72,1.04,-5.08,-9.02,11.04,6.22
9.0,-8.76,1.14,-5.01,-9.63,7.68,0.37
9.0,-8.7,1.18,-5.09,-2.87,3.05,0.73
9.0,-8.68,1.15,-5.09,2.07,4.02,-2.44
9.0,-8.68,1.13,-5.12,2.56,0.67,-7.93
9.0,-8.78,1.06,-5.11,2.8,-2.26,-4.09
9.0,-8.8,1.08,-5.03,-0.24,-3.78,-1.04
9.0,-8.76,1.05,-5.12,-5.06,0.79,0.37
9.0,-8.76,1.18,-5.07,-2.99,5.12,-3.66
9.0,-8.7,1.13,-5.05,5.79,1.46,-9.88
9.0,-8.72,1.01,-5.08,10.12,-4.33,-6.59
9.0,-8.86,1.09,-5.19,10.0,-2.8,-6.46
9.0,-8.75,0.99,-5.09,-0.12,4.82,-1.16
9.0,-8.8,1.07,-5.11,-4.63,5.0,-0.73
9.0,-8.85,1.07,-5.07,-3.05,7.68,-0.06
9.0,-8.73,1.04,-5.15,-7.56,10.98,3.35
9.0,-8.64,1.13,-5.13,-7.93,7.68,-0.98
9.0,-8.75,1.09,-5.12,-6.95,2.93,-2.87
9.0,-8.75,1.13,-5.12,-5.55,1.22,1.16
9.0,-8.74,1.05,-5.03,-6.65,2.99,1.83
9.0,-8.82,1.13,-5.06,-10.12,5.06,-0.49
9.0,-8.79,1.09,-5.03,-6.95,13.23,-4.09
9.0,-8.75,1.14,-5.06,-2.13,14.15,-4.63
9.0,-8.75,1.16,-5.15,5.55,15.37,-4.15
9.0,-8.67,1.04,-5.15,3.23,11.83,-2.99
8.0,-8.63,1.02,-5.11,0.3,3.6,-6.83
9.0,-8.74,1.01,-5.17,-0.49,-0.43,-9.57
9.0,-8.71,1.01,-5.15,-1.4,2.26,-3.29
9.0,-8.74,1.06,-5.08,-1.28,-2.44,-0.98
9.0,-8.8,0.99,-5.08,-4.27,-1.04,-2.07
0.0,-8.66,1.05,-5.03,-8.9,1.4,-2.38
0.0,-8.77,1.07,-5.08,-5.55,0.73,-5.0
9.0,-8.64,1.11,-5.1,-1.71,4.15,-6.83
9.0,-8.66,1.01,-5.09,-1.59,-5.0,-6.77
9.0,-8.77,0.94,-5.05,-2.87,-7.62,-4.27
9.0,-8.8,1.12,-5.09,-3.6,-2.62,0.61
9.0,-8.74,1.1,-4.99,-3.23,2.87,1.77
9.0,-8.7,1.09,-5.03,-2.13,-0.73,1.77
9.0,-8.73,1.06,-5.01,-5.55,-3.84,2.13
9.0,-8.85,1.17,-5.05,-3.48,-1.04,0.98
9.0,-8.83,1.11,-5.11,-7.99,3.05,1.4
9.0,-8.74,1.12,-4.93,-4.15,2.32,0.37
9.0,-8.79,1.07,-5.09,-4.39,2.74,-2.44
9.0,-8.73,1.09,-5.07,-4.57,3.9,-3.84
9.0,-8.81,1.12,-5.13,-5.3,6.89,-0.55
9.0,-8.74,1.06,-5.06,-4.63,8.9,2.38
9.0,-8.72,1.08,-5.07,-4.57,9.21,1.52
9.0,-8.67,1.13,-5.06,-4.09,8.23,2.68
9.0,-8.72,1.11,-5.03,-3.48,8.41,1.95
9.0,-8.73,1.13,-5.06,-5.67,5.12,3.6
9.0,-8.77,1.13,-5.01,-4.57,6.83,-1.52
9.0,-8.68,1.13,-5.07,-4.7,5.18,-2.68
9.0,-8.73,1.12,-5.1,-0.85,4.51,-6.22
9.0,-8.7,1.07,-5.1,0.37,3.54,-5.73
9.0,-8.78,1.1,-4.97,0.24,-0.3,-5.06
9.0,-8.81,1.08,-5.05,-3.78,2.56,-5.3
9.0,-8.78,1.1,-5.03,-4.45,7.38,-3.96
9.0,-8.76,1.07,-4.97,-2.32,2.44,-0.06
9.0,-8.73,1.07,-4.99,-3.48,4.51,-1.16
9.0,-8.8,1.11,-5.06,-4.82,11.46,-2.93
9.0,-8.67,1.13,-5.06,-2.74,16.22,-1.83
9.0,-8.63,1.11,-5.03,-2.26,7.5,-3.72
9.0,-8.68,1.15,-4.96,-0.61,0.12,-7.56
9.0,-8.78,1.05,-5.02,1.04,1.77,-3.66
9.0,-8.76,1.08,-5.09,-0.49,5.0,-2.87
9.0,-8.77,1.14,-5.0,-3.9,4.27,-3.66
9.0,-8.74,1.07,-5.15,-1.1,3.6,-3.84
9.0,-8.75,1.04,-4.98,-4.09,3.6,-3.17
9.0,-8.72,1.07,-5.09,-6.22,5.37,-7.26
9.0,-8.79,1.1,-5.11,-7.68,2.68,-9.51
9.0,-8.75,1.11,-5.08,-2.38,2.68,-5.24
0.0,-8.78,1.07,-4.98,1.46,-0.24,-5.37
9.0,-8.81,1.03,-4.96,-0.24,3.6,-3.29
6.0,-8.78,1.12,-5.12,-0.37,2.93,-5.0
6.0,-8.7,1.02,-5.18,-1.16,4.09,-6.46
6.0,-8.75,1.05,-5.06,-2.87,0.37,-3.48
9.0,-8.78,1.08,-5.12,-2.74,-0.3,-3.72
9.0,-8.75,1.13,-5.03,-2.07,2.74,-1.71
0.0,-8.73,1.08,-5.03,-4.57,6.95,-1.71
0.0,-8.78,1.09,-5.06,-1.83,7.07,-3.11
0.0,-8.7,1.06,-5.12,-1.71,2.56,-2.2
9.0,-8.75,1.05,-4.97,-0.12,-3.23,-3.6
9.0,-8.74,1.03,-5.05,0.0,0.91,-6.16
9.0,-8.79,1.04,-5.1,-1.77,3.41,-6.59
0.0,-8.77,1.07,-5.08,0.0,2.44,-7.56
9.0,-8.72,0.99,-5.06,8.29,-0.24,-12.99
9.0,-8.75,0.94,-5.15,-1.16,-0.49,-6.77
9.0,-8.76,1.03,-4.97,-3.72,3.96,-4.51
9.0,-8.81,1.04,-5.02,-7.01,9.51,-4.21
9.0,-8.75,1.1,-5.01,-5.3,6.28,1.65
9.0,-8.81,1.03,-5.13,-0.73,5.49,4.39
9.0,-8.84,1.03,-5.07,-1.1,15.06,4.82
9.0,-8.76,1.12,-5.05,-4.02,15.12,2.44
9.0,-8.74,1.01,-5.0,-6.04,10.37,4.88
9.0,-8.66,1.05,-5.14,-5.3,5.91,8.29
6.0,-8.69,1.06,-5.1,-7.07,5.24,2.68
9.0,-8.72,1.17,-5.09,-8.23,0.98,-3.6
9.0,-8.75,1.07,-5.07,-4.57,-2.68,-8.35
9.0,-8.76,1.02,-5.18,-2.01,-0.49,-7.68
9.0,-8.79,1.05,-5.05,-3.23,0.37,-6.83
0.0,-8.79,1.04,-5.17,-2.74,3.23,-4.39
9.0,-8.78,1.04,-5.1,-2.32,4.15,-3.29
9.0,-8.76,1.04,-5.09,-2.32,6.28,0.0
9.0,-8.77,1.01,-5.09,-4.76,4.45,0.79
9.0,-8.69,1.02,-5.05,-5.06,2.01,1.52
9.0,-8.69,1.04,-5.08,-3.6,0.73,2.07
0.0,-8.75,1.09,-5.02,-3.96,2.74,2.26
9.0,-8.73,1.07,-5.02,-4.63,2.56,0.67
9.0,-8.78,1.15,-5.04,-3.41,3.05,-1.16
9.0,-8.71,1.15,-5.02,-4.76,6.1,1.04
9.0,-8.78,1.14,-5.1,0.91,8.78,1.89
7.0,-8.64,1.04,-5.09,3.78,5.37,1.28
9.0,-8.71,1.06,-5.07,-1.16,-2.8,-3.41
9.0,-8.74,1.0,-5.08,-7.13,3.54,-5.0
9.0,-8.77,1.07,-5.18,-11.16,6.28,-5.06
9.0,-8.69,1.05,-5.02,-6.22,5.55,-4.88
0.0,-8.76,1.07,-5.05,-2.44,3.54,-0.24
9.0,-8.67,1.06,-4.97,-0.79,2.07,-1.83
9.0,-8.7,1.07,-5.11,-3.17,0.91,-1.1
9.0,-8.84,1.04,-5.09,-0.79,7.38,-5.67
9.0,-8.75,1.1,-5.04,-0.49,2.5,-5.37
9.0,-8.75,1.08,-5.02,-1.28,-2.2,-6.22
9.0,-8.77,1.06,-4.96,2.62,-0.06,-0.06
9.0,-8.75,1.05,-5.13,1.77,2.32,0.67
9.0,-8.8,1.07,-5.04,-0.43,3.17,1.04
9.0,-8.75,1.02,-5.06,-1.95,3.41,1.34
9.0,-8.77,1.09,-5.09,-7.99,1.77,0.79
9.0,-8.77,1.07,-5.08,-5.12,4.33,3.41
9.0,-8.7,1.11,-5.02,-3.6,1.71,2.07
9.0,-8.75,1.15,-5.13,-3.05,5.67,0.43
9.0,-8.84,1.08,-5.04,-1.83,6.04,-1.1
9.0,-8.75,1.1,-4.99,-4.94,7.68,-1.4
9.0,-8.77,1.12,-5.07,-7.32,6.1,2.38
9.0,-8.73,1.15,-5.12,-5.06,7.26,2.32
9.0,-8.69,1.15,-5.0,-2.74,5.24,0.85
9.0,-8.66,1.13,-5.0,1.83,1.52,-0.98
9.0,-8.65,1.14,-5.05,4.7,-10.49,-3.41
9.0,-8.71,1.1,-5.05,5.73,-20.0,-2.2
9.0,-8.87,1.11,-5.09,5.43,-19.76,-0.55
9.0,-8.94,1.01,-5.05,4.76,-2.26,-4.76
9.0,-8.89,1.07,-5.09,-7.07,15.12,-8.23
9.0,-8.99,1.13,-5.08,-8.6,35.85,-9.09
9.0,-8.94,1.05,-5.11,-8.05,53.72,-5.61
9.0,-8.8,1.07,-4.97,-2.07,74.27,-1.1
3.0,-8.5,1.0,-5.1,-2.2,60.12,-5.85
0.0,-8.21,1.15,-5.09,1.04,5.91,-14.7
0.0,-8.26,1.15,-5.12,10.55,-56.95,-6.77
9.0,-8.72,1.13,-5.12,24.09,-85.37,2.93
9.0,-9.07,1.1,-5.19,25.55,-55.43,2.87
9.0,-9.2,0.89,-5.22,9.09,26.1,-5.12
9.0,-8.84,0.98,-5.14,-19.02,58.48,-10.73
3.0,-8.75,0.96,-4.94,-22.93,46.95,-10.73
3.0,-8.71,1.13,-5.03,-15.67,-0.98,-1.83
3.0,-8.75,1.1,-5.11,5.0,-23.17,9.27
3.0,-8.92,1.02,-5.17,3.11,-14.82,17.87
3.0,-8.92,0.98,-5.14,-15.18,8.29,18.23
3.0,-8.71,1.05,-5.02,-27.32,14.39,10.12
3.0,-8.65,1.28,-4.95,-24.51,11.28,-2.68
3.0,-8.69,1.28,-4.92,-8.48,3.17,-11.95
0.0,-8.67,1.16,-5.01,7.62,-5.24,-12.07
0.0,-8.78,1.08,-5.04,8.35,-2.8,-10.91
0.0,-8.79,0.94,-5.06,0.24,2.38,-9.02
0.0,-8.81,1.07,-4.94,-6.4,5.85,-7.62
0.0,-8.78,1.13,-4.98,-2.07,8.66,-4.76
0.0,-8.68,1.07,-5.09,0.0,2.13,0.0
0.0,-8.73,1.05,-5.07,3.05,-3.78,1.28
0.0,-8.8,1.08,-5.08,-3.17,-6.77,-2.93
0.0,-8.88,1.1,-4.99,-7.87,2.99,-6.16
0.0,-8.76,1.1,-5.02,-6.59,8.23,1.04
0.0,-8.87,1.06,-5.06,0.3,10.73,2.68
0.0,-8.65,1.12,-5.0,2.87,8.48,2.62
0.0,-8.68,1.05,-4.96,1.95,-0.37,-0.06
0.0,-8.71,1.07,-5.07,-2.13,3.48,-3.23
0.0,-8.79,1.07,-5.09,-2.74,4.39,-4.15
0.0,-8.78,1.04,-5.03,-2.93,2.87,0.12
0.0,-8.82,1.05,-5.07,-3.54,5.43,1.28
0.0,-8.79,1.16,-4.88,-4.39,4.63,5.98
0.0,-8.75,1.18,-5.12,-1.22,7.8,3.96
0.0,-8.78,1.07,-5.13,0.55,10.06,2.44
0.0,-8.65,1.08,-5.17,-3.72,6.52,-2.26
0.0,-8.74,1.15,-5.1,-4.02,2.93,-1.28
0.0,-8.82,1.08,-5.05,-0.43,6.22,2.5
0.0,-8.69,1.13,-5.05,5.24,7.5,0.98
0.0,-8.64,1.1,-5.05,2.93,2.8,6.22
0.0,-8.7,1.11,-5.08,3.35,-1.04,1.65
0.0,-8.7,1.12,-5.07,-2.56,-0.79,0.0
0.0,-8.77,1.15,-5.05,-2.62,2.68,-3.6
0.0,-8.75,1.05,-5.02,-0.43,6.22,-5.0
0.0,-8.76,1.11,-5.08,-0.61,5.3,-4.27
0.0,-8.81,1.11,-5.03,0.0,2.01,1.16
0.0,-8.74,1.09,-5.12,-0.67,5.37,3.23
0.0,-8.69,1.06,-5.13,-2.5,6.83,2.13
0.0,-8.75,1.07,-5.09,-4.57,7.87,3.29
0.0,-8.76,1.07,-5.06,-1.34,5.3,2.01
0.0,-8.75,1.16,-5.07,-1.46,4.33,-0.24
0.0,-8.7,1.13,-5.14,0.12,2.13,-1.22
0.0,-8.68,1.12,-5.03,-0.67,0.3,-0.3
0.0,-8.74,1.08,-5.17,-0.43,1.71,0.12
0.0,-8.77,1.15,-5.09,0.73,3.29,-1.65
0.0,-8.67,1.12,-5.08,-5.0,4.57,-0.18
0.0,-8.75,1.25,-5.0,-2.07,9.33,-0.55
0.0,-8.69,1.07,-5.04,-1.65,7.99,-1.59
0.0,-8.66,1.06,-5.07,-0.73,-0.3,-2.2
0.0,-8.75,1.09,-5.02,-3.48,1.22,-2.99
0.0,-8.82,1.15,-5.11,-2.56,3.72,-3.11
0.0,-8.72,1.09,-5.07,-2.87,-1.59,-0.18
0.0,-8.74,1.18,-5.18,4.39,-3.35,1.59
0.0,-8.78,1.11,-5.04,1.46,-1.34,3.41
0.0,-8.75,1.15,-4.98,3.72,5.55,3.05
0.0,-8.73,1.05,-5.01,2.87,10.24,-0.49
0.0,-8.71,1.05,-5.11,-3.41,0.43,-5.0
0.0,-8.75,1.15,-4.99,-0.3,-4.09,-3.6
0.0,-8.76,1.05,-5.07,1.65,0.49,2.13
0.0,-8.71,1.09,-5.1,-2.44,3.96,2.01
0.0,-8.75,1.12,-5.09,1.4,4.7,1.59
0.0,-8.72,1.08,-5.12,-2.07,3.05,3.29
0.0,-8.73,1.08,-5.03,-5.91,2.07,1.83
0.0,-8.69,1.11,-5.03,-4.7,2.32,-0.06
0.0,-8.73,1.17,-5.11,-4.02,0.49,0.43
0.0,-8.8,1.13,-5.03,-3.29,1.1,-1.16
0.0,-8.81,1.15,-5.01,-4.7,4.39,0.61
0.0,-8.75,1.18,-5.09,-6.34,5.37,-0.79
0.0,-8.69,1.12,-5.01,-3.84,5.85,1.4
0.0,-8.71,1.17,-5.13,-3.84,3.11,2.87
0.0,-8.77,1.15,-5.12,-2.93,4.57,0.0
0.0,-8.84,1.13,-5.11,-9.02,9.27,2.2
0.0,-8.8,1.26,-5.09,-8.96,11.71,0.98
0.0,-8.69,1.2,-5.01,-6.22,8.66,5.55
0.0,-8.67,1.25,-5.1,-5.61,7.5,6.22
0.0,-8.69,1.22,-5.12,-5.12,7.01,4.82
0.0,-8.63,1.21,-5.02,-6.83,8.48,-2.74
9.0,-8.66,1.2,-5.14,-5.67,6.04,-11.59
9.0,-8.68,1.26,-5.08,0.43,0.73,-19.76
9.0,-8.63,1.12,-5.05,7.44,-7.5,-28.48
9.0,-8.72,1.04,-5.11,12.2,-13.84,-28.6
9.0,-8.77,1.02,-5.01,10.55,-8.11,-24.51
9.0,-8.88,1.03,-5.09,10.37,-2.2,-19.27
9.0,-8.91,0.94,-5.08,3.78,1.77,-10.12
9.0,-8.76,1.01,-5.07,-0.43,4.57,-1.83
9.0,-8.8,1.07,-5.04,-1.65,11.04,2.01
9.0,-8.71,1.11,-5.17,1.16,14.27,4.39
9.0,-8.66,1.12,-5.02,2.93,4.94,-0.49
9.0,-8.65,1.09,-5.08,9.15,-4.7,-4.51
9.0,-8.68,1.09,-4.99,15.91,-4.94,-4.7
9.0,-8.78,0.96,-5.0,21.52,-2.93,-8.29
9.0,-8.8,0.96,-5.07,18.66,2.13,-9.15
9.0,-8.82,0.9,-5.1,15.67,0.85,-4.82
9.0,-8.84,0.92,-4.98,13.05,1.46,0.0
9.0,-8.84,0.93,-4.99,10.49,3.9,1.89
9.0,-8.85,0.96,-5.1,0.98,4.7,2.87
9.0,-8.8,1.03,-5.09,-2.07,5.85,6.59
9.0,-8.83,1.01,-5.12,-4.57,5.0,13.84
9.0,-8.74,1.07,-5.06,-6.46,4.27,11.34
9.0,-8.7,1.15,-4.96,-3.6,3.54,7.07
9.0,-8.8,1.11,-5.04,0.18,1.28,2.62
9.0,-8.77,1.12,-5.04,3.29,6.28,0.0
9.0,-8.82,1.07,-4.99,2.87,5.06,-3.17
9.0,-8.75,1.04,-5.04,-0.43,4.15,-6.34
9.0,-8.79,1.09,-4.99,-0.98,8.78,-7.2
9.0,-8.77,1.04,-5.03,-4.09,9.21,-4.15
9.0,-8.75,1.02,-5.06,-0.49,13.05,-2.13
9.0,-8.64,1.0,-5.09,-3.05,7.99,1.1
9.0,-8.68,1.04,-5.13,-1.65,4.94,0.55
9.0,-8.75,1.01,-5.14,-6.4,5.67,-5.0
9.0,-8.73,1.08,-5.08,-2.13,6.59,-8.72
9.0,-8.7,1.01,-5.04,-0.73,5.12,-3.35
9.0,-8.77,1.01,-5.06,-3.17,4.09,-0.43
9.0,-8.73,1.01,-5.2,-6.95,1.16,-1.95
9.0,-8.79,1.11,-5.05,-5.55,-1.34,-3.78
9.0,-8.72,1.0,-5.09,-6.95,5.55,-4.15
9.0,-8.65,0.99,-5.16,-7.68,-1.89,-11.1
9.0,-8.78,1.04,-5.02,-5.61,-7.26,-12.68
9.0,-8.84,1.02,-5.0,-1.65,-2.99,-7.68
9.0,-8.84,1.0,-5.17,-1.77,3.78,-4.15
9.0,-8.75,0.95,-4.98,-8.17,2.87,1.22
9.0,-8.78,1.01,-5.17,-11.89,4.33,7.5
9.0,-8.79,1.03,-5.19,-19.88,7.93,8.9
9.0,-8.7,1.15,-4.98,-24.88,10.61,5.0
9.0,-8.73,1.09,-5.09,-24.57,9.02,3.41
9.0,-8.71,1.17,-4.96,-19.45,6.22,1.4
9.0,-8.72,1.17,-5.04,-16.65,7.2,-2.07
9.0,-8.74,1.2,-4.99,-12.13,8.29,-6.04
9.0,-8.66,1.22,-5.06,-10.91,4.51,-10.24
9.0,-8.78,1.07,-5.07,-11.65,5.43,-10.61
9.0,-8.71,1.12,-5.05,-9.15,5.85,-10.37
9.0,-8.71,1.08,-5.15,-8.05,4.51,-5.61
9.0,-8.71,1.08,-5.17,-5.3,4.27,-7.62
9.0,-8.82,1.09,-5.06,-2.38,7.38,-5.12
9.0,-8.76,1.09,-4.99,0.12,10.91,-1.16
9.0,-8.7,1.11,-5.14,3.9,11.16,-1.28
9.0,-8.67,1.05,-5.01,5.79,10.55,-6.28
9.0,-8.65,0.98,-5.06,6.46,-4.63,-10.61
9.0,-8.79,0.97,-5.07,4.82,-7.13,-10.3
9.0,-8.77,0.99,-5.04,1.28,-5.3,-10.67
9.0,-8.77,0.96,-5.01,1.16,-8.23,-9.57
9.0,-8.79,1.0,-5.04,0.24,-8.29,-4.57
9.0,-8.81,1.01,-4.98,-5.67,-3.48,0.91
9.0,-8.89,1.05,-5.09,-6.4,2.2,4.51
9.0,-8.76,1.01,-4.99,-5.67,7.01,7.5
9.0,-8.78,1.13,-5.03,-4.09,2.8,6.16
9.0,-8.8,1.06,-5.01,-0.24,1.46,5.98
9.0,-8.86,1.06,-5.08,-0.85,5.0,9.45
9.0,-8.75,1.05,-5.11,-4.27,9.76,10.3
9.0,-8.75,1.13,-4.99,-4.76,9.27,8.96
9.0,-8.8,1.05,-5.02,-4.82,5.55,9.63
9.0,-8.75,1.2,-5.14,-7.56,4.7,7.5
9.0,-8.71,1.18,-5.0,-1.46,4.88,4.7
9.0,-8.81,1.11,-4.97,2.01,1.22,0.73
9.0,-8.8,1.08,-5.0,-0.49,1.77,-0.06
9.0,-8.78,1.11,-5.08,-3.6,8.11,-2.38
9.0,-8.76,1.2,-5.07,-3.66,11.89,-4.02
9.0,-8.78,1.16,-5.02,-0.85,11.71,-1.77
9.0,-8.69,1.12,-4.95,2.99,8.84,-3.48
9.0,-8.73,1.05,-5.05,3.66,4.82,-3.66
9.0,-8.73,1.05,-5.12,2.99,5.73,-3.17
9.0,-8.72,1.14,-5.08,-1.16,5.49,-2.38
9.0,-8.74,1.15,-5.0,-2.13,6.46,-3.29
9.0,-8.79,1.17,-5.06,-4.33,5.43,-2.32
