9.0,-8.73,1.17,-5.15,-10.06,0.67,1.16
0.0,-8.74,1.19,-5.22,-9.94,8.78,-4.39
9.0,-8.63,1.26,-5.14,-10.91,5.0,-11.59
9.0,-8.72,1.25,-5.16,-1.83,11.34,-6.95
9.0,-8.63,1.18,-5.09,0.61,5.98,-4.51
9.0,-8.67,1.17,-5.2,-0.73,1.16,-8.72
9.0,-8.68,1.16,-5.18,-6.1,4.45,-5.0
9.0,-8.72,1.18,-5.12,-10.0,7.44,1.1
9.0,-8.71,1.19,-5.18,-13.54,4.7,2.38
9.0,-8.73,1.28,-5.1,-11.89,1.83,5.24
9.0,-8.7,1.28,-5.06,-5.12,1.28,4.82
9.0,-8.63,1.28,-5.11,-2.62,6.65,-3.35
9.0,-8.6,1.31,-5.02,5.98,2.01,-16.52
9.0,-8.7,1.21,-5.11,8.9,7.32,-15.91
9.0,-8.71,1.18,-5.22,8.54,4.76,-15.55
9.0,-8.63,1.07,-5.24,3.29,-0.06,-10.0
9.0,-8.75,1.14,-5.26,0.06,1.1,-9.15
9.0,-8.52,1.08,-5.13,-6.83,-3.78,-7.62
9.0,-8.77,1.26,-5.11,-0.61,-13.23,-15.43
9.0,-8.66,1.24,-5.04,9.39,5.18,-20.3
9.0,-8.56,1.32,-5.02,18.78,-17.2,-31.22
9.0,-8.76,1.07,-5.27,26.04,-27.38,-32.07
9.0,-9.02,1.02,-5.18,17.13,-10.12,-18.54
9.0,-8.87,1.09,-5.11,15.98,-0.55,-11.65
9.0,-8.78,0.92,-5.14,7.68,7.2,-3.29
9.0,-8.78,1.01,-5.14,-4.82,-8.9,-2.32
9.0,-8.91,1.01,-5.24,-8.35,-10.61,5.12
9.0,-8.72,0.94,-5.18,-16.71,-3.84,4.15
9.0,-8.93,0.94,-5.13,-29.45,12.26,-4.57
9.0,-8.66,1.12,-5.07,-28.72,30.85,-1.46
9.0,-8.69,1.44,-4.99,4.76,11.83,-3.72
9.0,-8.72,1.87,-4.64,88.9,-8.05,13.66
9.0,-8.75,1.87,-4.47,226.34,-34.15,73.48
9.0,-9.05,1.64,-4.61,393.35,-29.76,147.62
9.0,-8.87,0.54,-5.04,419.39,-36.52,216.83
9.0,-8.7,0.17,-5.23,341.16,-35.37,191.95
9.0,-8.55,0.25,-5.41,230.37,-39.09,133.17
9.0,-8.67,0.33,-5.49,102.26,-36.46,85.18
9.0,-8.75,0.55,-5.41,-12.07,-6.59,21.52
9.0,-8.54,0.94,-5.19,-70.91,29.21,-20.06
9.0,-8.73,1.18,-4.93,-90.79,6.1,-34.94
9.0,-8.59,1.34,-4.94,-55.61,13.9,-29.02
9.0,-8.97,1.24,-5.13,-17.68,35.49,-24.57
9.0,-8.64,1.04,-5.08,-8.84,40.61,-18.54
9.0,-8.72,0.97,-5.17,-21.22,42.93,-21.83
9.0,-8.59,0.98,-5.12,-20.0,36.16,-15.85
9.0,-8.58,1.04,-5.12,-16.71,3.48,-24.88
9.0,-8.77,1.03,-5.15,-16.22,-2.8,-4.82
9.0,-8.84,1.01,-5.32,-17.99,3.6,6.77
9.0,-8.73,1.1,-5.22,-18.6,20.37,7.38
9.0,-8.64,1.1,-5.22,-16.46,22.56,2.26
9.0,-8.52,1.03,-5.19,-21.83,9.21,-9.63
9.0,-8.66,1.16,-5.17,-22.68,2.62,-24.02
9.0,-8.72,1.14,-5.22,-13.66,1.95,-28.17
3.0,-8.79,1.13,-5.16,-12.01,5.12,-28.9
9.0,-8.75,1.15,-5.21,-7.38,11.1,-27.44
9.0,-8.73,1.04,-5.18,8.11,10.85,-18.41
9.0,-8.75,1.0,-5.1,11.83,2.74,-8.35
9.0,-8.7,0.94,-5.2,13.05,4.27,-3.6
9.0,-8.64,0.95,-5.13,16.04,-1.4,-2.5
9.0,-8.64,1.0,-5.17,20.49,-11.65,1.4
9.0,-8.66,1.25,-5.09,45.24,-24.21,11.16
9.0,-8.58,1.37,-4.9,103.11,-58.41,28.41
9.0,-8.53,1.57,-4.65,201.52,-106.28,56.22
9.0,-8.62,1.9,-4.38,341.22,-175.18,86.83
9.0,-8.98,1.92,-3.94,556.46,-222.93,136.89
9.0,-9.3,1.55,-3.82,758.41,-256.95,215.91
9.0,-10.0,1.12,-3.72,928.54,-208.96,287.26
9.0,-9.59,0.51,-3.81,1017.5,-102.13,333.96
0.0,-9.5,0.11,-3.77,1037.5,-89.63,328.23
9.0,-9.56,-0.07,-4.06,1007.38,-6.59,307.87
9.0,-9.85,0.12,-3.94,1032.13,94.51,221.46
9.0,-9.4,-0.29,-4.24,1047.68,229.63,160.3
9.0,-8.93,-0.7,-4.4,1002.38,292.8,154.27
9.0,-8.66,-1.03,-4.73,919.76,268.54,175.73
9.0,-8.3,-1.52,-5.03,817.07,207.56,184.39
9.0,-8.34,-1.83,-5.13,686.28,106.22,177.74
9.0,-8.61,-1.83,-5.52,540.0,82.2,197.62
9.0,-9.09,-2.11,-5.8,417.13,18.9,131.95
9.0,-8.46,-1.71,-5.42,314.02,47.5,130.12
9.0,-8.19,-1.52,-5.44,218.96,76.34,122.5
9.0,-8.47,-1.51,-5.55,151.59,101.59,127.44
9.0,-8.65,-1.38,-5.7,84.51,109.45,139.63
9.0,-8.47,-1.33,-5.76,31.46,112.44,165.18
9.0,-8.39,-1.0,-5.64,-2.87,98.72,187.62
9.0,-8.17,-0.6,-5.4,34.45,67.68,193.6
9.0,-8.36,-0.39,-5.54,81.89,18.23,189.7
9.0,-8.42,-0.01,-5.26,162.13,-26.83,174.02
9.0,-8.69,0.16,-5.3,251.59,-39.94,157.44
9.0,-8.37,0.54,-4.92,373.6,-55.67,97.38
9.0,-8.42,0.34,-4.96,506.95,-35.24,12.26
9.0,-8.56,-0.43,-5.33,566.1,6.95,-32.68
9.0,-8.69,-0.84,-5.29,555.67,9.94,-20.49
9.0,-8.33,-1.25,-5.26,532.38,-10.43,4.39
9.0,-8.54,-1.55,-5.41,493.17,-26.22,12.13
9.0,-8.6,-1.74,-5.36,429.51,-35.18,2.26
9.0,-8.47,-1.87,-5.36,364.21,-30.0,-23.96
9.0,-8.43,-1.91,-5.0,312.01,-36.52,-77.32
9.0,-8.56,-2.27,-5.06,263.23,-37.62,-149.09
9.0,-8.61,-2.34,-4.96,207.13,-19.57,-213.6
9.0,-8.78,-2.44,-4.58,206.1,-0.12,-218.66
9.0,-8.48,-2.82,-4.46,226.46,2.87,-213.78
9.0,-8.43,-3.17,-4.37,244.02,23.11,-238.05
9.0,-8.38,-3.62,-4.35,245.18,48.23,-258.96
9.0,-8.34,-4.19,-4.56,215.37,70.85,-269.82
9.0,-8.3,-4.53,-4.47,157.68,104.02,-245.61
9.0,-8.37,-4.73,-4.66,98.35,133.41,-205.3
9.0,-7.9,-4.68,-4.57,68.96,124.57,-189.63
9.0,-7.73,-4.97,-4.61,51.65,108.96,-132.93
9.0,-7.57,-5.05,-4.73,30.24,78.9,-67.5
9.0,-7.45,-5.05,-4.87,21.71,63.54,-36.52
9.0,-7.46,-5.11,-4.97,1.71,61.77,-29.27
9.0,-7.42,-5.1,-5.05,-29.57,63.05,-28.6
9.0,-7.41,-4.95,-5.06,-54.45,45.49,-9.39
9.0,-7.35,-4.75,-5.09,-61.46,27.68,4.63
9.0,-7.38,-4.72,-5.13,-62.74,14.88,11.28
9.0,-7.46,-4.57,-5.14,-62.62,7.99,12.44
9.0,-7.41,-4.57,-5.09,-61.77,4.94,10.55
9.0,-7.49,-4.47,-5.17,-57.74,1.28,8.54
9.0,-7.57,-4.38,-5.15,-53.23,-4.02,17.32
9.0,-7.51,-4.3,-5.04,-43.29,-11.22,31.77
9.0,-7.41,-4.14,-4.99,-15.85,-32.01,41.52
9.0,-7.28,-3.93,-4.82,44.02,-94.82,61.1
9.0,-7.6,-4.2,-4.92,91.22,-146.46,89.21
9.0,-7.82,-4.35,-5.01,82.68,-143.11,102.07
9.0,-7.72,-4.65,-4.86,42.68,-126.52,68.41
9.0,-7.83,-4.65,-4.78,-19.51,-127.38,29.88
9.0,-8.1,-4.49,-4.62,-62.5,-131.1,7.99
9.0,-8.16,-4.54,-4.54,-102.44,-125.18,3.29
9.0,-8.27,-4.38,-4.42,-135.73,-106.89,0.18
9.0,-8.08,-4.36,-4.34,-164.7,-83.23,-7.8
9.0,-8.31,-4.24,-4.28,-185.06,-63.6,-4.76
9.0,-8.42,-4.0,-4.47,-193.6,-32.38,9.7
9.0,-8.29,-3.83,-4.36,-190.79,-4.27,14.45
9.0,-8.19,-3.67,-4.44,-167.13,11.95,15.91
9.0,-8.1,-3.65,-4.56,-145.73,8.17,23.9
9.0,-8.03,-3.55,-4.41,-128.84,-4.76,22.99
9.0,-8.18,-3.59,-4.63,-109.88,-13.11,19.94
9.0,-8.19,-3.64,-4.76,-118.29,-11.22,5.91
9.0,-8.31,-3.6,-4.75,-127.87,-1.28,-0.79
9.0,-8.35,-3.54,-4.9,-142.8,7.93,10.73
9.0,-8.34,-3.42,-4.91,-162.8,15.98,24.63
9.0,-8.28,-3.23,-4.91,-176.46,17.26,38.66
9.0,-8.22,-3.1,-4.93,-180.67,10.49,44.76
9.0,-8.21,-2.95,-5.05,-178.9,2.38,27.32
9.0,-8.09,-2.9,-5.05,-174.51,-4.02,3.6
2.0,-8.19,-2.81,-5.06,-158.48,-8.29,-30.98
9.0,-8.17,-2.77,-4.94,-135.61,-13.54,-48.9
9.0,-8.13,-2.76,-5.12,-111.95,-19.09,-54.45
9.0,-8.26,-2.99,-4.98,-91.34,-24.27,-45.18
9.0,-8.32,-3.06,-5.21,-86.28,-24.51,-22.38
9.0,-8.25,-3.01,-5.13,-87.74,-25.55,-16.89
9.0,-8.23,-3.03,-5.2,-94.09,-27.32,-15.73
9.0,-8.34,-3.0,-5.1,-96.71,-25.85,-23.54
9.0,-8.44,-3.03,-5.18,-116.95,-17.62,-10.73
9.0,-8.34,-3.0,-5.16,-133.78,-12.68,-2.8
9.0,-8.33,-3.01,-5.24,-170.3,-12.99,3.29
9.0,-8.4,-3.08,-5.36,-207.5,-6.65,9.7
9.0,-8.37,-2.96,-5.37,-245.55,-2.2,16.28
9.0,-8.37,-2.79,-5.58,-304.15,-5.85,17.07
9.0,-8.31,-2.47,-5.39,-337.68,-11.4,15.24
9.0,-8.37,-2.22,-5.52,-362.87,-11.46,19.45
9.0,-8.42,-1.97,-5.62,-428.66,-15.3,58.41
9.0,-8.2,-1.52,-5.6,-477.8,-44.88,75.3
9.0,-8.07,-0.93,-5.57,-530.79,-108.48,112.56
9.0,-7.66,-0.18,-4.93,-518.05,-211.83,84.63
9.0,-7.66,0.35,-4.87,-414.94,-294.27,-40.24
9.0,-7.53,0.69,-4.49,-250.06,-326.95,-253.72
9.0,-8.12,0.31,-4.02,-29.09,-373.72,-550.06
9.0,-7.66,-0.67,-3.11,254.7,-418.35,-887.01
9.0,-8.41,-2.72,-3.04,485.61,-307.44,-1113.48
9.0,-11.29,-4.9,-4.24,459.39,-68.35,-925.61
0.0,-12.01,-6.34,-4.69,253.29,395.49,-484.88
9.0,-10.85,-6.71,-4.59,133.66,776.1,-220.79
9.0,-8.12,-7.12,-4.74,-60.0,988.66,52.74
9.0,-7.01,-7.13,-5.4,-242.74,922.32,212.26
9.0,-5.94,-6.45,-5.76,-363.78,703.23,389.33
9.0,-5.53,-6.08,-6.57,-471.71,357.99,665.55
9.0,-5.32,-5.18,-6.58,-628.29,-48.29,850.43
9.0,-6.85,-2.94,-6.64,-711.77,-121.65,1177.5
9.0,-5.6,-1.2,-6.42,-832.13,-179.94,1070.67
9.0,-6.0,-0.01,-6.26,-987.8,-268.41,1007.01
9.0,-3.84,1.51,-5.02,-1150.61,-426.59,745.12
9.0,-5.43,3.74,-4.09,-1154.39,-702.44,327.56
9.0,-7.9,5.82,-2.53,-975.3,-857.44,162.07
9.0,-9.24,6.09,-1.59,-707.13,-889.94,-225.43
2.0,-10.32,6.03,-1.24,-425.98,-692.8,-450.06
9.0,-10.28,4.78,-0.94,-222.99,-422.01,-606.34
9.0,-10.42,3.81,-0.92,-75.0,-220.43,-694.21
9.0,-9.89,2.72,-0.72,81.34,-113.35,-730.85
9.0,-10.27,1.7,-1.19,178.05,-54.76,-735.67
9.0,-10.53,1.02,-1.2,254.7,71.16,-720.91
9.0,-10.84,0.16,-1.58,317.87,238.96,-716.4
3.0,-10.8,-0.57,-1.96,393.11,468.41,-622.87
9.0,-9.91,-1.0,-2.1,423.9,588.05,-515.79
9.0,-10.25,-2.2,-2.62,473.11,649.76,-398.84
9.0,-9.42,-2.99,-3.2,433.29,659.33,-267.07
9.0,-9.08,-3.42,-3.71,373.48,647.56,-100.79
9.0,-8.54,-4.03,-4.25,261.22,562.56,66.83
9.0,-8.41,-3.95,-4.53,153.54,434.27,258.78
9.0,-7.98,-3.63,-4.84,67.01,278.96,384.33
9.0,-7.64,-2.88,-4.83,17.56,90.49,377.01
9.0,-8.12,-2.44,-5.07,-40.79,-10.06,352.01
9.0,-8.09,-1.9,-4.98,-95.43,-69.15,294.09
9.0,-8.09,-1.46,-5.11,-139.7,-125.06,245.37
9.0,-8.15,-0.79,-4.74,-152.07,-191.65,176.95
9.0,-8.66,-0.24,-4.23,-101.83,-221.83,74.94
9.0,-9.31,-0.3,-4.33,2.74,-171.52,-33.96
9.0,-10.09,-0.53,-4.3,41.34,4.27,-73.17
0.0,-9.88,-0.73,-4.43,72.01,147.01,-73.29
9.0,-9.55,-1.23,-4.62,57.93,214.88,-3.96
9.0,-9.15,-1.79,-4.92,-18.9,206.1,92.87
9.0,-8.62,-1.6,-4.91,-137.68,156.4,159.76
9.0,-8.42,-0.89,-4.8,-185.98,87.44,149.02
9.0,-8.24,-0.28,-4.62,-167.99,9.45,83.66
9.0,-8.19,0.22,-4.53,-85.18,-51.46,2.68
9.0,-8.28,0.15,-4.57,7.01,-104.57,-64.7
9.0,-8.67,-0.19,-4.61,78.72,-135.85,-106.95
9.0,-9.71,-0.7,-4.88,87.99,-64.15,-76.59
9.0,-9.99,-1.14,-4.91,47.99,43.41,10.0
9.0,-9.6,-1.22,-4.73,-14.51,132.44,78.9
9.0,-9.02,-0.94,-4.78,-52.26,146.77,81.16
9.0,-8.48,-0.89,-4.91,-91.89,94.33,90.98
9.0,-8.16,-0.58,-4.98,-119.02,-16.1,103.54
9.0,-8.46,-0.23,-4.97,-104.33,-88.23,109.39
9.0,-8.56,-0.03,-5.06,-95.91,-100.0,92.99
9.0,-8.68,0.45,-4.88,-60.24,-100.67,34.09
9.0,-9.04,0.57,-4.57,-15.18,-74.45,-44.09
9.0,-9.23,0.65,-4.25,59.15,-27.74,-125.55
9.0,-9.28,0.32,-4.2,122.87,10.61,-146.71
9.0,-9.07,-0.22,-4.32,138.6,16.1,-122.32
9.0,-9.05,-0.39,-4.45,133.54,4.7,-68.11
9.0,-9.17,-0.75,-4.58,121.52,-2.2,-42.74
9.0,-9.09,-0.89,-4.68,103.41,10.18,-60.24
9.0,-9.15,-1.04,-4.79,74.21,40.55,-67.2
9.0,-8.95,-1.33,-4.92,35.98,55.37,-56.34
9.0,-8.84,-1.57,-5.0,-15.73,53.66,-25.55
9.0,-8.54,-1.93,-5.22,-83.72,24.09,45.12
9.0,-8.2,-1.7,-5.18,-180.06,-55.43,86.83
9.0,-8.05,-0.17,-4.54,-195.24,-160.3,47.74
9.0,-9.04,2.96,-2.7,122.01,-241.04,-5.61
9.0,-10.97,3.23,-2.31,705.18,-129.82,5.91
9.0,-11.73,-0.61,-3.46,1014.63,293.84,21.4
9.0,-10.44,-8.71,-7.18,384.57,455.24,193.05
9.0,-9.54,-9.39,-7.36,-686.22,381.95,152.44
9.0,-8.83,-5.26,-5.55,-1438.6,414.45,-68.17
9.0,-6.79,3.84,-2.87,-1365.18,306.4,-270.12
9.0,-7.67,8.38,-2.31,-519.63,37.44,-304.39
9.0,-7.87,8.16,-2.27,469.94,29.02,-84.02
9.0,-6.96,5.26,-2.44,1206.16,-1.71,108.23
9.0,-6.46,1.57,-2.31,1684.45,-68.11,141.28
9.0,-6.65,-4.98,-4.25,1663.6,-209.82,107.87
9.0,-8.4,-11.07,-6.95,960.55,-408.48,65.61
9.0,-11.39,-12.01,-7.71,-117.99,-593.41,57.74
9.0,-12.24,-9.38,-5.88,-1068.78,-439.82,69.27
9.0,-11.05,-3.77,-3.28,-1635.85,-105.0,114.27
9.0,-9.14,3.58,-0.81,-1439.57,59.63,9.09
9.0,-7.9,7.24,-0.22,-780.24,162.13,83.84
9.0,-7.46,7.39,-0.68,42.87,155.12,114.82
9.0,-7.07,4.86,-1.59,711.59,51.89,68.6
9.0,-7.03,1.23,-2.4,1074.21,-86.52,40.18
9.0,-7.59,-2.38,-3.78,1056.83,-305.73,-33.17
9.0,-9.69,-5.34,-4.92,636.16,-490.55,-97.74
9.0,-11.5,-5.65,-4.85,99.27,-447.62,-157.93
9.0,-12.16,-4.23,-4.09,-299.45,-153.72,-180.67
9.0,-11.17,-2.44,-3.26,-449.94,106.1,-134.51
9.0,-9.71,-0.91,-2.69,-387.38,238.72,54.76
9.0,-8.41,-0.2,-2.6,-208.96,193.48,161.28
9.0,-7.87,-0.04,-2.7,-25.24,84.94,230.37
9.0,-8.47,-0.3,-3.15,104.88,15.3,254.15
9.0,-9.15,-0.93,-3.67,136.46,-35.12,240.37
9.0,-9.84,-1.08,-4.08,92.26,-39.94,163.23
9.0,-10.33,-0.95,-4.48,-5.49,48.66,144.88
9.0,-10.35,-0.57,-4.56,-108.23,113.9,111.34
9.0,-9.48,0.24,-4.04,-141.59,200.3,102.99
9.0,-8.66,0.47,-3.88,-86.04,227.32,77.8
9.0,-8.34,0.63,-3.91,-51.04,175.3,128.17
9.0,-8.28,0.72,-4.2,19.33,83.17,115.61
9.0,-8.53,0.47,-4.51,55.3,-18.72,109.82
9.0,-9.0,0.35,-4.61,58.17,-100.3,81.34
9.0,-9.46,0.31,-4.62,17.44,-125.91,64.82
9.0,-9.32,0.51,-4.31,-26.4,-121.4,47.38
9.0,-9.3,0.87,-3.73,-27.93,-76.46,36.83
9.0,-8.92,0.86,-3.47,16.4,-51.46,-22.26
9.0,-8.92,0.51,-3.64,58.48,-67.87,-75.49
9.0,-9.2,0.29,-3.59,82.26,-113.17,-89.82
9.0,-9.53,-0.04,-3.67,85.79,-156.16,-80.55
9.0,-10.05,-0.21,-3.61,60.0,-129.27,-31.89
9.0,-9.91,-0.19,-3.53,22.5,-43.54,10.85
9.0,-9.43,-0.13,-3.44,-17.56,6.71,22.87
9.0,-9.3,-0.01,-3.5,-59.21,2.93,21.83
9.0,-9.47,0.12,-3.47,-95.12,-6.46,0.12
9.0,-9.43,0.22,-3.51,-123.84,0.37,-50.12
9.0,-9.69,0.36,-3.57,-142.74,25.43,-96.89
9.0,-9.72,0.34,-3.5,-134.09,59.88,-127.07
9.0,-9.82,0.14,-3.61,-143.78,82.68,-137.99
3.0,-9.72,0.05,-3.57,-147.38,98.78,-137.87
9.0,-9.7,-0.31,-3.73,-171.52,117.99,-155.06
9.0,-9.8,-0.29,-3.98,-190.12,164.82,-146.16
9.0,-9.12,-0.47,-4.17,-221.34,199.39,-114.7
9.0,-8.58,-0.28,-4.19,-237.44,158.41,-100.67
9.0,-8.34,-0.34,-4.38,-234.15,61.1,-92.07
9.0,-8.54,-0.34,-4.41,-257.07,-43.84,-77.13
9.0,-9.03,-0.29,-4.32,-277.07,-119.63,-74.88
9.0,-9.39,0.11,-4.07,-300.0,-141.34,-87.01
9.0,-9.95,0.24,-4.07,-292.56,-84.09,-58.96
9.0,-10.0,0.22,-4.24,-305.12,-5.55,-41.71
9.0,-9.54,-0.02,-4.38,-350.49,52.5,-84.27
9.0,-9.41,-0.26,-4.54,-432.56,100.55,-114.76
9.0,-9.65,-0.11,-4.49,-528.41,129.21,-167.56
9.0,-9.9,0.15,-4.36,-592.8,239.63,-219.45
0.0,-9.36,0.6,-3.98,-580.3,285.43,-217.32
9.0,-9.13,0.61,-4.56,-515.0,255.79,-151.22
9.0,-8.53,0.59,-4.83,-469.21,217.56,-95.3
9.0,-8.48,-1.0,-5.52,-5.61,11.71,-10.61
9.0,-8.59,-0.93,-5.47,0.61,9.02,-10.79
9.0,-8.48,-1.0,-5.52,-5.61,11.71,-10.61
9.0,-8.59,-0.93,-5.47,0.61,9.02,-10.79
9.0,-8.56,-0.91,-5.42,4.15,7.74,-2.99
9.0,-8.53,-0.96,-5.54,2.99,0.18,2.26
9.0,-8.52,-1.01,-5.49,-5.18,2.2,-2.44
9.0,-8.58,-0.98,-5.41,-9.82,-2.01,-6.71
9.0,-8.56,-0.94,-5.45,-6.59,12.44,-7.38
9.0,-8.43,-1.03,-5.48,-8.48,9.09,-11.65
9.0,-8.46,-0.97,-5.47,-12.01,1.46,-5.0
9.0,-8.6,-0.88,-5.56,-7.56,-3.23,-0.12
9.0,-8.5,-0.97,-5.46,-2.26,4.39,-0.18
9.0,-8.44,-0.94,-5.31,2.32,2.62,-0.12
9.0,-8.52,-1.05,-5.48,4.76,-17.32,-3.84
9.0,-8.53,-1.09,-5.41,-8.41,-6.52,-0.91
9.0,-8.5,-1.07,-5.43,-21.1,-2.44,-9.02
9.0,-8.53,-0.89,-5.43,-23.6,6.28,-11.95
9.0,-8.64,-0.95,-5.42,-14.09,12.2,-14.76
9.0,-8.7,-0.93,-5.4,-0.79,11.4,0.73
9.0,-8.51,-0.89,-5.44,9.02,19.76,3.96
9.0,-8.43,-0.98,-5.5,10.67,17.2,-4.7
9.0,-8.48,-0.98,-5.51,-0.37,13.54,-1.28
9.0,-8.51,-0.94,-5.44,-5.37,8.84,2.87
9.0,-8.4,-1.0,-5.47,-4.15,2.38,0.49
9.0,-8.46,-1.01,-5.51,-3.48,-17.74,-1.34
9.0,-8.51,-0.94,-5.47,5.85,-26.83,-8.78
9.0,-8.54,-0.94,-5.43,14.7,-20.55,-23.35
9.0,-8.62,-0.97,-5.49,22.07,-7.56,-15.73
9.0,-8.65,-1.05,-5.45,17.74,1.4,-15.43
9.0,-8.63,-1.02,-5.31,12.38,14.39,-17.01
9.0,-8.49,-1.02,-5.39,6.59,21.52,-12.07
9.0,-8.34,-1.09,-5.28,8.9,35.73,-11.52
9.0,-8.52,-1.19,-5.54,7.07,20.79,-14.21
9.0,-8.39,-1.02,-5.4,4.02,17.13,-3.78
9.0,-8.53,-1.1,-5.46,9.15,7.68,8.11
9.0,-8.54,-1.15,-5.42,10.49,-0.37,19.88
3.0,-8.53,-1.16,-5.47,5.73,-0.73,20.85
9.0,-8.58,-1.09,-5.45,-5.24,6.34,17.74
9.0,-8.54,-1.0,-5.52,-11.22,19.51,11.59
9.0,-8.57,-1.07,-5.47,-0.79,19.7,-4.21
9.0,-8.58,-1.06,-5.6,-3.48,18.23,-6.77
9.0,-8.43,-1.03,-5.54,-4.57,15.3,-8.11
9.0,-8.38,-0.97,-5.54,-4.7,3.66,-10.12
9.0,-8.4,-0.97,-5.47,2.8,-10.98,-15.24
9.0,-8.46,-0.98,-5.57,10.98,-22.2,-14.33
9.0,-8.5,-1.05,-5.51,15.0,-32.26,-18.11
9.0,-8.65,-1.1,-5.51,13.54,-27.74,-11.52
9.0,-8.56,-1.13,-5.32,15.18,-20.61,-3.66
9.0,-8.61,-1.07,-5.32,11.22,-9.51,-4.02
9.0,-8.3,-1.0,-5.19,16.71,-12.2,-2.32
9.0,-8.79,-1.17,-5.43,17.13,-6.65,-11.28
9.0,-8.55,-1.07,-5.26,9.27,0.43,-8.05
9.0,-8.57,-1.2,-5.33,10.67,8.72,-6.16
9.0,-8.58,-1.22,-5.35,5.06,12.56,-10.98
9.0,-8.63,-1.27,-5.35,2.56,21.04,-1.4
9.0,-8.52,-1.26,-5.46,-0.3,16.77,-0.43
9.0,-8.42,-1.2,-5.46,-5.49,21.16,-7.07
9.0,-8.56,-1.21,-5.51,-3.35,13.23,-7.13
9.0,-8.46,-1.21,-5.42,-4.09,12.68,1.65
9.0,-8.54,-1.15,-5.47,-4.02,9.76,4.09
9.0,-8.46,-1.2,-5.4,-4.27,8.66,1.46
9.0,-8.63,-1.19,-5.43,1.4,17.26,0.61
9.0,-8.75,-1.16,-5.52,1.16,10.18,2.07
9.0,-8.52,-1.14,-5.43,2.13,10.85,2.07
9.0,-8.49,-1.12,-5.52,1.1,8.78,4.82
9.0,-8.5,-1.12,-5.49,3.78,3.6,9.88
9.0,-8.52,-1.18,-5.58,4.76,4.27,8.6
9.0,-8.52,-1.09,-5.45,0.85,6.59,10.3
9.0,-8.44,-1.18,-5.38,3.17,-1.89,7.07
9.0,-8.61,-1.28,-5.55,-2.99,-7.68,3.9
9.0,-8.58,-1.15,-5.27,-10.67,3.11,2.13
9.0,-8.5,-1.08,-5.38,-9.33,5.12,-3.05
9.0,-8.57,-1.1,-5.47,-6.95,4.57,-4.88
9.0,-8.6,-1.07,-5.41,-2.56,6.22,-1.65
9.0,-8.66,-1.15,-5.43,-0.98,7.44,5.98
9.0,-8.42,-1.12,-5.45,-0.18,9.09,1.59
9.0,-8.62,-1.16,-5.42,2.38,5.85,5.18
9.0,-8.57,-1.15,-5.46,-5.43,10.0,12.93
9.0,-8.43,-1.07,-5.58,-6.34,5.85,11.46
9.0,-8.47,-1.13,-5.42,-2.62,2.44,-3.54
9.0,-8.52,-1.14,-5.48,-0.85,3.54,-3.6
9.0,-8.54,-1.12,-5.43,-4.82,0.91,8.84
9.0,-8.5,-1.07,-5.33,-6.28,1.46,10.37
9.0,-8.53,-1.08,-5.45,-4.88,-2.13,5.18
9.0,-8.51,-1.02,-5.35,-3.41,-3.54,-1.28
9.0,-8.55,-1.07,-5.37,0.3,-0.61,0.43
9.0,-8.67,-1.02,-5.41,2.74,4.39,4.27
9.0,-8.48,-0.98,-5.34,11.46,5.61,2.01
9.0,-8.49,-1.04,-5.51,11.89,8.11,2.68
9.0,-8.36,-0.9,-5.37,18.05,-0.61,-5.67
9.0,-8.67,-1.15,-5.56,19.21,-12.74,0.73
9.0,-8.62,-1.21,-5.43,5.61,-1.65,10.91
9.0,-8.54,-1.2,-5.35,-5.12,5.61,4.45
9.0,-8.54,-1.11,-5.34,-12.68,12.8,-0.61
9.0,-8.6,-1.03,-5.41,-10.85,13.23,-4.02
9.0,-8.69,-1.02,-5.49,-7.68,11.83,0.3
9.0,-8.51,-0.99,-5.47,-2.13,7.68,-6.1
9.0,-8.66,-1.04,-5.39,-0.73,8.29,-5.3
0.0,-8.54,-1.08,-5.42,2.8,14.15,-3.23
9.0,-8.5,-1.06,-5.47,1.89,9.88,-7.13
9.0,-8.44,-1.08,-5.42,-0.37,7.32,-4.7
9.0,-8.56,-1.12,-5.4,0.79,1.04,-0.85
9.0,-8.58,-1.13,-5.48,-0.55,7.99,6.16
9.0,-8.48,-1.05,-5.45,-1.4,8.29,5.37
9.0,-8.51,-1.06,-5.4,-0.24,6.46,8.72
9.0,-8.5,-1.0,-5.51,2.56,3.11,7.38
9.0,-8.52,-1.04,-5.44,6.22,0.0,0.91
9.0,-8.66,-1.15,-5.45,4.88,8.17,-2.13
9.0,-8.62,-1.07,-5.5,-0.85,14.63,0.91
9.0,-8.53,-1.16,-5.47,-5.37,9.21,3.48
9.0,-8.49,-1.02,-5.52,-11.52,5.55,0.18
9.0,-8.4,-0.94,-5.4,-11.4,-0.49,-3.11
9.0,-8.48,-1.04,-5.43,-7.99,-6.89,-5.49
9.0,-8.56,-1.08,-5.49,-9.27,-9.21,3.23
9.0,-8.79,-1.17,-5.54,-20.43,12.68,6.59
0.0,-8.54,-1.0,-5.57,-22.56,22.26,-2.93
9.0,-8.43,-0.97,-5.48,-15.98,2.44,-11.4
9.0,-8.45,-0.87,-5.47,-6.22,-2.44,-11.16
9.0,-8.56,-1.0,-5.37,2.44,3.72,-10.12
9.0,-8.52,-0.94,-5.39,10.73,3.48,-12.5
9.0,-8.57,-0.99,-5.49,14.21,0.18,-7.26
9.0,-8.56,-1.11,-5.44,14.76,4.02,-7.01
9.0,-8.57,-1.12,-5.38,9.82,3.11,4.09
9.0,-8.52,-1.02,-5.44,6.28,5.37,6.16
9.0,-8.65,-1.07,-5.56,11.52,8.9,-1.1
9.0,-8.66,-0.81,-5.43,20.43,26.77,2.68
9.0,-8.55,-1.04,-5.59,38.23,23.66,-20.73
0.0,-8.27,-1.25,-5.5,30.91,8.84,-34.39
0.0,-8.49,-1.33,-5.51,16.77,-6.28,-12.62
9.0,-8.32,-1.35,-5.58,-6.34,-17.68,0.49
9.0,-8.58,-1.22,-5.38,-15.3,-37.8,7.62
9.0,-8.76,-1.21,-5.27,-24.51,-46.77,24.27
0.0,-8.77,-1.1,-5.29,-35.24,-22.13,23.41
9.0,-8.71,-0.87,-5.23,-12.68,5.91,11.71
9.0,-8.82,-1.05,-5.47,-13.96,6.22,15.43
9.0,-8.75,-0.76,-5.4,-4.02,21.83,4.82
9.0,-8.55,-1.0,-5.47,6.89,33.9,-16.65
9.0,-8.38,-0.97,-5.27,16.89,41.46,-33.23
2.0,-8.19,-1.28,-5.46,13.11,30.0,-40.73
2.0,-8.34,-1.25,-5.4,5.18,-0.98,-9.82
9.0,-8.46,-1.23,-5.46,19.02,-20.49,10.67
9.0,-8.63,-1.25,-5.31,-6.1,-31.52,60.85
9.0,-8.97,-1.09,-5.63,7.38,0.55,90.79
9.0,-8.64,-0.7,-5.63,4.15,-10.98,110.61
9.0,-8.74,-0.45,-5.54,28.78,-23.23,71.65
9.0,-8.43,-0.72,-5.48,28.05,14.57,10.12
9.0,-8.38,-0.93,-5.45,-0.06,63.84,-32.13
9.0,-8.33,-1.21,-5.45,-31.04,65.37,-52.5
9.0,-8.32,-1.09,-5.34,-53.66,24.33,-19.7
9.0,-8.59,-1.34,-5.28,-40.12,-26.34,10.43
9.0,-8.91,-1.0,-5.2,-23.9,-24.88,66.1
9.0,-8.6,-1.42,-5.49,-21.95,-41.83,80.98
9.0,-8.75,-0.79,-5.64,-94.82,-27.99,83.96
9.0,-8.29,-0.11,-4.97,-84.82,-24.33,51.16
9.0,-8.93,-0.18,-5.24,-54.94,-23.35,48.17
9.0,-8.49,-0.24,-5.18,-50.0,0.0,25.98
9.0,-8.6,-0.45,-5.33,-46.04,31.16,2.32
9.0,-8.73,-0.08,-5.38,-28.41,51.95,-2.01
9.0,-8.44,-0.27,-5.44,22.99,43.05,-14.76
9.0,-8.45,-0.52,-5.62,45.67,19.51,-18.9
9.0,-8.13,-0.76,-5.47,58.41,-18.48,-17.99
9.0,-8.57,-0.78,-5.55,41.95,-21.4,-3.72
9.0,-8.43,-0.87,-5.54,30.61,-36.04,2.13
9.0,-8.81,-0.85,-5.39,11.77,-33.6,-7.07
9.0,-8.76,-0.77,-5.43,-8.41,-10.67,-3.05
9.0,-8.92,-0.65,-5.44,-16.04,-1.89,-3.84
9.0,-8.99,-0.22,-5.33,-6.77,40.61,14.88
9.0,-8.23,-0.19,-5.13,33.54,32.8,-2.38
9.0,-8.41,-0.55,-5.32,49.88,1.52,-16.22
2.0,-8.6,-0.71,-5.43,32.5,-4.94,-9.63
2.0,-8.56,-0.46,-5.27,38.05,-9.45,-9.51
2.0,-8.64,-0.57,-5.38,39.82,-11.71,2.68
2.0,-8.58,-0.44,-5.21,40.3,-4.09,13.66
2.0,-8.65,-0.57,-5.25,73.9,-18.41,-33.54
2.0,-8.86,-1.02,-5.37,99.57,62.32,-21.89
2.0,-7.85,-1.37,-5.84,47.2,44.45,3.29
2.0,-8.44,-0.87,-4.93,66.89,35.91,-57.99
2.0,-8.69,-1.76,-6.02,-30.55,33.6,32.93
2.0,-8.58,-0.38,-5.47,-109.82,-5.67,40.85
2.0,-8.48,-0.11,-5.15,26.22,19.51,-44.02
2.0,-8.54,-0.95,-5.56,24.45,-36.65,-10.12
2.0,-8.6,-0.61,-5.18,-16.95,-62.2,25.3
2.0,-8.85,-0.59,-5.19,-0.43,-5.43,-9.27
2.0,-8.71,-0.69,-5.33,6.77,30.79,-28.9
2.0,-8.66,-0.95,-5.51,1.22,30.3,-11.1
2.0,-8.49,-0.86,-5.37,-9.51,19.02,-3.29
2.0,-8.46,-0.84,-5.4,-15.73,-2.8,-8.48
2.0,-8.59,-0.76,-5.31,-10.06,4.76,-21.16
2.0,-8.46,-0.92,-5.35,15.73,9.7,-43.17
2.0,-8.54,-1.02,-5.35,13.78,-13.05,-44.94
2.0,-8.69,-0.84,-5.22,22.56,-2.8,-38.48
2.0,-8.7,-0.98,-5.43,56.52,17.26,-49.51
2.0,-8.78,-1.46,-5.51,47.56,32.68,-34.88
9.0,-8.58,-1.47,-5.65,-17.62,53.72,-3.29
2.0,-8.23,-0.75,-5.33,-55.49,25.67,22.01
2.0,-8.38,-0.88,-5.38,-19.82,-0.98,20.49
2.0,-8.32,-0.93,-5.4,-21.22,-15.0,13.84
2.0,-8.56,-0.83,-5.21,-29.27,-20.55,14.82
2.0,-8.56,-0.82,-5.33,-30.79,-24.45,23.66
2.0,-8.79,-0.57,-5.27,-27.01,-9.15,20.12
2.0,-8.77,-0.59,-5.24,-0.37,20.18,4.15
2.0,-8.62,-0.74,-5.34,12.62,25.73,-19.51
2.0,-8.63,-0.95,-5.46,7.26,34.76,-28.96
2.0,-8.67,-1.03,-5.64,6.59,50.73,-28.35
2.0,-8.57,-1.11,-5.7,3.41,66.16,-20.0
2.0,-8.29,-1.01,-5.71,6.59,40.91,-15.37
2.0,-8.27,-1.11,-5.7,1.77,21.89,-19.02
2.0,-8.34,-0.99,-5.66,0.67,-0.24,-1.65
9.0,-8.35,-1.06,-5.6,-3.41,-20.55,8.6
2.0,-8.46,-1.0,-5.5,-11.59,-34.63,14.63
2.0,-8.48,-1.06,-5.48,-12.56,-37.2,15.49
9.0,-8.16,-0.71,-5.3,-23.78,-33.66,16.65
9.0,-8.66,-0.83,-5.43,-23.72,-33.23,33.72
9.0,-8.54,-0.8,-5.4,-17.32,-24.33,33.72
9.0,-8.74,-0.68,-5.4,-14.88,-12.2,29.94
2.0,-8.59,-0.57,-5.37,-11.77,-5.37,17.74
2.0,-8.6,-0.66,-5.42,-3.78,-4.33,5.49
9.0,-8.6,-0.6,-5.43,6.04,3.72,-5.24
2.0,-8.68,-0.68,-5.37,12.56,11.04,-10.98
2.0,-8.56,-0.71,-5.39,17.56,11.16,-14.33
2.0,-8.68,-0.83,-5.39,19.88,5.3,-15.67
2.0,-8.57,-0.89,-5.41,13.29,11.22,-12.93
2.0,-8.53,-0.78,-5.3,9.27,9.09,-16.77
2.0,-8.55,-0.79,-5.26,6.95,9.33,-9.02
9.0,-8.5,-0.84,-5.31,16.28,4.15,-7.93
9.0,-8.56,-0.91,-5.37,22.56,-4.76,-5.43
9.0,-8.6,-0.99,-5.42,7.38,-9.7,-2.62
9.0,-8.73,-0.83,-5.39,2.87,-9.57,-13.6
9.0,-8.76,-0.88,-5.32,3.05,10.06,-12.74
9.0,-8.59,-0.97,-5.35,9.15,10.98,-9.51
9.0,-8.53,-1.02,-5.42,6.71,7.44,-3.72
2.0,-8.62,-1.02,-5.43,-7.5,8.6,1.34
2.0,-8.6,-0.97,-5.5,-13.41,11.22,0.67
2.0,-8.65,-0.96,-5.41,-15.49,14.15,-2.13
2.0,-8.56,-0.83,-5.4,-11.1,19.02,-6.59
9.0,-8.54,-0.91,-5.34,-2.93,16.28,-3.11
2.0,-8.47,-0.87,-5.42,2.38,7.38,0.61
2.0,-8.56,-0.87,-5.44,2.56,-1.59,3.41
9.0,-8.61,-0.83,-5.43,2.01,-3.9,6.46
9.0,-8.51,-0.91,-5.35,0.79,-2.93,6.4
2.0,-8.39,-0.95,-5.43,-9.76,0.49,-2.8
2.0,-8.57,-0.92,-5.49,-24.57,-10.67,-22.68
2.0,-8.55,-0.8,-5.29,-29.51,-10.67,-17.5
2.0,-8.58,-0.8,-5.33,-22.01,-13.35,-16.22
2.0,-8.68,-0.74,-5.34,-9.76,-10.49,-7.74
2.0,-8.74,-0.73,-5.26,9.82,-9.33,2.74
9.0,-8.74,-0.85,-5.52,20.24,-4.39,8.54
9.0,-8.61,-0.94,-5.32,22.07,3.29,3.23
9.0,-8.71,-1.08,-5.44,20.55,5.91,-6.22
2.0,-8.64,-0.96,-5.46,10.61,12.62,-5.37
2.0,-8.58,-0.94,-5.32,4.09,9.45,-3.48
2.0,-8.52,-0.91,-5.31,-1.22,5.79,0.06
9.0,-8.6,-0.95,-5.33,1.83,-0.37,2.87
9.0,-8.62,-0.87,-5.34,2.62,-2.87,7.26
9.0,-8.63,-0.95,-5.4,0.24,1.04,10.06
2.0,-8.6,-0.85,-5.33,-1.83,0.85,7.93
2.0,-8.59,-0.92,-5.36,-1.4,3.66,2.74
2.0,-8.63,-0.78,-5.39,-2.68,7.13,-2.8
2.0,-8.61,-0.83,-5.32,1.1,11.04,-5.37
2.0,-8.57,-0.9,-5.3,1.65,17.38,-6.34
2.0,-8.53,-0.87,-5.33,6.59,20.06,-9.51
2.0,-8.6,-0.95,-5.38,7.87,5.37,-13.6
2.0,-8.63,-0.94,-5.39,0.12,12.01,-5.0
2.0,-8.56,-0.89,-5.37,0.73,9.63,-8.78
2.0,-8.6,-0.99,-5.43,-0.73,8.23,-7.8
2.0,-8.58,-0.94,-5.39,-1.46,7.74,-3.54
2.0,-8.64,-1.02,-5.43,-3.41,0.18,-1.77
2.0,-8.52,-0.94,-5.44,-6.95,6.77,0.73
2.0,-8.54,-0.91,-5.35,-2.01,-1.95,-7.56
2.0,-8.61,-0.89,-5.35,1.89,0.18,-1.16
2.0,-8.58,-0.88,-5.33,2.32,2.5,3.72
2.0,-8.56,-0.9,-5.53,0.18,1.4,-2.38
2.0,-8.61,-0.9,-5.35,5.0,0.0,-8.66
2.0,-8.63,-0.96,-5.44,5.98,6.28,-5.91
2.0,-8.65,-1.01,-5.43,5.98,7.2,-2.38
2.0,-8.62,-0.99,-5.33,0.91,11.22,-0.55
2.0,-8.54,-0.98,-5.46,-2.56,6.71,-1.89
2.0,-8.51,-0.89,-5.37,-0.3,3.35,-6.52
2.0,-8.69,-0.95,-5.25,1.71,1.22,-4.88
2.0,-8.69,-0.98,-5.31,3.17,5.91,-0.12
9.0,-8.55,-1.0,-5.37,5.12,9.7,-1.28
9.0,-8.53,-1.0,-5.4,1.52,15.3,-9.15
9.0,-8.57,-0.98,-5.44,1.95,10.24,-14.57
9.0,-8.63,-1.0,-5.43,0.85,7.32,-8.05
9.0,-8.58,-0.97,-5.42,0.06,10.73,-1.83
9.0,-8.54,-1.01,-5.39,1.04,5.61,-4.51
9.0,-8.51,-1.0,-5.48,-4.82,4.63,-6.4
2.0,-8.59,-1.01,-5.41,-1.46,2.62,-4.33
9.0,-8.58,-0.99,-5.48,-4.21,0.3,4.94
2.0,-8.48,-0.97,-5.37,-2.62,3.35,3.78
9.0,-8.65,-0.98,-5.46,-1.46,-2.07,-3.54
2.0,-8.63,-1.05,-5.34,-5.55,1.59,1.28
2.0,-8.59,-0.86,-5.42,-5.37,3.29,4.33
2.0,-8.58,-0.96,-5.43,-4.76,2.2,-1.46
2.0,-8.59,-0.92,-5.32,-0.61,5.06,-3.78
2.0,-8.61,-0.96,-5.28,3.78,6.1,-2.2
2.0,-8.58,-1.03,-5.45,3.17,6.34,0.85
2.0,-8.55,-0.95,-5.43,-2.87,6.16,-0.85
2.0,-8.57,-0.94,-5.3,-6.4,3.48,-2.62
2.0,-8.58,-0.89,-5.34,-4.27,3.48,-3.41
2.0,-8.61,-0.97,-5.29,0.3,0.18,-3.48
2.0,-8.6,-0.97,-5.34,-0.06,1.04,-0.67
2.0,-8.63,-0.93,-5.39,1.71,-1.04,-0.85
2.0,-8.63,-1.05,-5.44,3.72,-1.1,-6.83
2.0,-8.59,-1.0,-5.42,-2.5,9.09,-10.0
2.0,-8.52,-0.95,-5.33,1.16,0.24,-10.49
2.0,-8.68,-1.08,-5.41,-3.72,4.21,1.59
2.0,-8.51,-0.95,-5.38,-7.38,12.01,3.96
2.0,-8.56,-1.03,-5.46,-10.3,6.89,-1.34
2.0,-8.53,-0.91,-5.41,-9.94,6.1,-3.54
2.0,-8.63,-0.94,-5.36,-4.88,1.77,1.83
2.0,-8.66,-0.92,-5.48,-3.48,-0.06,2.5
2.0,-8.47,-0.91,-5.27,0.0,-0.3,-4.39
2.0,-8.64,-0.97,-5.28,0.73,-2.2,-4.7
2.0,-8.62,-0.9,-5.39,3.23,2.07,4.63
9.0,-8.57,-0.92,-5.4,9.09,-2.32,5.49
2.0,-8.6,-0.94,-5.44,4.94,3.78,0.73
9.0,-8.58,-0.96,-5.35,2.44,7.68,-7.26
9.0,-8.67,-1.02,-5.33,0.79,9.27,-3.11
2.0,-8.59,-0.99,-5.41,0.3,9.15,0.91
9.0,-8.56,-0.95,-5.35,3.78,8.29,1.95
2.0,-8.54,-0.96,-5.43,2.44,3.48,-2.32
9.0,-8.58,-0.94,-5.35,4.82,1.04,-3.66
2.0,-8.55,-1.0,-5.34,2.01,-2.8,-3.17
9.0,-8.65,-0.94,-5.43,3.66,-1.71,-0.43
9.0,-8.55,-0.91,-5.35,4.21,4.51,1.22
9.0,-8.61,-0.98,-5.39,7.93,6.52,0.18
9.0,-8.45,-0.95,-5.4,2.26,9.51,-5.3
9.0,-8.43,-0.96,-5.36,1.83,6.16,-10.49
2.0,-8.64,-1.04,-5.4,-2.87,-0.79,-5.0
2.0,-8.58,-0.94,-5.37,-4.45,9.76,-2.93
2.0,-8.46,-0.94,-5.43,-0.61,7.26,-2.32
2.0,-8.57,-0.93,-5.44,0.61,5.98,-4.27
2.0,-8.59,-1.0,-5.34,3.96,3.9,-4.51
2.0,-8.63,-1.0,-5.48,3.11,-0.79,2.87
2.0,-8.47,-1.04,-5.35,-0.43,1.83,1.16
2.0,-8.53,-1.01,-5.42,-3.35,-3.6,-7.56
2.0,-8.59,-1.09,-5.43,-5.49,2.8,-3.6
2.0,-8.61,-0.95,-5.35,-4.39,4.57,2.01
2.0,-8.64,-0.93,-5.36,-2.93,5.55,-2.44
9.0,-8.6,-0.93,-5.4,2.2,8.54,-4.15
2.0,-8.68,-1.0,-5.4,-0.43,12.74,-6.46
2.0,-8.59,-1.08,-5.45,-1.89,14.39,-4.15
9.0,-8.54,-1.1,-5.46,-5.12,11.52,-1.22
9.0,-8.54,-1.05,-5.51,-11.83,12.74,-2.5
9.0,-8.48,-0.94,-5.38,-11.4,9.88,-4.09
9.0,-8.61,-0.96,-5.35,-12.8,6.65,-1.77
2.0,-8.61,-0.93,-5.43,-9.94,6.16,0.06
2.0,-8.68,-0.98,-5.53,-5.18,11.4,1.1
2.0,-8.51,-0.95,-5.49,-19.76,18.48,-3.72
9.0,-8.37,-1.05,-5.47,-6.34,2.99,-17.26
2.0,-8.6,-1.06,-5.42,-15.0,-0.43,-8.48
2.0,-8.44,-0.98,-5.44,-15.49,3.17,-9.63
2.0,-8.6,-0.89,-5.44,-12.62,2.07,-10.3
2.0,-8.58,-0.87,-5.4,-9.02,6.65,-10.91
2.0,-8.58,-0.97,-5.39,-5.43,5.06,-5.98
2.0,-8.58,-0.83,-5.44,-7.44,10.12,-2.44
2.0,-8.48,-0.85,-5.43,2.93,1.04,-8.05
2.0,-8.6,-1.02,-5.42,2.5,2.13,-5.91
2.0,-8.59,-0.89,-5.36,3.54,4.88,2.32
2.0,-8.6,-1.01,-5.44,1.89,2.56,0.85
9.0,-8.5,-1.0,-5.45,0.0,4.15,-7.07
9.0,-8.57,-0.96,-5.49,0.43,3.66,-9.88
9.0,-8.56,-1.02,-5.44,0.91,6.1,-7.68
9.0,-8.53,-1.02,-5.42,-0.61,8.6,-0.91
2.0,-8.47,-1.01,-5.48,-3.54,7.74,-0.79
2.0,-8.51,-0.95,-5.41,-4.45,7.62,0.67
2.0,-8.48,-1.02,-5.44,-2.8,5.3,1.4
2.0,-8.52,-0.95,-5.36,-3.78,0.73,-0.12
2.0,-8.55,-0.96,-5.44,-0.43,-0.18,0.79
2.0,-8.55,-1.0,-5.46,3.41,2.32,-1.77
2.0,-8.46,-0.88,-5.34,3.96,8.35,-2.07
2.0,-8.46,-0.92,-5.52,4.88,15.85,-4.94
2.0,-8.72,-1.09,-5.56,0.12,-12.2,-12.62
2.0,-8.57,-0.96,-5.38,-2.5,5.3,-7.62
9.0,-8.45,-0.92,-5.4,0.49,-0.61,-1.1
9.0,-8.52,-1.01,-5.43,2.93,1.34,-2.26
9.0,-8.49,-1.02,-5.37,7.99,0.55,-2.38
2.0,-8.6,-1.0,-5.41,4.63,-4.51,-2.2
9.0,-8.46,-0.97,-5.38,4.57,3.78,-0.55
2.0,-8.53,-1.02,-5.49,8.96,-2.26,-5.37
9.0,-8.66,-1.05,-5.42,3.78,5.55,0.79
9.0,-8.63,-1.05,-5.4,3.54,6.65,4.51
2.0,-8.58,-0.96,-5.43,-1.71,7.5,3.84
2.0,-8.56,-0.91,-5.41,0.85,7.93,-2.2
9.0,-8.56,-1.05,-5.4,6.1,8.6,1.95
2.0,-8.63,-1.08,-5.45,3.05,11.65,4.45
2.0,-8.65,-1.04,-5.5,-2.74,11.1,6.52
2.0,-8.5,-0.94,-5.38,-5.37,5.61,3.48
9.0,-8.54,-0.98,-5.44,-5.18,4.82,6.59
2.0,-8.51,-0.97,-5.4,-3.35,3.6,6.4
2.0,-8.54,-0.93,-5.43,0.12,4.21,4.94
2.0,-8.52,-0.96,-5.46,0.55,0.49,2.56
2.0,-8.57,-0.9,-5.45,0.12,0.18,-0.3
9.0,-8.49,-1.0,-5.36,3.05,5.12,-0.61
2.0,-8.51,-0.99,-5.44,0.98,10.85,-2.26
9.0,-8.4,-0.97,-5.42,2.68,5.98,-4.45
9.0,-8.65,-1.07,-5.5,-1.1,-3.84,-1.71
9.0,-8.43,-0.95,-5.3,-4.88,4.51,3.48
9.0,-8.52,-1.0,-5.4,-7.26,2.8,2.38
9.0,-8.55,-0.98,-5.46,-8.78,1.34,-1.52
9.0,-8.54,-0.96,-5.5,-1.22,-1.52,-0.18
9.0,-8.64,-0.92,-5.46,-5.0,0.06,5.55
9.0,-8.54,-0.91,-5.39,-4.51,6.52,2.56
9.0,-8.44,-0.87,-5.42,-1.95,1.89,-3.35
9.0,-8.54,-0.95,-5.34,-2.74,2.62,0.49
9.0,-8.71,-0.93,-5.43,-4.09,7.87,3.17
9.0,-8.5,-0.95,-5.48,-2.01,2.44,0.85
2.0,-8.55,-0.93,-5.41,-0.3,3.11,-3.41
9.0,-8.61,-0.93,-5.37,2.2,4.15,-2.32
2.0,-8.58,-0.98,-5.35,3.6,3.17,-0.79
2.0,-8.55,-0.89,-5.55,0.24,2.32,1.34
2.0,-8.52,-0.92,-5.48,-2.93,2.68,-2.01
2.0,-8.57,-0.87,-5.4,-4.15,1.95,-2.68
2.0,-8.57,-0.88,-5.43,1.16,1.71,-2.87
2.0,-8.62,-0.95,-5.41,3.29,4.39,-5.79
2.0,-8.59,-0.96,-5.47,2.62,4.51,-2.62
9.0,-8.54,-0.96,-5.44,3.6,6.83,-3.84
9.0,-8.57,-1.0,-5.4,5.61,8.17,-7.74
2.0,-8.63,-0.97,-5.48,2.68,15.55,-5.79
9.0,-8.43,-0.99,-5.49,4.57,1.34,-7.87
2.0,-8.63,-1.01,-5.45,-3.11,-2.93,0.61
9.0,-8.49,-0.97,-5.41,-4.33,7.8,-0.73
2.0,-8.47,-0.9,-5.36,-0.98,2.26,-4.94
2.0,-8.51,-0.92,-5.43,0.61,-1.34,-6.28
9.0,-8.61,-0.98,-5.37,2.99,-4.94,-1.89
9.0,-8.63,-1.02,-5.49,-0.49,0.73,-0.06
0.0,-8.45,-0.96,-5.39,-2.13,0.49,-4.39
9.0,-8.66,-0.99,-5.47,2.38,-2.07,-5.98
9.0,-8.58,-1.02,-5.41,1.16,0.12,2.38
2.0,-8.61,-1.0,-5.35,-2.5,0.67,5.43
2.0,-8.57,-0.89,-5.38,-3.84,2.26,-2.26
2.0,-8.62,-0.94,-5.34,-1.4,2.44,-8.05
2.0,-8.62,-0.96,-5.38,1.95,3.6,-2.44
2.0,-8.58,-0.92,-5.42,1.52,6.83,1.1
2.0,-8.59,-0.97,-5.46,-2.07,5.91,1.22
2.0,-8.6,-0.88,-5.36,-5.37,3.11,-2.13
2.0,-8.64,-0.95,-5.46,-2.74,2.87,-2.07
2.0,-8.57,-0.9,-5.35,0.61,3.17,-1.04
2.0,-8.55,-0.98,-5.41,0.91,1.28,-4.57
2.0,-8.62,-1.02,-5.39,0.67,2.32,-2.01
2.0,-8.55,-0.88,-5.36,4.15,5.43,-4.09
2.0,-8.54,-1.01,-5.35,3.66,10.55,-2.2
2.0,-8.5,-0.95,-5.47,1.71,11.4,-5.79
2.0,-8.64,-1.0,-5.48,1.1,-3.35,-7.74
2.0,-8.61,-0.92,-5.4,-3.29,4.21,1.1
9.0,-8.52,-1.01,-5.41,0.79,5.24,0.06
9.0,-8.57,-1.03,-5.39,-6.1,3.11,-2.99
2.0,-8.58,-0.95,-5.4,-8.11,3.84,-6.46
2.0,-8.59,-1.0,-5.38,-6.16,-1.34,-3.78
2.0,-8.64,-0.93,-5.38,-3.17,2.87,2.13
2.0,-8.46,-0.93,-5.39,4.51,-0.55,-2.8
2.0,-8.57,-1.03,-5.37,3.54,-3.78,-2.62
2.0,-8.6,-1.0,-5.43,-0.79,4.09,-0.79
2.0,-8.58,-0.99,-5.4,-2.07,3.17,-1.28
2.0,-8.61,-0.96,-5.3,0.73,3.84,-6.28
2.0,-8.65,-0.98,-5.37,5.12,7.93,-4.33
9.0,-8.54,-1.09,-5.39,3.78,7.62,-1.4
2.0,-8.59,-1.06,-5.37,-1.77,8.35,3.17
9.0,-8.54,-0.99,-5.4,-6.65,6.71,0.12
2.0,-8.57,-0.97,-5.4,-6.1,5.55,-1.16
2.0,-8.57,-0.96,-5.48,-4.15,4.02,3.41
2.0,-8.62,-0.98,-5.32,-0.43,5.43,1.65
2.0,-8.6,-0.97,-5.38,1.16,3.6,0.79
2.0,-8.58,-0.97,-5.4,0.98,5.12,-0.18
2.0,-8.65,-0.95,-5.46,1.22,9.09,0.91
2.0,-8.72,-1.01,-5.42,-1.1,12.68,0.24
2.0,-8.54,-0.94,-5.39,-4.7,13.17,-0.43
2.0,-8.59,-0.96,-5.49,-2.62,-3.78,-7.2
2.0,-8.66,-0.95,-5.4,-8.29,4.39,2.99
2.0,-8.49,-0.93,-5.42,-3.48,8.66,2.99
2.0,-8.54,-0.9,-5.38,-2.5,3.6,-2.44
2.0,-8.58,-0.94,-5.33,2.32,1.59,-5.0
2.0,-8.61,-1.03,-5.45,0.55,-1.52,-1.77
2.0,-8.67,-0.98,-5.38,-3.84,4.39,3.05
2.0,-8.54,-0.9,-5.33,0.12,5.18,-2.8
2.0,-8.65,-0.97,-5.4,1.89,4.33,-1.1
2.0,-8.63,-1.02,-5.45,-2.07,7.07,4.82
2.0,-8.56,-0.94,-5.45,-7.2,7.68,2.26
2.0,-8.56,-0.93,-5.41,-3.78,8.6,-3.6
9.0,-8.54,-0.91,-5.4,6.1,5.37,-4.76
2.0,-8.61,-0.99,-5.35,5.3,7.74,0.12
2.0,-8.49,-0.99,-5.36,0.49,7.68,1.4
2.0,-8.5,-0.91,-5.43,-4.82,5.79,-3.6
2.0,-8.59,-0.91,-5.49,-2.99,2.56,-5.85
2.0,-8.57,-0.93,-5.42,2.68,3.78,-1.16
2.0,-8.5,-0.94,-5.36,4.63,3.72,1.1
2.0,-8.53,-0.94,-5.43,0.85,0.73,-1.89
2.0,-8.55,-0.92,-5.42,2.68,-0.73,-6.59
2.0,-8.61,-0.98,-5.48,4.76,2.2,-2.62
2.0,-8.57,-0.95,-5.29,6.59,3.72,-2.93
9.0,-8.52,-1.03,-5.46,2.74,9.88,-1.89
2.0,-8.46,-1.08,-5.46,1.1,6.04,2.26
2.0,-8.66,-1.1,-5.48,-8.17,2.87,12.07
2.0,-8.55,-0.87,-5.46,-14.7,10.3,24.7
2.0,-8.47,-0.89,-5.32,-6.95,6.89,16.52
9.0,-8.54,-0.8,-5.39,-5.24,3.72,7.2
2.0,-8.61,-0.92,-5.44,-0.79,-2.32,-4.02
2.0,-8.65,-0.92,-5.52,-2.01,0.67,-3.78
2.0,-8.51,-0.9,-5.34,-5.0,7.93,-4.88
2.0,-8.57,-0.89,-5.35,5.91,1.04,-11.59
2.0,-8.67,-0.95,-5.34,4.33,2.13,-0.06
9.0,-8.5,-0.91,-5.38,1.77,0.67,3.84
2.0,-8.53,-0.92,-5.49,-3.11,1.95,-3.54
9.0,-8.56,-0.9,-5.39,-1.4,2.13,-9.33
2.0,-8.63,-0.88,-5.31,2.01,3.41,-3.78
2.0,-8.58,-0.99,-5.42,3.78,4.33,1.4
2.0,-8.62,-0.94,-5.47,-0.91,4.94,4.88
2.0,-8.54,-0.99,-5.37,-4.7,5.06,0.91
2.0,-8.59,-0.95,-5.46,-4.7,5.0,-1.1
2.0,-8.57,-0.97,-5.48,-4.57,5.24,1.77
2.0,-8.55,-0.89,-5.43,-5.43,0.55,2.01
2.0,-8.6,-0.88,-5.43,-6.59,0.55,-0.43
2.0,-8.57,-0.82,-5.42,-1.46,-0.43,0.12
2.0,-8.58,-0.97,-5.54,-1.83,0.06,-1.04
2.0,-8.5,-0.9,-5.54,-3.96,5.49,-7.32
2.0,-8.58,-0.92,-5.38,-1.52,-12.5,-16.46
2.0,-8.64,-0.88,-5.33,-3.29,-1.46,-6.59
2.0,-8.56,-0.89,-5.39,2.07,1.52,-5.3
9.0,-8.6,-0.95,-5.36,-0.73,1.4,-4.27
2.0,-8.58,-0.87,-5.41,0.79,6.46,-7.8
9.0,-8.58,-0.97,-5.42,3.17,3.41,-4.76
2.0,-8.65,-0.9,-5.43,1.4,5.12,-3.35
2.0,-8.5,-0.95,-5.33,2.5,2.2,-9.94
9.0,-8.69,-0.98,-5.42,1.28,1.65,-5.61
9.0,-8.65,-0.98,-5.38,-1.52,9.39,1.71
9.0,-8.62,-0.94,-5.39,-3.84,9.39,1.77
9.0,-8.51,-0.87,-5.42,-2.62,5.85,-6.71
2.0,-8.62,-0.94,-5.48,0.12,3.6,-7.56
9.0,-8.52,-0.96,-5.36,3.17,5.79,-1.04
2.0,-8.54,-1.04,-5.44,2.26,4.63,1.89
2.0,-8.57,-0.95,-5.4,-2.8,4.39,0.18
2.0,-8.6,-0.88,-5.36,-0.3,0.73,-4.02
2.0,-8.57,-0.88,-5.31,2.99,0.67,-2.99
2.0,-8.58,-1.03,-5.34,0.61,3.72,1.83
2.0,-8.59,-0.99,-5.29,-7.44,2.32,1.71
2.0,-8.66,-0.83,-5.32,-9.45,2.44,0.3
2.0,-8.73,-0.83,-5.37,-5.18,6.83,1.22
2.0,-8.75,-0.98,-5.49,-2.68,16.22,-0.79
9.0,-8.56,-0.87,-5.43,-0.12,19.7,-2.01
2.0,-8.61,-0.98,-5.4,6.65,0.55,-6.16
2.0,-8.59,-1.02,-5.44,-0.55,1.22,2.13
2.0,-8.55,-0.97,-5.37,-4.94,5.79,0.79
2.0,-8.54,-0.96,-5.36,-8.35,4.88,0.61
9.0,-8.59,-0.87,-5.4,-2.01,2.62,-0.3
2.0,-8.58,-0.93,-5.41,3.78,-0.12,2.01
2.0,-8.63,-0.95,-5.47,-1.04,2.8,2.32
9.0,-8.46,-0.98,-5.38,-7.26,7.74,-3.05
2.0,-8.6,-0.93,-5.4,-7.99,2.26,-2.56
9.0,-8.59,-0.86,-5.29,-5.85,2.44,6.95
2.0,-8.58,-0.87,-5.46,-4.57,1.46,9.88
9.0,-8.6,-0.9,-5.44,-3.6,2.56,2.44
2.0,-8.63,-0.88,-5.48,0.61,4.33,-1.77
2.0,-8.58,-0.82,-5.36,2.07,5.43,-0.43
2.0,-8.55,-0.89,-5.31,1.16,2.87,2.5
2.0,-8.57,-0.93,-5.39,-5.06,0.55,3.66
2.0,-8.57,-0.92,-5.32,-8.66,-0.06,0.73
2.0,-8.62,-0.83,-5.39,-7.13,-0.06,-0.85
2.0,-8.59,-0.78,-5.38,-5.73,-0.85,-1.1
9.0,-8.5,-0.82,-5.29,0.37,-7.62,-4.51
2.0,-8.61,-0.87,-5.39,4.51,-9.88,-3.35
2.0,-8.64,-0.91,-5.34,7.99,-6.59,-3.9
2.0,-8.55,-0.95,-5.38,8.41,-3.05,-3.11
2.0,-8.52,-0.95,-5.34,6.95,-1.89,-8.9
9.0,-8.73,-0.96,-5.42,0.91,-14.88,-9.21
2.0,-8.82,-0.96,-5.31,-3.6,3.6,-10.37
2.0,-8.58,-0.89,-5.28,-0.43,8.66,-13.35
9.0,-8.62,-0.95,-5.36,2.13,4.57,-11.34
2.0,-8.69,-0.88,-5.23,6.59,5.3,-5.43
2.0,-8.74,-0.94,-5.37,9.45,6.4,4.76
9.0,-8.55,-0.98,-5.33,9.7,10.0,4.51
9.0,-8.56,-0.99,-5.37,2.62,2.01,-4.51
2.0,-8.64,-0.98,-5.36,-4.76,6.04,-4.94
2.0,-8.6,-0.89,-5.36,-7.26,5.0,0.85
2.0,-8.58,-0.87,-5.35,-4.33,1.16,0.43
9.0,-8.59,-0.91,-5.4,2.8,7.2,-3.41
9.0,-8.68,-0.94,-5.35,4.76,7.8,-7.01
2.0,-8.56,-0.92,-5.4,4.27,11.34,-5.3
2.0,-8.59,-0.99,-5.39,1.1,10.06,-2.93
2.0,-8.57,-0.96,-5.4,-3.23,8.6,-0.12
9.0,-8.54,-0.96,-5.36,-5.73,3.05,-0.43
9.0,-8.58,-0.96,-5.28,-5.79,0.3,2.5
2.0,-8.65,-0.94,-5.41,-7.8,-0.12,5.79
2.0,-8.63,-0.93,-5.31,-7.32,0.67,3.9
2.0,-8.61,-0.92,-5.33,-9.02,4.09,1.1
2.0,-8.56,-0.84,-5.25,-6.16,8.66,-1.77
2.0,-8.63,-0.86,-5.38,-0.12,-3.05,-5.12
2.0,-8.64,-0.86,-5.36,-3.48,9.57,-0.91
2.0,-8.55,-0.88,-5.27,-0.12,11.1,-4.33
2.0,-8.51,-0.89,-5.38,-0.49,8.17,-8.11
2.0,-8.58,-0.93,-5.46,2.13,8.35,-8.23
2.0,-8.59,-0.97,-5.32,0.91,2.2,-3.11
2.0,-8.61,-1.01,-5.44,-2.26,7.01,-0.61
9.0,-8.51,-0.93,-5.23,1.28,1.65,-8.6
9.0,-8.62,-1.01,-5.28,3.29,0.12,-5.55
2.0,-8.59,-0.96,-5.39,1.04,5.24,2.13
2.0,-8.65,-0.99,-5.43,-3.05,4.63,2.68
2.0,-8.56,-0.93,-5.34,-4.45,8.05,-7.26
2.0,-8.66,-0.93,-5.41,-2.62,5.49,-7.74
2.0,-8.6,-0.94,-5.44,2.2,7.13,-1.28
2.0,-8.6,-1.0,-5.42,-0.85,8.23,3.78
2.0,-8.53,-0.9,-5.43,-5.12,3.11,0.91
2.0,-8.54,-0.91,-5.29,-5.12,1.65,0.06
2.0,-8.61,-0.96,-5.39,-4.45,0.18,0.61
2.0,-8.6,-0.89,-5.31,-2.13,-1.28,-2.01
2.0,-8.67,-0.87,-5.32,0.37,2.38,-1.34
2.0,-8.7,-0.92,-5.36,2.56,8.48,-1.4
2.0,-8.7,-1.02,-5.42,4.21,11.65,-5.12
2.0,-8.65,-0.95,-5.42,-0.67,15.43,-8.6
2.0,-8.52,-0.96,-5.33,4.33,2.26,-13.6
2.0,-8.67,-0.95,-5.37,3.72,-0.18,-3.66
9.0,-8.56,-0.94,-5.41,-0.85,8.54,-2.2
2.0,-8.57,-1.03,-5.4,-3.78,1.71,-4.76
2.0,-8.57,-1.01,-5.42,-2.07,4.51,-8.23
2.0,-8.65,-0.97,-5.32,-2.87,1.83,-1.22
2.0,-8.67,-1.06,-5.39,-5.67,3.35,5.24
2.0,-8.49,-0.88,-5.32,-7.01,6.34,1.71
2.0,-8.63,-0.97,-5.38,-2.26,-0.3,-7.8
2.0,-8.62,-0.9,-5.42,-1.59,4.63,1.59
2.0,-8.57,-0.95,-5.32,-1.34,2.56,6.89
9.0,-8.61,-0.92,-5.4,-3.84,4.27,-2.32
2.0,-8.63,-0.98,-5.33,-0.12,1.89,-7.26
9.0,-8.62,-0.98,-5.4,-0.37,3.11,3.05
2.0,-8.6,-0.93,-5.36,-3.96,2.93,8.11
2.0,-8.55,-0.95,-5.37,-8.41,1.1,5.67
2.0,-8.48,-0.81,-5.4,-4.33,-5.67,0.79
9.0,-8.46,-0.84,-5.36,6.04,-11.83,6.65
2.0,-8.55,-0.93,-5.46,19.63,-36.4,16.28
2.0,-8.67,-1.02,-5.31,18.84,-35.24,24.45
9.0,-8.8,-0.93,-5.24,11.71,-18.78,19.88
2.0,-9.14,-0.77,-5.09,24.51,14.45,6.22
9.0,-8.57,-0.86,-5.22,19.09,43.23,-21.04
9.0,-8.55,-0.93,-5.28,4.02,31.52,-40.79
9.0,-8.67,-0.91,-5.25,6.28,21.22,-44.27
2.0,-8.67,-1.18,-5.45,1.52,21.65,-29.02
9.0,-8.49,-1.17,-5.43,-10.18,20.61,-16.22
2.0,-8.53,-1.23,-5.35,-16.65,5.43,-2.93
2.0,-8.56,-1.02,-5.29,-17.5,-6.34,10.37
9.0,-8.61,-1.01,-5.4,-10.0,-11.22,13.96
9.0,-8.67,-0.99,-5.35,-8.48,-6.71,14.45
9.0,-8.58,-0.92,-5.34,-3.96,2.38,5.98
9.0,-8.68,-0.89,-5.4,-1.34,6.71,1.52
9.0,-8.64,-0.94,-5.33,2.26,11.16,-4.57
2.0,-8.58,-1.0,-5.43,2.56,9.02,-3.78
9.0,-8.58,-0.97,-5.35,1.16,7.87,-0.91
2.0,-8.55,-1.02,-5.37,-0.98,2.32,7.38
9.0,-8.59,-0.94,-5.47,-1.04,1.34,10.12
2.0,-8.58,-0.83,-5.32,-4.39,-3.96,9.45
2.0,-8.64,-0.92,-5.39,-3.48,-3.54,9.51
9.0,-8.63,-0.9,-5.34,-5.55,-2.38,10.0
9.0,-8.6,-0.88,-5.32,-4.76,-0.79,4.7
2.0,-8.68,-0.88,-5.22,-0.73,1.83,-0.06
2.0,-8.65,-0.91,-5.19,3.11,5.12,0.24
9.0,-8.6,-0.96,-5.32,7.8,12.5,-3.54
9.0,-8.59,-1.02,-5.41,-0.18,19.39,-4.51
9.0,-8.52,-0.95,-5.38,-0.91,10.12,-6.46
2.0,-8.65,-0.98,-5.43,-5.79,5.73,2.07
9.0,-8.53,-0.89,-5.37,-4.39,11.77,5.61
2.0,-8.47,-0.87,-5.36,-2.26,6.83,2.01
2.0,-8.61,-0.86,-5.4,-4.51,2.44,-2.62
2.0,-8.63,-0.89,-5.39,1.1,-3.35,-5.18
2.0,-8.62,-0.95,-5.35,-3.9,-6.04,-0.18
2.0,-8.55,-0.92,-5.33,-1.71,-4.39,-3.48
2.0,-8.68,-0.91,-5.29,4.7,-6.22,-4.15
2.0,-8.64,-0.99,-5.34,3.9,-3.48,3.05
2.0,-8.56,-0.91,-5.31,2.13,-2.74,5.79
9.0,-8.61,-0.95,-5.32,0.3,-1.28,3.11
2.0,-8.67,-0.94,-5.34,0.61,1.71,1.22
2.0,-8.71,-0.89,-5.36,1.1,4.33,0.55
2.0,-8.68,-0.93,-5.32,-1.04,8.96,1.28
2.0,-8.6,-0.91,-5.32,-3.05,9.63,1.34
2.0,-8.58,-0.91,-5.32,-2.87,9.7,2.38
2.0,-8.58,-0.83,-5.29,2.38,5.67,-1.71
2.0,-8.65,-0.88,-5.3,0.06,5.79,0.85
2.0,-8.63,-0.9,-5.28,-1.1,7.56,1.95
9.0,-8.71,-0.97,-5.4,-0.43,11.77,-1.4
2.0,-8.65,-0.81,-5.37,-2.01,14.33,-3.23
2.0,-8.59,-0.88,-5.45,2.99,0.3,-10.43
2.0,-8.64,-0.89,-5.37,-1.16,1.34,-4.09
9.0,-8.61,-0.95,-5.34,0.06,6.77,-5.43
9.0,-8.66,-0.97,-5.32,-0.98,7.62,-6.16
9.0,-8.54,-0.91,-5.28,0.43,9.21,-6.89
9.0,-8.66,-0.96,-5.38,-0.73,6.77,-4.45
2.0,-8.69,-0.93,-5.4,-4.09,4.33,-2.8
2.0,-8.55,-0.95,-5.31,-3.78,5.3,-1.46
9.0,-8.68,-0.96,-5.48,-1.77,0.43,-3.84
2.0,-8.64,-0.9,-5.36,-2.26,7.01,2.38
2.0,-8.67,-0.88,-5.38,-2.8,12.26,1.83
2.0,-8.61,-0.87,-5.35,-1.22,6.4,-5.49
2.0,-8.61,-0.89,-5.41,1.16,5.49,-11.71
2.0,-8.63,-0.92,-5.3,1.89,6.46,-6.52
2.0,-8.62,-0.92,-5.32,1.77,7.62,-2.5
2.0,-8.56,-0.93,-5.33,-2.01,6.28,-1.95
2.0,-8.57,-0.93,-5.51,-5.67,3.54,-5.18
2.0,-8.56,-0.87,-5.27,-2.74,1.28,-4.27
2.0,-8.58,-0.88,-5.33,0.79,-3.48,-1.4
2.0,-8.63,-0.92,-5.36,1.22,-0.98,-3.54
2.0,-8.67,-0.95,-5.34,5.85,2.87,-7.56
2.0,-8.61,-0.96,-5.4,-0.85,6.89,-6.65
2.0,-8.5,-1.04,-5.4,0.0,2.13,-8.84
2.0,-8.75,-0.99,-5.37,-1.04,-0.61,-2.68
2.0,-8.57,-0.92,-5.27,-2.68,5.55,4.02
2.0,-8.59,-0.94,-5.33,-3.48,0.37,4.51
2.0,-8.56,-0.91,-5.36,-4.45,-2.13,0.98
9.0,-8.61,-0.98,-5.34,-3.72,-8.17,4.51
9.0,-8.65,-1.0,-5.32,-0.85,-14.02,11.16
9.0,-8.64,-0.95,-5.38,-5.61,-6.1,10.24
9.0,-8.58,-0.93,-5.32,-1.16,-8.29,-1.16
2.0,-8.71,-0.89,-5.33,-4.02,-3.54,5.37
2.0,-8.69,-1.0,-5.33,-4.94,2.13,9.33
2.0,-8.66,-0.89,-5.38,-7.56,4.57,4.33
2.0,-8.61,-0.85,-5.25,-6.4,7.26,-2.32
2.0,-8.63,-0.83,-5.23,-2.13,8.29,1.52
2.0,-8.66,-0.82,-5.33,0.67,5.85,7.93
2.0,-8.58,-0.92,-5.37,-1.46,5.55,9.02
2.0,-8.63,-0.83,-5.3,-2.13,5.24,6.71
2.0,-8.56,-0.79,-5.27,-0.49,3.35,7.32
9.0,-8.56,-0.8,-5.33,3.48,-5.18,-0.06
2.0,-8.59,-0.84,-5.35,1.28,-7.32,-4.15
2.0,-8.7,-0.82,-5.27,4.7,-7.87,-4.63
2.0,-8.75,-0.88,-5.32,6.71,-0.61,-5.85
2.0,-8.7,-0.86,-5.37,6.34,9.76,-8.29
2.0,-8.58,-0.95,-5.21,7.56,0.67,-9.02
2.0,-8.73,-1.0,-5.22,-0.73,0.79,1.34
9.0,-8.68,-0.93,-5.25,-2.44,5.3,4.63
2.0,-8.63,-0.93,-5.25,-5.67,5.73,-0.06
2.0,-8.62,-0.82,-5.34,-5.18,3.78,-4.15
9.0,-8.72,-0.89,-5.26,-1.34,0.61,2.68
2.0,-8.72,-0.88,-5.26,-4.45,0.73,9.15
2.0,-8.58,-0.78,-5.35,-5.73,6.83,1.22
9.0,-8.73,-0.86,-5.3,-0.67,2.87,-7.8
2.0,-8.68,-0.83,-5.3,-0.06,6.52,-0.3
9.0,-8.62,-0.82,-5.34,-2.13,5.3,4.76
9.0,-8.64,-0.83,-5.22,-3.05,4.33,-1.89
2.0,-8.67,-0.81,-5.25,-0.91,4.45,-6.77
2.0,-8.67,-0.87,-5.29,0.61,5.37,-4.02
2.0,-8.72,-0.87,-5.35,1.52,3.48,0.12
2.0,-8.68,-0.89,-5.33,-1.71,5.0,-0.37
2.0,-8.61,-0.87,-5.29,-2.99,5.0,-3.66
2.0,-8.65,-0.92,-5.27,-6.34,3.23,-1.59
2.0,-8.71,-0.86,-5.27,-3.29,5.18,1.22
2.0,-8.61,-0.87,-5.22,2.5,3.66,-1.34
2.0,-8.6,-0.84,-5.32,0.18,8.66,-4.27
2.0,-8.49,-0.79,-5.33,3.05,4.51,-7.5
2.0,-8.75,-0.88,-5.38,1.95,-6.16,-5.12
2.0,-8.63,-0.82,-5.2,0.43,1.04,-2.68
2.0,-8.7,-0.9,-5.31,-1.59,3.35,-0.73
9.0,-8.64,-0.88,-5.28,-4.02,6.71,-2.62
9.0,-8.64,-0.89,-5.27,-3.48,3.17,-2.93
2.0,-8.7,-0.89,-5.23,-3.35,-1.65,0.3
2.0,-8.66,-0.88,-5.22,-2.32,7.68,-0.91
9.0,-8.66,-0.82,-5.27,3.29,0.73,-6.77
9.0,-8.71,-0.89,-5.26,2.01,1.59,-3.78
9.0,-8.75,-0.86,-5.32,-2.62,10.3,2.26
2.0,-8.66,-0.88,-5.23,-3.6,7.87,-3.05
2.0,-8.68,-0.88,-5.23,-5.24,9.45,-6.77
2.0,-8.64,-0.81,-5.21,-2.62,12.56,-2.99
2.0,-8.64,-0.83,-5.23,-1.71,11.16,1.89
2.0,-8.59,-0.88,-5.36,-4.21,9.94,4.09
2.0,-8.59,-0.83,-5.34,-6.71,2.74,2.38
2.0,-8.62,-0.74,-5.31,-4.45,-1.89,-4.45
2.0,-8.71,-0.84,-5.32,-0.79,-5.24,-1.59
2.0,-8.64,-0.86,-5.26,2.93,0.73,-0.12
2.0,-8.78,-0.9,-5.46,1.4,3.96,-0.73
2.0,-8.63,-0.8,-5.23,-1.34,6.83,-5.24
2.0,-8.61,-0.9,-5.31,0.79,-3.6,-11.46
9.0,-8.9,-0.92,-5.26,-5.24,12.2,5.0
2.0,-8.63,-1.01,-5.39,-5.98,26.52,-4.63
9.0,-8.45,-0.84,-5.26,-7.68,-20.06,-7.56
9.0,-8.69,-0.86,-5.27,-6.04,-12.01,-11.4
2.0,-8.72,-0.88,-5.29,-5.24,-14.02,5.91
2.0,-8.66,-0.88,-5.27,-5.0,-4.82,9.51
2.0,-8.56,-0.89,-5.27,-7.38,1.52,0.98
2.0,-8.72,-0.89,-5.21,-6.89,-5.49,-1.04
2.0,-8.73,-0.81,-5.27,-4.88,1.28,6.77
2.0,-8.62,-0.85,-5.12,-6.52,1.52,10.3
9.0,-8.61,-0.77,-5.22,-4.27,6.34,0.3
9.0,-8.61,-0.84,-5.21,-0.79,2.99,-6.59
9.0,-8.64,-0.79,-5.26,1.28,3.35,0.79
9.0,-8.71,-0.82,-5.3,-2.87,3.35,7.26
9.0,-8.65,-0.79,-5.32,-5.0,2.32,4.33
9.0,-8.68,-0.86,-5.25,-7.32,-0.49,0.73
2.0,-8.7,-0.74,-5.16,-5.12,0.0,1.71
9.0,-8.75,-0.71,-5.17,-2.26,-1.77,4.45
2.0,-8.68,-0.72,-5.21,1.04,1.22,1.65
9.0,-8.75,-0.84,-5.24,4.45,6.46,-2.5
9.0,-8.75,-0.76,-5.32,4.27,14.09,-8.29
2.0,-8.59,-0.8,-5.18,7.74,5.06,-12.38
9.0,-8.75,-0.87,-5.34,2.68,3.54,-4.09
2.0,-8.67,-0.79,-5.24,-0.91,8.29,1.16
2.0,-8.62,-0.83,-5.26,-3.6,6.95,-2.68
2.0,-8.62,-0.84,-5.25,-3.23,5.67,-6.22
9.0,-8.69,-0.78,-5.27,1.59,-0.85,-3.6
9.0,-8.79,-0.81,-5.2,0.67,-1.46,5.73
2.0,-8.69,-0.78,-5.22,2.32,7.13,-0.18
9.0,-8.74,-0.82,-5.2,0.18,2.99,-5.3
2.0,-8.69,-0.79,-5.23,-0.55,5.73,-0.43
9.0,-8.68,-0.83,-5.29,-1.59,7.74,0.37
2.0,-8.66,-0.79,-5.3,-0.85,3.35,-3.9
2.0,-8.71,-0.79,-5.33,0.73,5.91,-3.35
9.0,-8.67,-0.87,-5.22,4.7,5.61,-2.62
2.0,-8.7,-0.89,-5.29,4.15,5.43,0.0
2.0,-8.69,-0.89,-5.34,-2.26,5.61,1.59
9.0,-8.59,-0.82,-5.21,-7.56,3.54,1.77
2.0,-8.64,-0.77,-5.28,-7.87,0.24,1.28
2.0,-8.71,-0.68,-5.18,-5.12,-3.35,1.04
2.0,-8.68,-0.75,-5.26,4.27,-0.85,1.65
2.0,-8.81,-0.83,-5.23,4.7,6.34,0.79
2.0,-8.68,-0.82,-5.31,3.11,10.67,-3.96
2.0,-8.65,-0.85,-5.23,2.87,-0.24,-9.21
2.0,-8.72,-0.88,-5.17,-6.59,6.34,-1.95
2.0,-8.7,-0.76,-5.15,-4.63,11.16,-1.46
2.0,-8.67,-0.78,-5.32,-7.26,7.62,-1.16
2.0,-8.61,-0.74,-5.21,-5.37,4.27,-4.45
2.0,-8.64,-0.8,-5.29,-0.37,-0.67,-0.67
2.0,-8.64,-0.82,-5.28,-0.3,-0.67,3.23
2.0,-8.57,-0.78,-5.27,0.37,2.44,-5.06
2.0,-8.76,-0.79,-5.28,0.24,1.04,-7.8
2.0,-8.67,-0.9,-5.31,-2.32,5.55,1.1
2.0,-8.65,-0.81,-5.27,-1.04,4.21,1.83
2.0,-8.68,-0.83,-5.27,-3.84,2.99,-3.78
2.0,-8.73,-0.79,-5.3,-3.35,2.87,-4.76
2.0,-8.67,-0.79,-5.2,-0.91,2.74,1.59
2.0,-8.6,-0.81,-5.18,-2.62,1.59,4.15
2.0,-8.65,-0.83,-5.21,-4.63,-3.35,1.95
2.0,-8.65,-0.73,-5.15,-5.24,-3.17,-2.5
2.0,-8.57,-0.8,-5.17,2.99,-1.52,-2.74
2.0,-8.68,-0.75,-5.26,3.72,-3.48,1.65
9.0,-8.73,-0.75,-5.21,6.59,2.32,1.65
2.0,-8.81,-0.91,-5.31,7.44,2.44,-5.49
2.0,-8.77,-0.84,-5.27,0.98,6.46,-7.5
2.0,-8.56,-0.77,-5.21,4.09,0.18,-8.6
9.0,-8.75,-0.9,-5.25,2.68,-8.72,-7.56
2.0,-8.66,-0.77,-5.25,0.0,-1.4,-4.76
2.0,-8.74,-0.91,-5.2,2.01,-1.4,-5.91
9.0,-8.68,-0.79,-5.18,3.6,0.49,-6.77
9.0,-8.75,-0.89,-5.2,6.04,0.0,-5.18
2.0,-8.8,-0.89,-5.2,1.59,0.37,-2.68
9.0,-8.68,-0.88,-5.22,-4.21,5.67,-2.01
2.0,-8.75,-0.82,-5.14,1.59,0.0,-9.76
2.0,-8.8,-0.82,-5.26,0.24,5.37,0.0
2.0,-8.66,-0.89,-5.24,-0.37,8.17,7.44
2.0,-8.68,-0.83,-5.17,-4.82,5.98,-0.67
2.0,-8.71,-0.85,-5.16,-7.56,5.79,-5.12
2.0,-8.77,-0.77,-5.19,-3.48,7.99,-2.26
2.0,-8.69,-0.83,-5.18,0.43,8.6,1.83
2.0,-8.62,-0.84,-5.21,-1.71,6.16,2.5
2.0,-8.64,-0.82,-5.22,-3.23,3.72,-4.27
2.0,-8.72,-0.76,-5.19,-1.65,2.99,-3.84
2.0,-8.71,-0.83,-5.17,0.49,3.78,-0.49
2.0,-8.64,-0.8,-5.06,1.65,1.89,-2.56
2.0,-8.71,-0.84,-5.2,2.5,1.71,0.18
2.0,-8.7,-0.7,-5.17,-1.89,8.72,5.55
2.0,-8.85,-0.86,-5.28,2.38,4.57,0.43
9.0,-8.68,-0.92,-5.28,-0.49,9.27,-3.96
9.0,-8.65,-0.82,-5.29,0.79,2.26,-3.84
9.0,-8.77,-0.91,-5.27,0.49,-5.85,3.05
2.0,-8.65,-0.88,-5.13,-9.88,-4.76,4.45
2.0,-8.64,-0.85,-5.28,-13.84,-8.11,-3.29
2.0,-8.73,-0.73,-5.16,-14.02,-8.9,-4.15
9.0,-8.85,-0.72,-5.2,0.24,-1.46,2.26
2.0,-8.84,-0.8,-5.35,2.01,7.26,5.61
2.0,-8.65,-0.87,-5.22,-2.8,14.15,3.35
9.0,-8.58,-0.84,-5.2,-4.33,7.68,-3.41
2.0,-8.64,-0.8,-5.22,-8.54,5.85,4.63
2.0,-8.68,-0.73,-5.27,-5.0,1.28,11.89
2.0,-8.73,-0.68,-5.22,-0.3,1.77,4.09
2.0,-8.72,-0.77,-5.22,0.43,6.46,-3.78
2.0,-8.75,-0.82,-5.24,3.05,8.9,-4.39
2.0,-8.7,-0.79,-5.21,2.99,6.95,-2.74
2.0,-8.7,-0.83,-5.24,-0.18,5.3,0.43
2.0,-8.64,-0.69,-5.18,-3.54,2.32,0.24
2.0,-8.78,-0.73,-5.21,-1.89,3.54,1.52
2.0,-8.63,-0.76,-5.25,-0.61,2.68,-0.85
2.0,-8.75,-0.77,-5.25,-0.98,2.8,-2.44
2.0,-8.71,-0.7,-5.17,1.1,2.38,-0.49
2.0,-8.69,-0.66,-5.15,6.04,5.37,-3.96
2.0,-8.65,-0.8,-5.23,7.68,10.43,-7.5
2.0,-8.62,-0.74,-5.19,8.35,9.76,-8.6
2.0,-8.76,-0.88,-5.28,3.78,-2.68,-5.73
9.0,-8.7,-0.81,-5.13,-1.34,5.43,-1.4
2.0,-8.66,-0.82,-5.22,-1.22,4.7,-4.27
2.0,-8.66,-0.8,-5.23,-2.8,3.54,-5.73
2.0,-8.72,-0.83,-5.27,1.71,3.6,-4.88
2.0,-8.75,-0.92,-5.27,2.99,-0.06,3.29
2.0,-8.71,-0.84,-5.21,-1.77,11.28,2.62
9.0,-8.67,-0.78,-5.18,2.07,1.95,-7.56
9.0,-8.76,-0.87,-5.21,-1.34,1.95,-3.66
9.0,-8.78,-0.82,-5.26,-5.3,4.63,6.16
9.0,-8.67,-0.79,-5.14,-5.3,1.22,4.39
2.0,-8.71,-0.74,-5.17,-3.17,2.74,-4.57
2.0,-8.73,-0.78,-5.21,1.52,3.6,-4.82
2.0,-8.68,-0.8,-5.2,7.32,6.4,-0.79
9.0,-8.64,-0.76,-5.25,5.73,2.01,-1.65
2.0,-8.52,-0.75,-5.08,5.61,-0.06,-0.67
2.0,-8.85,-0.82,-5.23,-2.26,-2.5,-11.89
2.0,-8.83,-0.82,-5.13,-4.76,1.4,-2.68
2.0,-8.75,-0.79,-5.23,-1.71,3.54,6.1
9.0,-8.82,-0.75,-5.25,1.77,3.96,-2.87
9.0,-8.72,-0.83,-5.19,0.98,5.85,-5.79
2.0,-8.61,-0.78,-5.08,2.26,1.83,-8.84
2.0,-8.77,-0.88,-5.15,1.34,-3.54,-2.93
2.0,-8.73,-0.81,-5.17,-3.29,5.18,-0.3
2.0,-8.65,-0.79,-5.13,-0.06,7.74,-7.38
9.0,-8.61,-0.83,-5.15,-1.22,11.04,-9.94
2.0,-8.73,-0.83,-5.31,1.59,5.98,-6.28
2.0,-8.68,-0.86,-5.2,-1.71,4.76,1.71
2.0,-8.65,-0.78,-5.22,-6.83,9.94,2.07
2.0,-8.65,-0.81,-5.22,-1.28,-0.37,-4.45
9.0,-8.75,-0.83,-5.22,-4.57,2.32,0.49
2.0,-8.66,-0.8,-5.12,-4.15,2.99,2.74
2.0,-8.72,-0.79,-5.25,-6.28,5.06,-0.61
2.0,-8.66,-0.76,-5.22,-3.6,8.11,-5.18
2.0,-8.75,-0.8,-5.18,0.98,5.67,-5.3
2.0,-8.72,-0.89,-5.3,-2.13,8.9,-2.01
2.0,-8.7,-0.83,-5.16,-4.27,9.39,-2.32
2.0,-8.62,-0.73,-5.22,-2.56,6.16,1.04
2.0,-8.63,-0.77,-5.32,-2.13,4.27,-1.77
2.0,-8.68,-0.77,-5.1,-2.32,1.46,-6.59
2.0,-8.7,-0.7,-5.15,-0.06,1.77,-2.38
2.0,-8.71,-0.8,-5.22,6.65,3.66,-0.85
2.0,-8.77,-0.86,-5.3,3.05,11.16,-4.82
2.0,-8.67,-0.77,-5.23,0.43,15.85,-7.68
2.0,-8.64,-0.82,-5.2,5.55,-0.24,-10.79
2.0,-8.72,-0.84,-5.25,-0.85,5.79,-2.13
2.0,-8.67,-0.88,-5.12,-2.38,8.84,-3.78
2.0,-8.62,-0.82,-5.19,-4.51,6.04,-3.41
2.0,-8.63,-0.87,-5.2,-4.27,3.41,-4.57
2.0,-8.72,-0.82,-5.21,-4.27,3.54,0.49
9.0,-8.69,-0.85,-5.32,-4.21,3.17,2.62
9.0,-8.54,-0.88,-5.11,-2.07,3.17,-2.5
9.0,-8.86,-0.78,-5.22,-2.44,1.1,1.52
9.0,-8.68,-0.81,-5.24,1.4,8.72,10.06
2.0,-8.57,-0.84,-5.2,-4.94,4.7,4.76
9.0,-8.76,-0.69,-5.15,-7.56,7.13,-7.07
2.0,-8.64,-0.75,-5.18,4.09,0.43,-2.44
2.0,-8.69,-0.82,-5.2,6.89,2.8,2.62
2.0,-8.65,-0.93,-5.18,4.33,3.35,7.8
2.0,-8.62,-0.83,-5.32,-5.67,0.37,1.59
9.0,-8.65,-0.78,-5.27,-6.4,-0.37,-2.5
2.0,-8.74,-0.76,-5.21,-4.7,-0.79,-1.95
2.0,-8.79,-0.8,-5.16,-4.94,4.7,4.39
2.0,-8.77,-0.77,-5.16,-1.77,2.38,5.06
2.0,-8.71,-0.75,-5.23,2.13,3.84,-3.72
2.0,-8.58,-0.74,-5.08,1.95,11.16,-0.79
2.0,-8.54,-0.77,-5.24,2.99,12.32,-3.6
2.0,-8.79,-0.87,-5.25,-1.28,2.5,-2.56
2.0,-8.76,-0.88,-5.29,-4.27,8.66,0.67
2.0,-8.55,-0.74,-5.19,-4.63,8.35,-2.01
2.0,-8.68,-0.8,-5.13,-4.51,5.91,-2.74
2.0,-8.66,-0.79,-5.32,0.98,1.65,-2.8
9.0,-8.74,-0.78,-5.25,1.52,-3.11,1.83
2.0,-8.63,-0.74,-5.17,0.24,2.44,0.73
2.0,-8.6,-0.81,-5.15,4.57,-3.41,-8.35
2.0,-8.72,-0.78,-5.27,2.38,2.01,-1.04
2.0,-8.66,-0.84,-5.27,1.04,3.17,2.8
2.0,-8.62,-0.8,-5.24,-2.13,2.8,-3.96
2.0,-8.74,-0.76,-5.18,-0.55,5.49,-8.41
2.0,-8.73,-0.86,-5.22,4.63,6.34,-5.18
2.0,-8.72,-0.82,-5.25,4.57,6.28,-1.52
2.0,-8.68,-0.82,-5.27,-3.84,6.46,-2.68
2.0,-8.63,-0.82,-5.2,-7.74,4.63,-1.89
2.0,-8.65,-0.72,-5.14,-2.93,-0.24,-0.06
2.0,-8.74,-0.72,-5.22,1.1,0.37,4.02
2.0,-8.69,-0.75,-5.2,3.96,4.57,-1.59
9.0,-8.67,-0.81,-5.15,1.89,10.91,-6.28
2.0,-8.63,-0.76,-5.24,4.7,12.13,-8.54
2.0,-8.77,-0.92,-5.24,3.11,1.52,-5.79
2.0,-8.66,-0.84,-5.16,-2.26,7.44,-1.83
2.0,-8.63,-0.85,-5.25,-3.17,6.1,-6.59
2.0,-8.74,-0.93,-5.24,-3.78,1.59,-7.56
9.0,-8.81,-0.84,-5.24,-5.79,-2.26,4.33
9.0,-8.74,-0.9,-5.29,-10.37,-3.54,12.01
2.0,-8.64,-0.7,-5.13,-11.83,2.87,2.38
2.0,-8.74,-0.79,-5.27,-3.35,-2.8,-5.18
2.0,-8.78,-0.8,-5.19,1.46,2.62,-0.61
2.0,-8.69,-0.83,-5.17,0.06,2.8,3.9
9.0,-8.7,-0.83,-5.21,-3.29,4.09,-0.55
2.0,-8.71,-0.78,-5.19,-5.18,2.93,-7.13
2.0,-8.76,-0.77,-5.25,-1.89,4.63,-2.87
2.0,-8.61,-0.77,-5.18,-2.87,1.95,6.4
2.0,-8.68,-0.73,-5.25,-3.29,0.98,6.95
2.0,-8.69,-0.76,-5.2,-2.2,0.43,4.02
2.0,-8.74,-0.74,-5.17,-0.12,-1.77,2.62
2.0,-8.8,-0.85,-5.18,-2.2,3.23,2.2
2.0,-8.81,-0.79,-5.23,0.06,7.93,-1.65
2.0,-8.63,-0.8,-5.23,-1.1,9.09,-7.26
2.0,-8.59,-0.75,-5.02,4.82,4.76,-11.1
9.0,-8.81,-0.83,-5.21,3.66,-1.52,-7.5
2.0,-8.69,-0.78,-5.19,2.68,6.71,-0.49
2.0,-8.66,-0.82,-5.18,0.3,1.65,-3.78
2.0,-8.71,-0.79,-5.16,-3.11,1.59,-5.49
2.0,-8.78,-0.8,-5.2,-2.68,2.62,-3.17
2.0,-8.72,-0.82,-5.27,-4.7,0.73,7.01
2.0,-8.64,-0.75,-5.18,-4.76,2.01,5.18
2.0,-8.68,-0.74,-5.16,1.59,-6.95,-8.78
2.0,-8.88,-0.78,-5.23,1.22,-4.63,-0.91
2.0,-8.76,-0.79,-5.14,2.8,2.68,6.1
2.0,-8.79,-0.79,-5.12,-1.59,5.43,0.61
9.0,-8.66,-0.75,-5.16,0.61,4.45,-11.28
2.0,-8.76,-0.8,-5.19,1.59,5.67,-4.15
2.0,-8.75,-0.84,-5.14,0.37,7.2,2.44
9.0,-8.67,-0.8,-5.25,-6.4,6.34,8.35
9.0,-8.68,-0.83,-5.24,-11.77,2.99,4.94
2.0,-8.73,-0.77,-5.12,-7.44,-3.54,-1.34
9.0,-8.78,-0.69,-5.18,-3.29,-5.06,0.79
2.0,-8.9,-0.73,-5.13,-2.8,0.91,7.32
2.0,-8.72,-0.93,-5.21,-0.12,4.45,-2.2
2.0,-8.91,-0.74,-5.19,-5.0,4.15,-6.22
2.0,-8.69,-0.7,-5.06,4.09,3.11,-6.22
2.0,-8.82,-0.75,-5.19,2.56,1.1,3.48
2.0,-8.77,-0.82,-5.13,-1.89,8.17,1.65
2.0,-8.69,-0.77,-5.18,-6.65,6.77,-2.56
2.0,-8.68,-0.7,-5.16,-4.21,6.4,-7.8
2.0,-8.81,-0.75,-5.2,-0.67,2.26,-2.62
2.0,-8.81,-0.8,-5.16,-1.34,0.12,7.74
2.0,-8.65,-0.72,-5.21,-0.12,6.1,1.65
2.0,-8.75,-0.75,-5.15,0.49,2.93,-5.98
2.0,-8.75,-0.74,-5.15,-0.06,6.65,0.55
2.0,-8.73,-0.72,-5.15,-1.16,3.96,2.62
2.0,-8.73,-0.69,-5.15,-1.83,1.52,-4.63
2.0,-8.72,-0.74,-5.17,1.52,6.28,-10.12
2.0,-8.78,-0.75,-5.11,7.2,5.37,-7.99
2.0,-8.74,-0.86,-5.18,6.95,7.68,-0.67
2.0,-8.73,-0.84,-5.19,0.0,5.61,-1.83
2.0,-8.79,-0.81,-5.26,-5.06,3.96,-4.7
2.0,-8.69,-0.77,-5.14,-1.28,3.29,-2.01
2.0,-8.74,-0.78,-5.08,-0.55,0.3,-0.73
2.0,-8.77,-0.73,-5.23,-1.04,0.06,-3.96
2.0,-8.75,-0.75,-5.15,4.45,3.54,-5.3
2.0,-8.75,-0.76,-5.25,2.87,9.7,-3.78
2.0,-8.6,-0.77,-5.13,4.02,2.62,-5.98
2.0,-8.77,-0.83,-5.17,-2.44,-2.44,4.7
2.0,-8.74,-0.89,-5.22,-2.68,6.04,4.88
2.0,-8.64,-0.69,-5.11,-3.72,7.74,5.06
2.0,-8.68,-0.76,-5.17,2.62,5.18,-3.6
2.0,-8.65,-0.76,-5.19,3.11,1.95,-5.91
2.0,-8.81,-0.77,-5.09,-1.65,2.13,-0.18
2.0,-8.65,-0.74,-5.12,-0.73,8.11,-1.22
2.0,-8.73,-0.7,-5.11,4.21,-1.28,-7.07
2.0,-8.77,-0.74,-5.14,1.59,-2.2,-1.46
2.0,-8.74,-0.71,-5.19,-0.12,1.22,0.24
2.0,-8.81,-0.75,-5.17,2.38,5.3,-5.91
2.0,-8.81,-0.74,-5.1,3.72,9.76,-8.48
9.0,-8.74,-0.82,-5.13,6.34,12.93,-5.12
2.0,-8.72,-0.83,-5.22,4.88,12.87,-2.44
2.0,-8.66,-0.78,-5.16,-0.12,12.2,-2.2
9.0,-8.65,-0.78,-5.13,1.95,5.43,-3.29
2.0,-8.68,-0.82,-5.21,0.43,1.04,-0.67
2.0,-8.74,-0.8,-5.17,-1.65,3.54,2.07
2.0,-8.73,-0.82,-5.26,-0.3,3.17,-1.95
2.0,-8.83,-0.77,-5.16,-4.45,10.12,-6.34
2.0,-8.63,-0.8,-5.13,0.0,-0.55,-7.44
2.0,-8.84,-0.8,-5.17,-5.24,-2.01,-0.06
2.0,-8.73,-0.76,-5.2,-4.15,8.17,0.67
2.0,-8.72,-0.76,-5.1,-4.45,7.32,-1.28
2.0,-8.71,-0.76,-5.14,-1.52,7.13,-2.32
2.0,-8.69,-0.79,-5.15,-1.22,3.9,-2.74
2.0,-8.75,-0.79,-5.23,-4.09,5.79,-1.46
2.0,-8.63,-0.69,-5.08,-2.99,8.11,-4.33
2.0,-8.74,-0.82,-5.22,0.06,0.49,-6.34
2.0,-8.74,-0.78,-5.11,-2.68,4.76,3.6
2.0,-8.72,-0.85,-5.24,-3.6,2.93,2.32
2.0,-8.66,-0.8,-5.16,-6.34,5.85,0.12
2.0,-8.73,-0.7,-5.25,-5.49,5.0,-1.95
2.0,-8.75,-0.67,-5.14,-0.49,5.0,-2.13
2.0,-8.72,-0.75,-5.23,0.55,7.44,0.79
2.0,-8.67,-0.76,-5.26,-5.91,8.29,0.12
2.0,-8.73,-0.75,-5.18,-5.18,1.65,-2.62
2.0,-8.76,-0.72,-5.21,-5.55,1.65,-0.98
2.0,-8.65,-0.69,-5.15,0.91,1.16,-2.13
2.0,-8.73,-0.76,-5.17,1.4,-0.49,-2.68
9.0,-8.72,-0.77,-5.21,2.44,2.2,-0.98
2.0,-8.73,-0.78,-5.14,6.28,4.82,-2.93
2.0,-8.69,-0.76,-5.22,0.37,10.06,-5.91
2.0,-8.58,-0.73,-5.16,0.73,8.84,-9.15
2.0,-8.75,-0.81,-5.09,1.16,0.91,-8.66
2.0,-8.72,-0.85,-5.2,-1.65,9.09,-2.56
2.0,-8.64,-0.83,-5.2,0.85,4.57,-2.93
2.0,-8.64,-0.78,-5.2,-3.05,4.33,-4.33
2.0,-8.68,-0.72,-5.15,-1.65,2.68,-3.48
2.0,-8.74,-0.84,-5.34,0.91,-0.37,-0.24
2.0,-8.73,-0.85,-5.21,-3.35,3.29,-0.55
2.0,-8.71,-0.81,-5.14,-1.71,0.18,-10.98
2.0,-8.8,-0.78,-5.09,-0.37,1.65,1.89
2.0,-8.77,-0.87,-5.15,-0.67,3.29,7.56
2.0,-8.76,-0.83,-5.2,-6.1,4.27,2.68
2.0,-8.69,-0.76,-5.12,-5.06,2.8,-7.8
2.0,-8.74,-0.74,-5.14,-1.52,3.96,-2.93
2.0,-8.68,-0.8,-5.23,0.24,4.09,5.79
2.0,-8.65,-0.87,-5.2,-2.8,3.05,4.51
2.0,-8.68,-0.74,-5.22,-7.62,2.32,-0.61
2.0,-8.64,-0.71,-5.13,-6.1,3.23,-3.96
2.0,-8.77,-0.75,-5.14,-0.91,4.51,-2.5
2.0,-8.66,-0.71,-5.18,3.17,2.93,-1.71
2.0,-8.76,-0.75,-5.25,3.84,3.96,-1.59
2.0,-8.78,-0.75,-5.27,0.61,5.91,-0.98
2.0,-8.69,-0.79,-5.15,2.38,7.32,-4.33
2.0,-8.61,-0.8,-5.13,0.18,8.48,-7.56
2.0,-8.57,-0.71,-5.17,1.95,7.2,-9.15
2.0,-8.79,-0.85,-5.18,0.43,-3.84,-2.99
2.0,-8.69,-0.77,-5.16,-3.54,5.55,3.41
9.0,-8.7,-0.83,-5.2,-3.78,1.95,-2.62
2.0,-8.69,-0.77,-5.14,-7.01,3.41,-6.16
2.0,-8.76,-0.79,-5.16,-0.49,-2.62,-3.66
2.0,-8.75,-0.77,-5.24,0.24,-1.4,4.21
2.0,-8.73,-0.79,-5.19,-1.59,5.0,2.5
2.0,-8.66,-0.78,-5.2,-2.2,5.37,-8.23
2.0,-8.73,-0.75,-5.14,-3.54,6.52,-5.0
2.0,-8.75,-0.78,-5.19,0.37,6.77,1.83
2.0,-8.68,-0.83,-5.13,-0.3,4.45,-0.43
2.0,-8.75,-0.73,-5.23,-0.98,5.06,-8.6
2.0,-8.71,-0.81,-5.2,1.59,4.15,-5.24
2.0,-8.75,-0.83,-5.22,3.9,1.71,0.18
2.0,-8.71,-0.81,-5.18,-0.12,4.39,4.15
2.0,-8.75,-0.82,-5.24,-1.52,3.05,-3.05
2.0,-8.69,-0.7,-5.23,-2.99,2.07,-3.6
2.0,-8.71,-0.76,-5.18,2.01,1.71,-4.02
2.0,-8.79,-0.83,-5.19,3.66,2.93,-4.51
2.0,-8.76,-0.77,-5.16,6.77,4.21,-4.27
2.0,-8.68,-0.82,-5.17,9.63,4.63,-6.1
2.0,-8.76,-0.76,-5.27,2.2,13.54,-6.34
2.0,-8.47,-0.84,-5.14,4.63,-7.2,-7.56
2.0,-8.86,-0.86,-5.17,0.67,-3.35,-0.37
2.0,-8.75,-0.81,-5.14,-1.34,3.84,7.2
2.0,-8.69,-0.87,-5.15,-0.43,4.7,0.06
2.0,-8.64,-0.86,-5.21,-3.9,4.82,-3.23
2.0,-8.7,-0.75,-5.17,-2.87,3.05,-3.84
2.0,-8.69,-0.79,-5.21,1.4,2.32,1.22
2.0,-8.75,-0.78,-5.11,-0.55,6.77,1.28
2.0,-8.65,-0.77,-5.12,5.12,-0.06,-4.21
2.0,-8.74,-0.83,-5.16,5.37,2.38,0.79
2.0,-8.72,-0.87,-5.16,0.49,4.21,4.09
2.0,-8.77,-0.83,-5.11,-1.59,1.28,-0.3
2.0,-8.66,-0.83,-5.16,0.55,0.55,-5.43
2.0,-8.81,-0.76,-5.13,2.13,2.62,-4.88
2.0,-8.78,-0.85,-5.17,2.87,4.27,-0.43
2.0,-8.67,-0.76,-5.06,-1.71,5.67,-1.83
2.0,-8.66,-0.8,-5.21,-2.87,4.15,-0.91
2.0,-8.72,-0.83,-5.11,-2.93,1.34,-1.04
2.0,-8.74,-0.81,-5.25,-0.85,1.46,-1.89
2.0,-8.74,-0.81,-5.16,1.04,0.73,-1.28
2.0,-8.68,-0.86,-5.13,2.01,1.83,-3.17
2.0,-8.75,-0.82,-5.09,2.87,1.04,-3.6
2.0,-8.74,-0.82,-5.22,2.56,6.95,-2.99
2.0,-8.85,-0.82,-5.17,-1.22,10.67,-3.11
2.0,-8.74,-0.73,-5.09,-2.38,12.13,-0.73
2.0,-8.71,-0.84,-5.2,3.6,-2.07,-6.95
2.0,-8.77,-0.86,-5.19,-4.51,4.02,0.49
2.0,-8.64,-0.84,-5.21,-2.2,6.77,-0.98
2.0,-8.69,-0.82,-5.2,-4.27,4.82,-3.35
2.0,-8.6,-0.78,-5.22,0.12,4.27,-5.06
2.0,-8.69,-0.81,-5.2,0.43,1.83,-1.65
2.0,-8.8,-0.82,-5.16,-2.32,5.18,0.73
2.0,-8.6,-0.8,-5.1,-3.11,8.48,-4.63
2.0,-8.76,-0.87,-5.2,-1.28,1.71,-5.79
2.0,-8.73,-0.82,-5.18,-3.17,3.11,2.56
2.0,-8.69,-0.8,-5.14,-5.61,3.96,6.4
2.0,-8.73,-0.77,-5.13,-4.27,4.15,-3.29
2.0,-8.74,-0.78,-5.12,1.95,3.84,-5.0
2.0,-8.82,-0.81,-5.19,1.52,5.37,1.4
2.0,-8.76,-0.83,-5.06,-1.46,8.23,2.8
2.0,-8.69,-0.76,-5.2,-5.98,7.44,-0.06
2.0,-8.71,-0.8,-5.04,-6.46,5.06,-5.12
2.0,-8.69,-0.73,-5.17,-2.87,3.84,-3.78
2.0,-8.72,-0.78,-5.22,-0.06,3.11,1.89
2.0,-8.7,-0.74,-5.15,1.04,4.88,0.67
2.0,-8.66,-0.77,-5.06,3.41,5.67,-3.54
2.0,-8.71,-0.76,-5.2,2.62,5.91,-4.21
2.0,-8.71,-0.81,-5.21,4.09,9.45,-1.34
2.0,-8.82,-0.89,-5.23,1.83,10.79,-4.33
2.0,-8.7,-0.78,-5.22,1.59,13.72,-6.04
2.0,-8.65,-0.84,-5.24,2.68,-1.1,-8.35
2.0,-8.77,-0.9,-5.18,-2.07,2.74,4.27
2.0,-8.73,-0.8,-5.18,-3.72,12.01,3.66
2.0,-8.63,-0.81,-5.2,-6.65,6.65,-4.39
2.0,-8.47,-0.72,-5.06,-5.24,1.1,-4.09
2.0,-8.88,-0.82,-5.18,-3.54,-0.91,-2.5
2.0,-8.74,-0.84,-5.19,-5.37,2.26,5.3
2.0,-8.68,-0.74,-5.13,-2.44,4.7,-1.71
2.0,-8.75,-0.83,-5.2,0.49,0.3,-5.43
2.0,-8.73,-0.8,-5.17,-3.23,3.35,0.79
2.0,-8.68,-0.75,-5.23,-2.38,-0.06,2.8
2.0,-8.74,-0.8,-5.23,-3.41,-0.3,-2.44
2.0,-8.77,-0.81,-5.16,-0.37,2.26,-3.29
2.0,-8.81,-0.81,-5.13,2.2,7.44,-2.8
2.0,-8.67,-0.82,-5.13,1.65,7.07,-0.3
2.0,-8.69,-0.84,-5.21,-1.4,3.66,-3.05
2.0,-8.7,-0.83,-5.26,-2.68,4.45,-1.34
2.0,-8.7,-0.8,-5.12,-1.28,2.44,1.65
2.0,-8.7,-0.83,-5.16,1.83,1.04,-3.41
2.0,-8.68,-0.76,-5.19,1.77,-1.95,-1.28
2.0,-8.74,-0.76,-5.13,5.37,-0.85,-0.43
2.0,-8.73,-0.85,-5.25,9.09,-0.24,-4.02
2.0,-8.76,-0.86,-5.15,2.93,8.35,-5.55
2.0,-8.67,-0.77,-5.13,4.33,2.99,-8.9
2.0,-8.82,-0.96,-5.17,-0.37,-1.77,-1.59
2.0,-8.69,-0.81,-5.12,-4.7,6.22,1.52
2.0,-8.73,-0.79,-5.18,-3.84,6.65,-3.48
2.0,-8.72,-0.84,-5.15,-2.93,3.78,-5.37
2.0,-8.74,-0.82,-5.19,0.85,2.01,-3.54
2.0,-8.77,-0.82,-5.23,-0.61,2.62,2.8
2.0,-8.7,-0.78,-5.23,-0.98,4.21,-0.91
2.0,-8.76,-0.83,-5.22,-1.16,0.67,-7.32
2.0,-8.74,-0.86,-5.16,-4.15,5.43,-2.62
2.0,-8.72,-0.82,-5.11,-5.06,5.67,4.88
2.0,-8.7,-0.82,-5.12,-7.8,5.85,0.73
9.0,-8.65,-0.72,-5.07,-3.41,5.91,-4.33
2.0,-8.73,-0.74,-5.11,3.11,5.06,-2.32
2.0,-8.72,-0.86,-5.24,4.33,7.62,0.24
9.0,-8.68,-0.87,-5.2,-0.12,6.95,-2.07
2.0,-8.74,-0.82,-5.18,-4.63,3.6,-3.6
9.0,-8.69,-0.74,-5.2,-3.96,2.93,-3.23
2.0,-8.79,-0.8,-5.15,-0.61,1.71,-2.01
9.0,-8.76,-0.8,-5.23,0.24,0.37,-1.16
2.0,-8.68,-0.76,-5.17,-2.38,4.21,0.73
2.0,-8.73,-0.83,-5.13,0.37,6.04,-0.12
2.0,-8.71,-0.83,-5.07,-2.26,12.26,0.24
2.0,-8.58,-0.81,-5.12,-2.32,11.52,-3.35
2.0,-8.7,-0.85,-5.22,0.91,-3.23,-8.6
2.0,-8.82,-0.8,-5.15,-1.28,4.15,-2.26
2.0,-8.75,-0.81,-5.17,2.32,6.52,0.24
2.0,-8.71,-0.81,-5.14,0.37,6.71,-3.05
2.0,-8.73,-0.87,-5.25,0.12,7.38,-6.1
2.0,-8.76,-0.82,-5.34,-3.29,3.72,-3.78
2.0,-8.7,-0.78,-5.2,-3.78,7.5,-3.11
2.0,-8.59,-0.81,-5.17,-2.8,7.44,-7.8
2.0,-8.76,-0.82,-5.24,-2.2,2.74,-3.9
2.0,-8.64,-0.9,-5.24,-5.43,0.37,1.65
2.0,-8.7,-0.84,-5.16,-8.96,2.07,-1.83
2.0,-8.7,-0.8,-5.21,-6.16,0.79,-9.51
2.0,-8.74,-0.78,-5.2,-0.91,0.61,-7.44
2.0,-8.71,-0.9,-5.16,3.48,2.87,-2.2
2.0,-8.66,-0.85,-5.17,1.46,0.37,-3.05
2.0,-8.71,-0.84,-5.16,-1.77,-3.66,-7.13
2.0,-8.68,-0.85,-5.14,-4.88,1.34,-5.73
2.0,-8.75,-0.85,-5.17,-0.79,0.24,2.74
2.0,-8.76,-0.85,-5.17,0.43,0.73,4.39
2.0,-8.74,-0.88,-5.13,-0.91,-1.04,0.79
2.0,-8.78,-0.81,-5.17,-4.76,-2.01,2.99
2.0,-8.73,-0.83,-5.21,0.61,5.79,2.13
2.0,-8.65,-0.83,-5.15,-1.1,11.16,2.32
2.0,-8.53,-0.77,-5.2,0.24,5.67,-4.09
2.0,-8.73,-0.86,-5.16,-1.4,-3.6,-1.83
2.0,-8.82,-0.76,-5.06,-2.32,4.63,3.41
2.0,-8.63,-0.77,-5.15,-0.79,2.8,-0.67
2.0,-8.63,-0.78,-5.2,-3.41,-1.83,-5.61
2.0,-8.71,-0.75,-5.23,1.34,-5.55,-9.15
2.0,-8.76,-0.88,-5.14,-1.83,-11.16,-5.98
2.0,-8.7,-0.74,-5.13,-2.56,1.77,-3.17
9.0,-8.71,-0.83,-5.04,-0.43,-2.56,-6.04
2.0,-8.82,-0.81,-5.17,-2.99,2.8,2.07
9.0,-8.73,-0.88,-5.11,-4.15,0.67,4.94
9.0,-8.78,-0.85,-5.1,-5.49,1.89,2.38
9.0,-8.77,-0.82,-5.06,-3.05,5.79,-0.12
9.0,-8.74,-0.89,-5.11,0.98,10.12,3.66
2.0,-8.69,-0.84,-5.19,0.73,7.87,1.16
2.0,-8.61,-0.9,-5.11,-1.95,2.74,-1.28
9.0,-8.75,-0.73,-5.22,-6.04,-3.17,-0.98
2.0,-8.7,-0.82,-5.08,-6.22,-6.52,1.4
2.0,-8.87,-0.87,-5.15,-8.41,-0.43,2.01
2.0,-8.77,-0.7,-5.09,-12.74,9.57,2.56
2.0,-8.78,-0.74,-5.1,-2.99,10.67,-1.22
2.0,-8.9,-0.81,-5.16,2.74,18.6,1.34
2.0,-8.69,-0.78,-5.03,2.5,22.13,0.73
2.0,-8.72,-0.81,-5.21,-4.02,6.34,3.11
2.0,-8.63,-0.69,-5.14,-8.35,3.23,-4.33
2.0,-8.68,-0.7,-5.12,-2.74,-1.34,-8.72
2.0,-8.7,-0.73,-5.14,2.56,-2.56,-7.26
2.0,-8.79,-0.79,-5.25,9.39,-7.38,-9.15
2.0,-8.8,-0.83,-5.17,6.1,-9.27,4.7
2.0,-8.8,-0.82,-5.21,6.22,7.56,10.98
2.0,-8.8,-0.82,-5.14,1.59,10.12,3.72
2.0,-8.69,-0.83,-5.16,-2.07,10.98,-2.74
2.0,-8.75,-0.72,-5.16,-6.04,5.91,2.07
2.0,-8.69,-0.78,-5.12,-2.38,0.98,11.65
2.0,-8.71,-0.79,-5.01,-3.11,4.82,16.95
2.0,-8.83,-0.77,-5.12,0.98,7.87,20.37
2.0,-8.76,-0.79,-5.16,-3.66,10.73,5.61
2.0,-8.73,-0.66,-5.07,-1.77,11.65,-15.79
2.0,-8.98,-0.61,-5.1,15.06,21.95,-11.22
2.0,-8.71,-0.75,-5.15,15.91,27.56,-17.62
2.0,-8.61,-0.92,-5.26,1.95,28.6,-18.05
2.0,-8.52,-0.83,-5.24,-3.72,10.67,-10.37
2.0,-8.66,-0.75,-5.3,-4.7,-8.54,-2.2
2.0,-8.74,-0.83,-5.29,-7.32,-6.04,7.8
2.0,-8.64,-0.7,-5.15,-2.74,-11.83,7.38
2.0,-8.76,-0.82,-5.21,3.48,-13.9,3.23
2.0,-8.84,-0.86,-5.13,8.23,-0.79,7.56
2.0,-8.78,-0.89,-5.2,1.83,15.12,5.37
2.0,-8.71,-0.75,-5.19,1.28,7.07,4.21
2.0,-8.73,-0.7,-5.16,13.78,2.38,16.65
2.0,-8.58,-0.92,-5.19,14.39,0.43,20.24
2.0,-8.73,-0.82,-5.18,2.99,-0.85,11.34
2.0,-8.74,-0.75,-5.21,-7.32,3.78,-4.33
2.0,-8.78,-0.62,-5.11,-5.43,7.74,-14.09
2.0,-8.68,-0.74,-5.12,-4.33,2.07,-23.66
2.0,-8.83,-0.7,-5.11,4.09,13.11,-17.8
2.0,-8.6,-0.94,-5.28,5.73,2.56,-29.33
2.0,-8.74,-0.79,-5.1,3.35,-4.7,-33.66
2.0,-8.7,-0.76,-5.07,8.29,-9.76,-23.41
2.0,-8.9,-0.92,-5.11,6.34,-13.96,-8.23
2.0,-8.85,-0.85,-5.03,-9.63,2.01,-1.59
9.0,-8.72,-0.95,-5.02,-11.89,10.24,-9.21
2.0,-8.81,-0.88,-5.19,-8.11,18.11,-17.68
2.0,-8.86,-0.98,-5.25,-10.85,23.96,-14.27
2.0,-8.72,-0.95,-5.2,-4.76,24.33,-4.76
2.0,-8.6,-1.02,-5.3,-6.95,20.43,1.95
2.0,-8.56,-0.95,-5.2,-8.29,10.0,7.32
2.0,-8.65,-0.82,-5.18,-5.12,3.66,13.6
2.0,-8.63,-0.8,-5.23,-1.16,-4.51,20.24
2.0,-8.69,-0.86,-5.1,-3.6,-8.96,13.96
2.0,-8.77,-0.85,-5.19,-9.39,5.3,4.76
2.0,-8.88,-0.86,-5.3,-12.01,14.27,3.9
2.0,-8.64,-0.85,-5.19,-17.5,20.12,8.17
2.0,-8.6,-0.67,-5.16,-21.83,3.35,2.2
2.0,-8.76,-0.67,-5.18,-14.63,-0.06,5.98
2.0,-8.62,-0.73,-5.21,-14.51,-0.55,5.91
2.0,-8.62,-0.67,-5.22,-12.2,1.28,-7.68
2.0,-8.86,-0.71,-5.15,-14.82,4.88,-12.01
9.0,-8.73,-0.64,-5.2,-7.62,16.59,-9.94
2.0,-8.71,-0.78,-5.19,-2.87,20.91,-7.2
2.0,-8.69,-0.8,-5.29,-5.98,20.24,-6.71
2.0,-8.67,-0.78,-5.31,-7.01,15.24,-5.91
2.0,-8.7,-0.83,-5.22,-9.51,12.99,3.05
2.0,-8.69,-0.82,-5.32,-10.06,17.26,9.33
2.0,-8.55,-0.72,-5.27,-1.28,8.72,-1.71
2.0,-8.73,-0.71,-5.29,3.48,6.71,7.13
2.0,-8.61,-0.69,-5.26,9.76,7.93,6.83
2.0,-8.64,-0.82,-5.21,15.37,4.94,1.34
2.0,-8.79,-0.77,-5.29,15.85,7.32,1.95
9.0,-8.81,-0.78,-5.42,13.41,13.6,4.94
2.0,-8.63,-0.83,-5.36,7.74,13.23,0.43
2.0,-8.56,-0.84,-5.4,-4.21,8.72,-0.79
2.0,-8.51,-0.73,-5.24,-7.93,2.2,-3.11
2.0,-8.66,-0.69,-5.33,-6.04,-5.73,-1.77
2.0,-8.59,-0.7,-5.17,-4.51,-12.38,3.84
2.0,-8.77,-0.67,-5.25,1.59,-10.55,4.15
2.0,-8.69,-0.7,-5.24,2.93,-6.71,0.12
2.0,-8.58,-0.67,-5.21,3.96,-2.44,-8.54
2.0,-8.82,-0.79,-5.28,5.55,-5.49,-11.4
2.0,-8.69,-0.74,-5.06,5.55,3.9,-4.09
2.0,-8.66,-0.79,-5.25,1.95,2.56,-5.12
2.0,-8.73,-0.8,-5.14,-8.41,8.9,-9.39
2.0,-8.7,-0.69,-5.24,-9.02,11.04,-9.7
2.0,-8.76,-0.77,-5.17,-2.13,7.56,-4.94
9.0,-8.68,-0.74,-5.27,5.79,5.24,0.85
2.0,-8.58,-0.79,-5.22,8.11,0.37,-4.7
2.0,-8.74,-0.73,-5.29,5.61,2.38,-0.12
2.0,-8.64,-0.72,-5.24,5.49,5.0,2.68
2.0,-8.68,-0.79,-5.25,-3.78,1.59,1.77
2.0,-8.78,-0.76,-5.24,-1.16,7.62,3.48
2.0,-8.66,-0.8,-5.23,0.37,5.91,2.62
2.0,-8.66,-0.7,-5.2,4.33,8.84,-0.98
2.0,-8.7,-0.83,-5.25,0.49,8.11,-0.73
9.0,-8.63,-0.75,-5.27,-2.62,4.7,-4.27
2.0,-8.65,-0.8,-5.25,-1.71,2.2,-2.68
9.0,-8.67,-0.74,-5.26,-1.89,1.22,0.49
2.0,-8.69,-0.73,-5.23,-0.67,-2.32,0.67
2.0,-8.71,-0.72,-5.14,0.18,-2.5,-1.65
2.0,-8.7,-0.76,-5.13,1.4,2.8,1.65
2.0,-8.73,-0.82,-5.27,2.01,5.18,0.67
2.0,-8.67,-0.78,-5.14,1.28,10.73,-4.02
9.0,-8.69,-0.77,-5.32,-4.27,16.65,-6.77
2.0,-8.53,-0.77,-5.17,-3.54,6.46,-11.46
2.0,-8.77,-0.8,-5.26,-1.95,-2.38,-5.98
2.0,-8.65,-0.81,-5.22,-2.68,4.02,-0.12
2.0,-8.65,-0.73,-5.18,-4.57,1.65,-2.56
2.0,-8.69,-0.77,-5.29,-7.01,2.68,-5.12
2.0,-8.72,-0.76,-5.25,-3.29,-0.37,-4.15
9.0,-8.67,-0.79,-5.22,-2.2,1.1,0.06
2.0,-8.64,-0.78,-5.26,0.79,2.07,-0.3
2.0,-8.7,-0.76,-5.2,4.09,-5.49,-5.73
2.0,-8.77,-0.77,-5.18,5.0,-0.61,2.62
2.0,-8.69,-0.82,-5.25,3.96,4.27,7.56
2.0,-8.67,-0.8,-5.22,-3.05,3.11,3.84
2.0,-8.66,-0.78,-5.2,-0.85,3.84,-3.96
9.0,-8.75,-0.83,-5.24,-5.24,3.84,-1.71
2.0,-8.7,-0.76,-5.15,-4.15,6.16,4.57
2.0,-8.66,-0.76,-5.22,-5.79,1.46,4.15
2.0,-8.7,-0.82,-5.26,-6.46,3.48,1.65
2.0,-8.67,-0.71,-5.17,-5.0,7.01,-1.34
2.0,-8.72,-0.73,-5.14,-0.55,4.63,0.49
2.0,-8.69,-0.73,-5.13,-3.72,3.6,3.11
2.0,-8.74,-0.75,-5.23,-2.07,4.51,-0.61
2.0,-8.77,-0.67,-5.26,0.73,5.73,-3.05
2.0,-8.77,-0.72,-5.2,5.12,6.46,-3.05
2.0,-8.66,-0.77,-5.28,6.95,8.23,-7.32
2.0,-8.74,-0.76,-5.32,4.09,11.04,-7.99
2.0,-8.66,-0.76,-5.27,9.51,4.15,-9.63
2.0,-8.78,-0.8,-5.29,7.5,-1.16,-1.04
2.0,-8.62,-0.85,-5.32,2.32,5.55,4.21
2.0,-8.64,-0.84,-5.31,-5.18,2.62,-1.46
2.0,-8.68,-0.73,-5.2,-8.17,1.89,-2.8
2.0,-8.7,-0.74,-5.19,-2.2,-0.49,0.06
2.0,-8.74,-0.82,-5.24,-4.76,2.07,5.24
2.0,-8.66,-0.75,-5.2,-4.82,10.3,2.8
2.0,-8.64,-0.77,-5.22,0.18,2.13,-4.88
2.0,-8.77,-0.7,-5.13,-1.1,4.51,0.43
2.0,-8.69,-0.74,-5.22,-1.34,6.52,4.45
2.0,-8.62,-0.72,-5.31,-6.65,2.93,0.67
2.0,-8.65,-0.73,-5.19,-3.11,3.78,-7.74
2.0,-8.75,-0.7,-5.2,1.16,3.9,-4.02
2.0,-8.69,-0.76,-5.21,4.82,1.77,3.05
2.0,-8.7,-0.78,-5.27,-1.89,3.96,3.17
2.0,-8.64,-0.74,-5.22,-5.0,2.26,0.79
2.0,-8.75,-0.79,-5.23,-5.24,3.23,-2.07
2.0,-8.73,-0.79,-5.24,-4.88,3.35,0.91
2.0,-8.71,-0.73,-5.2,-2.56,5.79,2.8
2.0,-8.71,-0.75,-5.24,0.12,4.45,-0.12
2.0,-8.76,-0.67,-5.17,-0.73,5.0,0.67
2.0,-8.82,-0.7,-5.19,1.52,9.33,7.2
2.0,-8.71,-0.71,-5.24,-1.4,16.71,14.27
2.0,-8.61,-0.7,-5.18,-2.74,16.77,10.55
2.0,-8.52,-0.71,-5.27,0.91,10.73,3.17
2.0,-8.69,-0.7,-5.33,-2.07,-2.2,0.98
2.0,-8.66,-0.74,-5.34,-5.79,-3.35,5.98
2.0,-8.69,-0.69,-5.23,-4.94,-5.37,6.1
2.0,-8.77,-0.59,-5.32,-1.95,2.2,4.94
2.0,-8.63,-0.68,-5.28,0.55,3.72,-2.93
2.0,-8.72,-0.66,-5.2,-1.22,1.77,-4.63
2.0,-8.65,-0.64,-5.27,1.83,4.51,-5.79
2.0,-8.64,-0.67,-5.26,7.01,-4.09,-8.9
2.0,-8.73,-0.76,-5.19,7.5,-0.49,-3.6
2.0,-8.61,-0.72,-5.21,5.49,-4.76,1.16
2.0,-8.68,-0.69,-5.18,-1.28,-7.68,-2.68
2.0,-8.8,-0.69,-5.21,0.06,-3.72,-4.02
2.0,-8.8,-0.74,-5.13,3.48,0.79,-0.73
9.0,-8.71,-0.76,-5.15,0.12,6.65,0.12
2.0,-8.7,-0.73,-5.22,-6.34,9.63,-1.46
2.0,-8.75,-0.68,-5.2,-8.6,10.85,-5.67
2.0,-8.66,-0.66,-5.11,-6.28,10.91,-2.01
2.0,-8.64,-0.71,-5.23,-5.3,7.26,-1.04
2.0,-8.71,-0.68,-5.35,-6.59,4.27,-1.89
2.0,-8.71,-0.58,-5.17,-1.77,4.7,-3.54
2.0,-8.71,-0.82,-5.24,4.21,-3.41,-11.65
2.0,-8.75,-0.86,-5.28,-13.54,10.85,-11.52
2.0,-8.59,-0.56,-5.18,-15.18,-3.9,-13.72
2.0,-8.87,-0.57,-5.02,-5.79,-3.05,-5.12
2.0,-8.83,-0.61,-5.17,7.5,16.83,0.3
2.0,-8.61,-0.74,-5.3,10.73,11.65,-4.94
9.0,-8.59,-0.7,-5.27,0.55,4.82,-10.24
2.0,-8.68,-0.67,-5.16,2.99,-1.71,-11.46
2.0,-8.79,-0.75,-5.25,9.09,0.24,-1.71
2.0,-8.66,-0.77,-5.13,6.28,7.26,1.28
2.0,-8.66,-0.87,-5.24,7.38,0.73,-6.22
2.0,-8.68,-0.84,-5.18,-5.55,1.46,2.8
2.0,-8.75,-0.81,-5.17,-10.98,6.22,3.23
2.0,-8.68,-0.69,-5.22,-7.32,9.63,0.85
2.0,-8.77,-0.65,-5.23,-2.68,14.51,-4.76
2.0,-8.68,-0.73,-5.24,-2.32,20.0,-3.96
2.0,-8.56,-0.7,-5.29,0.85,12.5,1.95
2.0,-8.62,-0.68,-5.21,3.96,1.83,7.74
2.0,-8.55,-0.7,-5.19,2.13,-0.06,3.66
2.0,-8.66,-0.64,-5.3,3.84,0.85,0.3
2.0,-8.69,-0.77,-5.28,2.99,-3.72,-0.85
2.0,-8.77,-0.7,-5.28,0.43,-4.63,-4.39
2.0,-8.77,-0.64,-5.29,1.71,-0.55,-6.28
2.0,-8.72,-0.7,-5.16,2.99,2.8,-7.2
2.0,-8.8,-0.83,-5.21,6.59,5.55,-6.65
2.0,-8.75,-0.72,-5.21,5.37,10.73,-6.1
2.0,-8.8,-0.76,-5.24,6.71,2.62,-7.99
2.0,-8.81,-0.74,-5.27,1.4,12.44,3.96
2.0,-8.65,-0.73,-5.24,1.22,14.57,3.72
2.0,-8.62,-0.79,-5.25,-5.98,4.88,-5.37
2.0,-8.59,-0.73,-5.2,-9.27,2.68,-4.94
2.0,-8.63,-0.73,-5.28,-5.61,1.83,-5.91
2.0,-8.77,-0.74,-5.32,-3.48,-1.28,-5.06
2.0,-8.63,-0.7,-5.23,-1.4,7.87,-5.37
2.0,-8.73,-0.79,-5.37,-0.79,7.2,-9.09
2.0,-8.63,-0.77,-5.2,-8.05,3.17,-5.91
2.0,-8.68,-0.71,-5.24,-3.78,-3.84,-4.76
2.0,-8.69,-0.8,-5.21,0.37,-2.44,-6.95
2.0,-8.72,-0.74,-5.21,-2.5,-5.0,-2.93
2.0,-8.73,-0.76,-5.2,-0.24,-1.46,0.18
2.0,-8.75,-0.79,-5.29,-2.2,3.96,-1.65
2.0,-8.64,-0.7,-5.18,0.67,4.45,-1.89
2.0,-8.73,-0.76,-5.2,2.99,0.24,-2.26
2.0,-8.76,-0.76,-5.19,2.44,2.8,4.09
2.0,-8.7,-0.77,-5.14,4.33,6.52,-0.43
2.0,-8.73,-0.78,-5.23,1.83,3.9,-6.04
2.0,-8.76,-0.79,-5.24,1.34,5.0,-9.15
2.0,-8.79,-0.82,-5.21,1.65,9.76,-8.35
2.0,-8.73,-0.76,-5.17,3.11,10.55,-4.02
2.0,-8.69,-0.83,-5.22,4.09,-6.95,-7.87
2.0,-8.79,-0.83,-5.27,-5.43,-0.85,1.04
2.0,-8.62,-0.77,-5.2,-1.95,4.51,2.26
2.0,-8.72,-0.76,-5.28,-6.95,2.93,2.2
2.0,-8.72,-0.69,-5.17,-7.93,6.59,2.13
2.0,-8.7,-0.71,-5.29,-7.99,7.01,0.67
2.0,-8.79,-0.84,-5.31,-15.24,7.32,5.24
2.0,-8.64,-0.72,-5.25,-11.1,5.37,3.29
2.0,-8.7,-0.74,-5.3,-6.59,0.61,9.57
2.0,-8.73,-0.77,-5.15,3.11,1.52,19.15
2.0,-8.66,-0.73,-5.3,1.95,-2.2,16.95
2.0,-8.67,-0.72,-5.2,-3.78,1.28,-1.83
2.0,-8.72,-0.72,-5.22,-9.15,-2.93,-3.48
2.0,-8.8,-0.63,-5.14,-8.29,0.06,0.91
2.0,-8.77,-0.69,-5.33,-6.16,2.32,-0.24
2.0,-8.77,-0.64,-5.3,-2.87,4.45,-1.77
2.0,-8.74,-0.71,-5.14,-1.59,8.96,-1.46
2.0,-8.66,-0.68,-5.3,1.71,8.35,-4.15
2.0,-8.65,-0.67,-5.23,2.68,-2.32,2.44
2.0,-8.66,-0.58,-5.14,5.67,-9.7,1.89
2.0,-8.78,-0.64,-5.21,10.24,-7.44,-3.84
2.0,-8.73,-0.73,-5.16,13.54,2.74,-2.99
2.0,-8.66,-0.73,-5.08,13.17,5.0,-11.04
2.0,-8.69,-0.74,-5.21,5.91,-1.95,-11.46
2.0,-8.78,-0.85,-5.16,0.12,6.71,-11.1
2.0,-8.85,-0.78,-5.16,-5.37,21.04,-9.39
2.0,-8.6,-0.72,-5.23,-2.68,16.28,-5.37
2.0,-8.6,-0.74,-5.21,5.3,9.7,-3.6
2.0,-8.63,-0.75,-5.24,4.76,2.07,-4.76
2.0,-8.64,-0.76,-5.18,5.91,0.98,-2.8
2.0,-8.81,-0.82,-5.32,7.44,-4.09,3.05
2.0,-8.72,-0.85,-5.13,3.72,2.07,8.17
2.0,-8.67,-0.79,-5.25,-2.8,0.67,1.95
2.0,-8.73,-0.72,-5.16,-9.15,3.05,-7.5
2.0,-8.78,-0.74,-5.18,-5.49,3.96,-3.9
9.0,-8.74,-0.76,-5.25,1.04,1.46,-1.46
2.0,-8.69,-0.75,-5.14,5.0,2.62,-1.89
2.0,-8.74,-0.76,-5.13,1.22,10.61,-2.99
2.0,-8.72,-0.86,-5.16,-1.46,6.65,-3.05
2.0,-8.77,-0.72,-5.17,-4.02,6.16,2.93
2.0,-8.69,-0.75,-5.15,-1.52,6.16,-0.24
2.0,-8.81,-0.7,-5.2,-2.44,7.13,-2.87
2.0,-8.73,-0.75,-5.22,-2.26,15.06,-3.6
2.0,-8.63,-0.67,-5.17,1.4,16.77,-7.56
2.0,-8.71,-0.81,-5.24,1.59,-0.91,-10.67
2.0,-8.65,-0.72,-5.17,0.18,7.62,-0.06
2.0,-8.61,-0.76,-5.25,4.45,4.45,-2.13
2.0,-8.66,-0.76,-5.33,5.37,3.84,-5.43
2.0,-8.83,-0.64,-5.16,5.55,8.35,-4.45
9.0,-8.68,-0.89,-5.19,10.49,-13.6,-1.95
2.0,-8.68,-0.8,-5.22,-5.3,5.91,-8.72
2.0,-8.81,-0.82,-5.12,-0.73,0.55,-6.65
2.0,-8.79,-0.81,-5.23,1.77,3.41,1.4
2.0,-8.69,-0.85,-5.16,-1.16,7.07,5.79
2.0,-8.7,-0.76,-5.14,-5.06,1.89,3.11
2.0,-8.69,-0.76,-5.28,-4.82,4.21,-4.76
2.0,-8.76,-0.81,-5.26,0.43,5.24,-3.72
2.0,-8.65,-0.78,-5.17,2.5,9.02,0.3
2.0,-8.68,-0.79,-5.25,0.3,9.63,0.12
2.0,-8.72,-0.76,-5.14,-3.29,5.37,-2.62
2.0,-8.67,-0.75,-5.28,-3.05,2.26,-2.8
2.0,-8.68,-0.72,-5.2,-1.1,-2.38,-2.68
2.0,-8.55,-0.76,-5.16,4.02,-2.2,-3.48
2.0,-8.63,-0.76,-5.15,1.71,3.05,2.62
2.0,-8.71,-0.8,-5.21,0.0,1.65,-2.32
2.0,-8.8,-0.85,-5.21,0.3,-12.07,-5.3
2.0,-8.81,-0.75,-5.12,-1.46,1.95,-0.06
2.0,-8.72,-0.86,-5.14,-0.55,9.33,-2.56
2.0,-8.78,-0.81,-5.08,-5.0,6.89,-3.78
2.0,-8.67,-0.73,-5.12,-4.7,8.84,-2.68
2.0,-8.72,-0.76,-5.16,-0.49,5.12,-0.24
2.0,-8.72,-0.76,-5.17,-0.79,11.4,1.59
2.0,-8.68,-0.79,-5.19,3.11,1.83,-6.4
2.0,-8.78,-0.79,-5.24,-2.56,2.26,-1.52
2.0,-8.64,-0.75,-5.18,-0.73,4.15,2.93
2.0,-8.69,-0.77,-5.21,-0.61,-1.89,3.29
2.0,-8.73,-0.79,-5.08,0.98,-1.89,-2.5
2.0,-8.75,-0.75,-5.08,2.99,2.01,-3.96
2.0,-8.82,-0.78,-5.17,3.48,5.12,-1.83
2.0,-8.69,-0.75,-5.18,-0.37,6.28,-1.28
2.0,-8.73,-0.8,-5.22,-3.23,2.13,-6.04
2.0,-8.75,-0.76,-5.13,-0.98,2.87,-7.32
2.0,-8.7,-0.81,-5.13,2.99,2.87,-1.34
2.0,-8.73,-0.89,-5.2,-0.91,4.76,0.0
2.0,-8.81,-0.85,-5.25,-2.93,6.59,-5.0
2.0,-8.74,-0.72,-5.1,-2.07,13.41,-6.89
2.0,-8.73,-0.85,-5.1,5.85,-0.79,-11.52
2.0,-8.76,-0.9,-5.21,-4.39,5.85,1.65
2.0,-8.59,-0.75,-5.13,-11.16,7.8,0.12
2.0,-8.73,-0.8,-5.26,-12.99,1.65,-7.74
2.0,-8.73,-0.75,-5.17,-7.8,3.41,-2.74
2.0,-8.73,-0.76,-5.12,2.99,5.3,-1.59
2.0,-8.73,-0.85,-5.28,3.78,9.09,-4.45
2.0,-8.64,-0.85,-5.18,2.13,-2.68,-6.52
2.0,-8.79,-0.8,-5.18,-0.06,-5.49,0.55
2.0,-8.73,-0.8,-5.16,-1.46,2.38,4.88
2.0,-8.73,-0.8,-5.18,0.91,3.17,0.73
2.0,-8.76,-0.75,-5.26,-0.37,-1.22,-2.44
2.0,-8.77,-0.71,-5.1,0.37,-2.44,-1.77
2.0,-8.68,-0.79,-5.25,8.84,4.09,-0.55
2.0,-8.7,-0.85,-5.22,1.52,6.77,1.1
2.0,-8.67,-0.78,-5.25,-7.38,1.89,2.26
2.0,-8.62,-0.71,-5.16,-9.45,-5.73,-1.59
2.0,-8.7,-0.66,-5.11,2.62,-11.04,-4.02
2.0,-8.81,-0.8,-5.2,-0.06,-2.74,-1.52
2.0,-8.74,-0.76,-5.11,1.59,1.83,-4.63
2.0,-8.93,-0.81,-5.17,5.43,7.68,-8.84
2.0,-8.83,-0.75,-5.16,4.57,25.18,-4.33
2.0,-8.7,-0.84,-5.24,9.88,9.39,-6.77
2.0,-8.77,-0.82,-5.2,3.11,11.83,0.98
2.0,-8.64,-0.84,-5.1,2.44,13.96,-5.24
2.0,-8.63,-0.88,-5.2,0.67,4.09,-9.02
2.0,-8.67,-0.86,-5.17,1.22,1.65,-5.79
2.0,-8.81,-0.9,-5.22,0.55,2.26,5.12
2.0,-8.74,-0.83,-5.27,-2.99,4.63,10.24
2.0,-8.61,-0.83,-5.19,-7.44,0.91,-1.77
2.0,-8.76,-0.74,-5.11,-7.2,-3.29,-1.89
2.0,-8.74,-0.72,-5.07,-3.11,3.84,7.74
2.0,-8.62,-0.7,-5.09,1.46,-0.06,4.39
2.0,-8.73,-0.7,-5.06,5.18,-1.04,-6.77
2.0,-8.8,-0.82,-5.1,9.63,5.12,-9.88
2.0,-8.76,-0.83,-5.16,11.95,9.21,-5.24
2.0,-8.68,-0.9,-5.2,4.51,11.4,-5.98
2.0,-8.75,-0.84,-5.16,-3.05,5.43,-4.88
2.0,-8.68,-0.82,-5.18,-3.48,0.3,-1.34
2.0,-8.72,-0.8,-5.24,-4.63,-3.29,3.6
2.0,-8.64,-0.77,-5.17,-2.01,-2.74,3.29
2.0,-8.81,-0.78,-5.14,8.41,0.18,-0.98
2.0,-8.87,-0.81,-5.12,6.34,10.37,-4.76
2.0,-8.75,-0.84,-5.15,13.48,2.13,-9.94
2.0,-8.84,-0.83,-5.18,5.91,5.0,-2.87
2.0,-8.7,-0.79,-5.07,3.66,11.4,-1.22
2.0,-8.69,-0.86,-5.1,1.16,6.77,-3.17
2.0,-8.73,-0.82,-5.2,-2.8,1.04,-2.56
2.0,-8.74,-0.9,-5.16,-1.34,-3.78,0.79
2.0,-8.8,-0.85,-5.29,-3.78,-0.18,5.91
2.0,-8.64,-0.78,-5.15,-3.96,-2.2,1.04
2.0,-8.77,-0.77,-5.11,-2.2,-6.83,-1.71
2.0,-8.77,-0.82,-5.07,-2.87,-1.04,2.8
2.0,-8.76,-0.8,-5.06,-2.13,-1.89,2.68
2.0,-8.72,-0.77,-5.05,-2.62,1.22,-2.38
2.0,-8.8,-0.78,-5.15,2.8,3.48,-5.85
2.0,-8.75,-0.83,-5.17,2.87,8.41,-1.34
