0.0,-8.3,-4.66,-3.17,-1.16,-1.04,-5.12
0.0,-8.26,-4.64,-3.22,9.57,-1.34,-14.88
0.0,-8.26,-4.8,-3.37,1.65,0.37,-9.76
0.0,-8.38,-4.71,-3.13,0.49,2.62,-7.87
0.0,-8.14,-4.81,-3.19,-3.48,1.65,-4.33
0.0,-8.23,-4.74,-3.25,-2.87,0.18,-11.28
0.0,-8.3,-4.9,-3.3,-8.9,2.07,-0.37
0.0,-8.23,-4.88,-3.37,-25.18,4.51,4.39
0.0,-8.26,-4.89,-3.21,-34.21,4.21,2.56
0.0,-8.11,-5.07,-3.44,-59.15,-7.01,19.33
0.0,-8.26,-5.5,-3.49,-117.93,-27.32,38.23
0.0,-8.11,-5.25,-3.37,-207.56,-33.23,76.65
0.0,-8.27,-5.46,-3.54,-277.8,-53.72,97.62
0.0,-8.38,-5.84,-4.2,-421.4,-87.68,166.34
0.0,-8.17,-5.64,-3.94,-619.63,-142.26,192.26
0.0,-8.37,-4.61,-3.3,-740.61,-151.4,195.24
0.0,-8.5,-3.94,-3.36,-811.95,-144.33,238.84
0.0,-8.73,-3.63,-3.63,-878.29,-145.49,242.44
0.0,-8.91,-3.0,-3.42,-962.2,-115.49,247.62
0.0,-8.9,-2.24,-3.41,-995.3,-79.63,245.06
0.0,-8.86,-1.38,-3.48,-996.16,-70.0,243.05
0.0,-8.96,-1.1,-3.61,-1003.9,-65.79,240.24
0.0,-9.24,-0.57,-3.62,-1037.87,-48.17,226.89
0.0,-8.84,0.15,-3.33,-1055.61,-43.84,217.68
0.0,-8.55,1.43,-3.18,-1008.9,-67.13,181.16
0.0,-8.99,1.91,-2.92,-903.35,-88.66,187.13
0.0,-9.09,2.35,-2.7,-805.55,-85.12,201.34
0.0,-8.78,2.87,-2.65,-695.61,-109.09,195.91
0.0,-9.03,3.11,-2.5,-614.76,-133.6,196.65
0.0,-8.74,3.57,-2.42,-523.23,-124.82,129.82
0.0,-8.67,3.85,-2.2,-497.68,-110.85,48.78
0.0,-9.33,4.81,-1.75,-355.67,-42.5,-107.68
0.0,-8.96,4.24,-1.87,-256.95,1.71,-158.23
0.0,-9.04,3.83,-2.1,-219.57,-21.28,-241.16
0.0,-9.74,3.9,-1.6,-146.71,19.21,-277.26
0.0,-9.56,3.28,-1.82,-45.49,46.71,-261.65
0.0,-9.32,2.71,-2.14,10.91,36.46,-234.57
0.0,-9.22,2.21,-2.53,22.38,11.83,-244.15
0.0,-9.48,1.75,-2.5,3.11,-2.38,-240.12
0.0,-9.57,1.53,-2.46,-14.21,2.32,-232.93
0.0,-9.64,1.14,-2.51,-19.33,-17.07,-210.18
0.0,-9.58,0.81,-2.55,-23.41,-36.77,-185.61
0.0,-9.62,0.64,-2.38,-64.15,-52.93,-165.61
0.0,-9.92,0.88,-2.16,-61.28,-29.63,-149.02
0.0,-10.09,0.72,-2.21,-16.28,-8.66,-112.26
0.0,-9.67,0.65,-2.09,3.72,-9.27,-65.12
0.0,-9.81,0.57,-2.17,23.78,-21.1,-58.17
0.0,-9.84,0.31,-2.37,8.48,-10.91,-28.23
0.0,-9.74,0.48,-2.25,-25.37,-6.77,-10.06
0.0,-9.7,0.65,-2.09,-25.98,-13.05,-23.6
0.0,-9.81,0.46,-2.28,-44.57,-7.87,18.54
0.0,-9.69,0.73,-2.1,-63.11,-7.13,28.23
0.0,-9.7,0.85,-2.04,-65.61,-11.77,29.76
0.0,-9.68,0.94,-2.05,-72.2,-7.44,35.37
0.0,-9.65,1.04,-1.99,-77.93,-6.22,26.28
0.0,-9.67,1.12,-2.09,-85.73,5.79,2.13
0.0,-9.75,1.04,-2.04,-78.6,5.24,-6.59
0.0,-9.82,0.3,-2.36,-139.7,19.51,-9.51
0.0,-9.58,0.45,-2.19,-243.66,19.7,-26.65
0.0,-9.48,0.26,-2.26,-338.41,13.48,-56.95
0.0,-9.81,-0.09,-2.3,-459.57,16.95,-58.23
0.0,-9.79,0.15,-2.08,-604.27,33.96,-14.09
0.0,-9.8,0.58,-1.77,-653.78,33.11,-8.05
0.0,-9.85,0.74,-1.67,-670.79,37.68,28.35
0.0,-9.8,0.95,-1.53,-671.46,45.98,56.52
0.0,-9.47,1.7,-1.28,-604.88,42.8,44.27
0.0,-9.77,1.51,-1.52,-530.49,49.63,5.91
0.0,-9.57,1.55,-1.62,-516.65,50.98,10.98
0.0,-9.63,1.27,-1.71,-520.0,52.5,-16.1
0.0,-9.63,1.14,-1.62,-588.05,60.67,-5.55
0.0,-9.67,1.31,-1.42,-623.48,63.48,-36.59
0.0,-9.66,1.49,-1.31,-640.43,55.06,-48.48
0.0,-9.67,1.92,-1.12,-613.66,41.46,-60.91
0.0,-9.8,2.1,-1.11,-571.83,42.87,-45.61
0.0,-9.1,2.28,-0.79,-482.5,42.8,-39.63
0.0,-10.11,2.26,-0.83,-358.6,-17.07,10.79
0.0,-10.51,2.09,-1.04,-251.22,11.28,40.24
0.0,-9.89,1.18,-1.42,-233.9,30.79,81.83
0.0,-9.68,1.49,-1.33,-278.11,60.79,85.67
0.0,-9.56,1.7,-1.31,-327.74,76.1,118.48
0.0,-9.54,1.69,-1.37,-340.06,58.96,107.68
0.0,-9.37,2.27,-1.23,-340.55,48.48,128.9
0.0,-9.46,1.87,-1.21,-321.65,41.28,123.48
0.0,-9.23,2.29,-1.28,-336.65,17.01,135.73
0.0,-9.67,2.62,-1.11,-354.15,14.57,100.55
0.0,-9.46,2.9,-0.89,-326.34,21.59,103.29
0.0,-9.48,2.42,-1.36,-335.18,15.18,135.49
0.0,-9.2,2.9,-0.84,-319.39,22.8,108.48
0.0,-9.49,3.16,-0.68,-290.06,1.16,134.39
0.0,-9.71,1.91,-0.87,-304.27,12.32,178.96
0.0,-9.08,3.55,-0.55,-357.99,33.41,198.96
0.0,-9.08,4.29,-0.15,-289.02,45.06,164.15
0.0,-8.84,4.44,-0.18,-176.89,47.13,116.16
0.0,-9.28,4.27,-0.39,-142.5,39.82,145.73
0.0,-9.27,3.67,-0.64,-139.88,71.95,114.02
0.0,-9.19,4.43,-0.37,-113.41,98.41,69.15
0.0,-8.88,4.63,-0.28,-64.7,98.66,64.39
0.0,-9.1,3.74,-0.76,-26.28,73.84,54.39
0.0,-8.89,4.82,-0.45,-21.46,93.23,48.84
0.0,-8.94,4.52,-0.7,9.39,98.72,46.1
0.0,-8.69,5.15,-0.65,76.46,94.57,-0.24
0.0,-8.86,3.98,-1.18,61.16,80.73,27.07
0.0,-8.56,4.48,-1.21,57.87,72.74,-28.66
0.0,-8.86,4.37,-1.29,31.65,58.17,2.01
0.0,-8.71,4.23,-1.27,69.7,36.83,-53.29
0.0,-8.69,4.09,-1.37,38.96,37.01,12.62
0.0,-8.85,4.19,-1.34,76.16,20.85,-36.46
0.0,-8.69,4.04,-1.47,62.99,16.22,3.72
0.0,-8.72,3.98,-1.46,59.21,6.71,-32.44
0.0,-8.92,3.99,-1.32,39.02,-0.55,-10.43
0.0,-8.97,3.67,-1.5,46.59,-11.04,-39.63
0.0,-9.04,4.05,-1.31,26.52,-5.61,-19.94
0.0,-9.11,3.63,-1.51,15.12,3.17,-36.95
0.0,-9.06,3.76,-1.49,-8.66,-3.48,-20.0
0.0,-9.11,3.71,-1.37,-15.79,-0.37,-5.24
0.0,-8.92,4.12,-1.26,-7.26,0.85,3.6
0.0,-9.16,3.79,-1.41,-5.43,-5.18,-7.93
0.0,-9.11,3.94,-1.26,-8.05,0.06,18.48
0.0,-9.17,3.91,-1.34,-9.76,1.65,-3.96
0.0,-9.04,4.26,-1.36,-19.21,10.55,-14.15
0.0,-9.1,3.89,-1.17,-16.34,12.5,1.95
0.0,-9.07,4.13,-1.28,-5.12,13.84,0.55
0.0,-9.07,3.83,-1.52,-12.32,11.28,-2.07
0.0,-8.94,4.02,-1.41,-14.76,8.17,2.2
0.0,-9.08,3.84,-1.49,-23.66,12.68,-4.33
0.0,-8.86,4.01,-1.37,-33.6,5.06,10.49
0.0,-8.99,3.99,-1.35,-44.39,8.05,25.43
0.0,-8.97,4.06,-1.3,-29.82,8.54,8.78
0.0,-8.98,4.22,-1.2,-13.72,7.93,5.12
0.0,-9.03,3.88,-1.21,-7.2,4.82,7.13
0.0,-9.04,4.16,-1.38,0.12,2.74,-4.39
0.0,-8.96,3.86,-1.37,-7.93,-3.54,12.68
0.0,-8.97,4.07,-1.3,-15.49,-4.88,2.01
0.0,-8.97,4.01,-1.15,-16.22,-0.73,13.96
0.0,-8.9,4.15,-1.22,-11.59,1.89,1.89
0.0,-9.11,4.01,-1.19,-14.27,6.46,9.27
0.0,-9.03,4.19,-1.33,0.61,2.8,6.34
0.0,-8.98,3.98,-1.36,-8.48,9.63,12.13
0.0,-9.02,4.17,-1.3,-9.88,2.5,-0.73
0.0,-9.0,4.16,-1.29,-9.63,6.95,12.32
0.0,-8.9,4.1,-1.18,-5.98,5.12,-3.66
0.0,-9.01,3.99,-1.3,-10.55,6.71,-1.77
0.0,-8.98,4.25,-1.14,-5.73,8.96,-4.09
9.0,-9.06,3.97,-1.3,4.09,11.83,4.39
9.0,-9.02,4.05,-1.38,-0.55,8.23,-3.41
9.0,-8.98,4.07,-1.26,-4.45,16.4,4.02
0.0,-8.96,4.14,-1.3,2.07,14.88,4.7
9.0,-9.02,3.94,-1.26,10.43,21.22,-7.74
9.0,-8.85,3.86,-1.41,-17.74,11.16,12.2
9.0,-9.06,4.1,-1.27,-6.83,20.91,7.74
9.0,-8.95,4.15,-1.28,-2.99,12.44,22.99
9.0,-9.03,3.88,-1.37,-2.26,8.9,22.56
0.0,-8.83,4.1,-1.4,-17.93,19.15,22.93
0.0,-8.94,4.14,-1.33,-23.72,25.18,15.43
0.0,-8.98,4.07,-1.3,-30.91,27.56,35.55
0.0,-8.87,4.22,-1.36,-24.39,21.59,16.52
0.0,-8.83,4.43,-1.28,-18.35,22.44,29.21
0.0,-8.9,4.42,-1.3,-11.22,30.91,10.37
0.0,-8.94,4.67,-1.25,13.9,36.52,0.98
0.0,-8.89,4.29,-1.37,16.46,46.95,-1.28
0.0,-8.87,4.86,-1.31,49.94,36.52,-23.54
0.0,-9.32,4.45,-1.4,75.91,69.15,-29.15
0.0,-8.89,4.86,-1.27,132.5,90.85,-75.91
0.0,-8.59,3.91,-1.72,104.88,83.96,-40.49
0.0,-8.75,3.74,-1.95,79.45,76.04,-74.57
0.0,-8.88,4.11,-2.05,60.24,54.02,-57.13
0.0,-8.49,3.48,-2.13,47.68,41.52,-56.16
0.0,-8.83,3.6,-2.35,9.51,10.0,-60.49
0.0,-9.36,3.56,-1.96,-7.99,10.43,-68.6
0.0,-9.36,4.07,-1.69,0.91,36.65,-49.33
0.0,-9.33,3.26,-2.04,34.27,45.73,37.2
0.0,-8.52,3.9,-2.16,35.91,33.54,-7.44
0.0,-8.95,3.9,-2.3,13.41,22.26,-25.91
0.0,-8.72,3.65,-2.22,34.33,8.41,-22.26
0.0,-8.85,3.59,-2.37,14.27,-15.79,-16.4
0.0,-9.29,3.24,-2.34,-10.49,-22.26,5.73
0.0,-8.76,3.65,-2.15,-22.8,-27.38,-9.33
0.0,-9.14,3.33,-2.15,-51.71,-43.72,2.32
0.0,-9.05,3.61,-1.94,-60.91,-38.41,11.52
0.0,-9.15,3.38,-2.06,-96.71,-36.34,31.34
0.0,-9.07,3.86,-1.79,-92.26,-50.85,19.39
0.0,-9.12,4.07,-1.75,-63.96,-47.5,40.43
0.0,-9.0,4.23,-1.54,-21.16,-22.5,15.49
0.0,-9.04,4.09,-1.58,-17.26,-5.91,1.22
0.0,-9.17,3.79,-1.57,-12.8,-1.16,-0.55
0.0,-9.09,4.21,-1.58,2.2,16.46,-2.87
0.0,-9.06,3.95,-1.66,17.38,23.29,8.54
0.0,-8.89,4.18,-1.69,19.15,20.49,-3.23
0.0,-9.04,3.8,-1.89,7.01,19.88,2.32
0.0,-8.82,4.12,-1.83,15.79,16.71,2.5
0.0,-8.99,3.77,-1.98,14.27,11.46,1.59
0.0,-8.77,4.06,-1.94,-3.78,13.41,-15.79
0.0,-9.08,3.87,-1.83,0.98,6.77,-3.23
0.0,-8.81,4.04,-1.81,12.93,7.32,5.49
0.0,-8.97,3.68,-1.95,2.87,-1.71,-0.3
0.0,-8.96,3.94,-1.8,-6.89,-0.12,1.28
0.0,-8.88,4.04,-1.81,12.74,-0.18,3.96
0.0,-8.81,4.09,-1.74,20.0,-12.56,3.48
9.0,-8.86,3.9,-1.93,29.02,-16.34,-16.95
9.0,-9.3,3.55,-1.76,3.41,-13.78,8.96
9.0,-9.08,3.92,-1.63,8.35,10.18,15.91
0.0,-8.82,3.88,-1.74,12.32,14.82,3.96
0.0,-9.05,3.58,-1.86,0.0,25.18,13.78
0.0,-8.71,4.18,-1.65,13.23,-2.62,1.65
0.0,-9.24,3.69,-1.86,0.91,20.79,17.07
0.0,-9.02,4.17,-1.85,-5.98,19.82,-4.7
0.0,-9.06,3.85,-1.8,-1.34,23.17,12.56
0.0,-8.85,4.13,-1.75,7.68,15.98,14.39
0.0,-8.91,3.9,-1.79,15.37,1.4,38.35
0.0,-8.72,4.11,-1.94,33.78,-0.18,52.32
0.0,-8.99,3.95,-2.01,28.29,8.23,33.29
0.0,-8.84,4.15,-1.95,9.7,8.96,11.77
0.0,-8.81,4.13,-2.03,-4.7,19.76,8.41
0.0,-9.22,4.3,-2.01,-6.77,7.5,1.77
0.0,-8.69,4.29,-1.97,-1.34,-4.45,-4.09
0.0,-8.88,4.13,-2.0,-6.04,-2.62,-7.74
0.0,-8.74,3.98,-1.91,3.35,-10.43,-3.6
0.0,-8.7,4.13,-1.98,-8.29,3.6,-1.89
9.0,-8.81,3.95,-1.98,-9.15,-25.43,-6.46
9.0,-8.96,3.32,-2.16,-45.06,-39.15,8.23
9.0,-9.06,3.55,-2.09,-122.13,-31.52,26.16
9.0,-8.96,4.78,-1.42,-97.56,-31.77,9.57
0.0,-8.58,4.66,-1.48,-9.39,-35.43,-15.67
0.0,-8.4,4.34,-1.42,15.73,-18.66,5.49
0.0,-9.64,4.34,-1.49,30.24,48.11,-21.34
0.0,-8.8,4.31,-1.52,27.8,75.61,1.95
0.0,-8.99,4.5,-1.57,62.13,90.91,7.32
0.0,-9.08,3.65,-1.96,23.48,122.99,58.6
0.0,-8.63,4.16,-1.89,-6.59,165.06,48.84
0.0,-7.94,4.01,-2.45,-48.54,67.68,68.11
0.0,-8.75,4.47,-2.37,-17.93,27.2,40.73
0.0,-8.14,4.87,-1.98,26.34,-6.04,21.77
0.0,-8.99,4.14,-2.04,60.43,-13.9,9.63
0.0,-8.35,4.31,-2.3,37.01,-20.12,0.61
0.0,-9.43,3.99,-2.18,21.28,-24.33,-30.3
0.0,-8.26,4.38,-1.97,-2.8,-1.77,2.87
0.0,-8.74,4.17,-2.27,14.51,-6.77,-22.87
0.0,-8.52,3.66,-2.31,-19.76,-28.41,17.26
0.0,-8.78,4.59,-2.05,-13.72,-37.93,-12.68
0.0,-8.96,4.35,-1.81,-10.49,-26.4,11.4
0.0,-8.61,4.59,-1.78,19.27,-34.51,-5.91
0.0,-8.73,4.27,-2.0,18.11,-25.3,-9.02
0.0,-8.93,4.17,-1.95,-7.93,-13.23,-11.95
0.0,-8.82,4.11,-1.84,-13.78,-4.94,8.54
0.0,-8.97,4.05,-2.0,-20.67,-19.33,6.1
0.0,-9.25,4.28,-1.79,-9.09,0.55,16.22
0.0,-8.68,4.21,-1.87,-12.62,5.91,4.45
0.0,-8.8,4.48,-1.71,-17.32,3.05,-26.83
0.0,-8.94,4.45,-1.72,2.07,14.57,-14.76
0.0,-8.96,3.98,-1.96,1.83,12.32,7.32
0.0,-8.81,4.29,-1.88,5.12,20.12,-2.87
0.0,-8.63,4.15,-2.04,14.09,13.41,14.82
0.0,-8.74,4.11,-2.09,1.04,4.88,1.28
0.0,-8.79,3.95,-2.17,-20.73,-2.44,1.46
0.0,-8.68,4.45,-1.91,-21.71,-10.37,0.3
0.0,-9.06,4.28,-1.99,-41.77,-5.37,-17.68
0.0,-8.86,5.0,-1.55,-4.82,12.93,-45.18
0.0,-8.76,4.13,-1.82,25.3,0.61,-7.01
0.0,-8.82,4.16,-1.87,17.07,-0.73,-32.99
0.0,-9.01,3.87,-2.0,-7.74,12.38,-0.91
0.0,-8.99,4.25,-1.74,10.43,9.76,-6.59
0.0,-9.07,4.0,-2.03,9.63,6.77,-4.02
0.0,-8.88,4.19,-1.82,-6.59,12.07,-1.46
0.0,-8.74,4.14,-1.97,5.06,-6.1,15.24
0.0,-8.85,4.21,-2.03,-12.07,-1.16,0.43
0.0,-8.7,4.38,-1.93,-6.83,9.88,-11.34
0.0,-8.87,4.13,-1.89,-4.09,2.38,8.23
0.0,-8.8,4.33,-1.78,14.88,-2.68,-7.13
0.0,-9.05,3.9,-1.92,1.52,2.62,20.61
0.0,-8.87,4.19,-1.76,-1.1,12.62,-1.34
0.0,-8.81,4.18,-1.93,1.34,12.5,6.28
0.0,-8.84,4.07,-1.89,-13.78,20.85,-1.1
0.0,-8.81,4.33,-1.96,-26.95,10.3,-27.32
0.0,-8.77,4.36,-1.81,-18.23,8.9,-12.38
0.0,-8.9,4.32,-1.83,0.91,4.94,-2.87
0.0,-8.91,4.11,-1.94,9.57,2.01,15.0
0.0,-8.68,4.21,-1.98,3.17,9.94,1.4
0.0,-8.74,4.25,-1.84,-3.17,1.71,2.87
0.0,-8.85,4.36,-1.85,9.94,11.83,7.68
0.0,-8.83,4.28,-1.87,3.72,8.66,-3.41
0.0,-8.9,4.51,-1.88,27.5,13.54,-15.12
0.0,-8.98,3.99,-2.17,17.26,9.63,-3.72
0.0,-8.73,4.22,-1.97,13.54,15.0,-4.45
0.0,-8.69,4.22,-2.05,16.28,14.15,-31.28
0.0,-8.81,4.16,-1.98,20.67,6.4,-27.74
0.0,-9.03,3.81,-2.06,13.54,-5.49,6.59
0.0,-8.82,4.43,-1.88,19.02,5.18,-8.66
0.0,-8.79,4.21,-2.02,19.63,4.27,-30.24
0.0,-8.94,4.36,-1.81,31.46,4.21,-7.74
0.0,-8.8,4.43,-1.97,61.89,14.27,-52.68
0.0,-9.1,4.49,-1.94,65.43,40.12,-75.24
0.0,-8.95,5.29,-1.52,162.68,59.02,-142.74
0.0,-8.46,4.99,-1.67,301.16,82.32,-229.57
0.0,-8.54,2.78,-2.84,191.28,41.22,-182.74
0.0,-8.94,3.43,-2.45,151.16,41.4,-265.49
0.0,-9.15,2.56,-2.81,91.59,37.74,-166.65
0.0,-8.99,2.73,-2.76,95.3,11.77,-197.26
0.0,-9.51,2.37,-2.76,29.39,20.43,-108.23
0.0,-9.42,2.45,-2.81,22.99,28.54,-54.57
0.0,-9.16,2.86,-2.76,33.41,29.51,-38.48
0.0,-9.26,2.42,-2.88,25.43,22.07,-3.66
0.0,-9.11,2.7,-2.8,15.12,13.48,-36.77
0.0,-9.01,2.6,-2.86,23.66,15.79,-17.87
0.0,-9.21,2.45,-2.76,14.21,-1.1,-29.39
0.0,-9.44,2.16,-2.81,25.0,11.83,16.65
0.0,-8.94,2.48,-2.77,19.09,8.66,36.22
0.0,-9.1,2.49,-2.9,7.99,-16.4,15.73
0.0,-9.16,2.87,-2.57,-12.26,-3.48,1.83
0.0,-9.1,3.13,-2.49,25.06,-25.61,15.67
0.0,-9.21,2.66,-2.77,36.22,-41.83,33.84
0.0,-9.73,2.41,-2.9,16.59,-0.37,34.76
0.0,-9.39,2.75,-2.55,10.12,16.71,46.59
0.0,-9.21,2.64,-2.66,16.04,25.3,57.68
0.0,-8.32,2.91,-2.72,1.22,8.84,12.74
0.0,-9.29,2.74,-3.02,-38.41,-7.01,29.09
0.0,-9.08,3.13,-2.76,-48.6,0.49,30.49
0.0,-9.19,2.82,-3.03,-65.43,-6.89,8.41
0.0,-8.98,3.21,-2.73,-78.05,-17.01,-7.99
0.0,-9.11,2.87,-2.72,-79.88,-22.26,9.33
0.0,-9.09,3.17,-2.48,-74.09,-29.15,0.0
0.0,-9.28,3.11,-2.51,-44.45,-16.71,6.65
0.0,-9.3,3.11,-2.44,-9.76,-18.66,-7.62
0.0,-9.41,2.83,-2.58,1.83,-3.54,4.21
0.0,-9.19,3.13,-2.4,4.33,2.32,6.46
0.0,-9.12,2.89,-2.46,5.3,-9.33,3.48
0.0,-9.21,3.14,-2.38,-9.94,-3.11,23.96
0.0,-9.08,3.19,-2.44,13.41,4.76,15.0
0.0,-9.06,3.01,-2.53,-1.77,-11.59,0.43
0.0,-9.42,3.02,-2.35,-0.61,-6.65,5.12
0.0,-9.21,2.94,-2.47,-2.13,9.57,13.78
0.0,-9.2,3.11,-2.47,-15.0,7.8,10.12
0.0,-9.08,3.23,-2.33,0.85,4.63,-0.91
0.0,-9.31,2.96,-2.7,-12.38,10.79,27.74
0.0,-9.04,3.25,-2.62,-12.93,6.1,5.0
0.0,-9.16,3.2,-2.56,-14.27,0.91,11.46
0.0,-9.18,3.22,-2.49,-18.17,4.09,10.24
0.0,-9.21,3.18,-2.51,-14.51,6.22,14.21
0.0,-8.99,3.37,-2.58,-13.11,-0.12,7.93
0.0,-9.05,3.32,-2.44,-2.13,-7.32,-4.09
0.0,-9.16,3.17,-2.52,-4.27,-4.94,3.96
0.0,-9.18,3.04,-2.54,-14.33,-5.43,-5.06
0.0,-9.23,3.21,-2.38,-14.33,-2.01,-1.59
0.0,-9.14,3.21,-2.27,-10.3,-6.83,5.98
0.0,-9.28,3.25,-2.42,-3.9,6.65,-2.93
0.0,-9.09,3.18,-2.43,-8.96,4.27,-6.16
0.0,-9.19,3.25,-2.25,8.41,-1.95,-4.21
0.0,-9.22,3.04,-2.46,3.78,7.44,3.23
0.0,-9.12,3.16,-2.32,-5.37,5.0,-2.68
0.0,-9.13,3.22,-2.33,4.39,7.99,-8.48
0.0,-9.2,3.09,-2.43,0.0,12.99,12.5
0.0,-9.13,3.27,-2.45,0.91,16.71,0.61
0.0,-9.08,3.27,-2.53,12.56,6.04,4.94
0.0,-9.06,3.14,-2.61,-2.8,2.74,14.33
0.0,-9.19,3.27,-2.48,-9.76,5.3,7.01
0.0,-9.16,3.24,-2.56,-8.78,15.24,10.37
0.0,-8.98,3.33,-2.49,-0.3,2.26,-0.37
0.0,-9.16,3.38,-2.45,-1.65,-6.34,-8.84
0.0,-9.18,3.21,-2.49,-1.46,-8.05,12.13
0.0,-8.96,3.32,-2.4,-5.55,-5.3,6.77
0.0,-9.1,3.31,-2.45,-4.02,-14.21,-19.27
0.0,-9.12,3.21,-2.46,-2.87,-11.16,-2.8
0.0,-9.16,3.39,-2.37,-9.51,-5.73,-12.68
0.0,-9.24,3.22,-2.34,-1.71,2.99,-6.04
0.0,-9.42,3.2,-2.32,9.33,14.76,-4.15
0.0,-9.08,3.04,-2.33,-4.09,39.57,-4.51
0.0,-8.96,3.36,-2.33,-5.67,28.11,2.68
0.0,-9.07,3.25,-2.47,17.38,6.95,-7.38
0.0,-9.17,3.08,-2.63,6.71,-6.22,-16.28
0.0,-9.08,3.17,-2.41,-5.3,-7.93,-19.7
0.0,-9.2,2.95,-2.46,-6.65,-15.67,-0.61
0.0,-9.34,3.26,-2.32,-5.67,2.32,-11.77
0.0,-9.31,3.04,-2.36,6.34,8.35,12.01
0.0,-9.2,3.23,-2.48,7.44,25.37,19.88
0.0,-9.1,3.46,-2.52,6.46,24.27,25.0
9.0,-9.13,3.28,-2.67,3.23,10.91,22.44
9.0,-8.92,3.5,-2.59,8.6,-3.54,9.45
9.0,-8.99,3.27,-2.49,3.29,-19.15,-12.44
0.0,-9.13,3.17,-2.21,-2.62,-20.49,-9.63
0.0,-9.05,3.33,-2.28,5.67,-8.17,-27.32
0.0,-9.3,3.16,-2.24,-2.74,1.04,-4.15
0.0,-9.43,3.17,-2.4,7.13,12.62,-9.39
0.0,-9.3,3.17,-2.5,7.62,20.06,19.63
0.0,-8.97,3.33,-2.4,6.16,18.29,14.94
0.0,-8.95,3.34,-2.53,-3.23,12.32,10.0
0.0,-8.99,3.37,-2.36,4.76,2.38,-10.73
0.0,-9.17,2.99,-2.41,5.73,-2.8,-11.04
0.0,-9.3,3.09,-2.38,-8.29,3.11,5.06
0.0,-9.14,3.19,-2.5,0.0,6.52,2.8
0.0,-9.3,3.12,-2.51,-5.0,8.72,11.52
0.0,-9.08,3.39,-2.47,-1.65,9.02,12.68
0.0,-8.99,3.33,-2.58,-6.95,4.94,6.65
0.0,-9.09,3.4,-2.44,-3.84,7.32,3.9
0.0,-8.99,3.2,-2.51,5.91,-2.5,6.22
0.0,-9.09,3.18,-2.53,-0.43,-3.17,-9.94
0.0,-9.16,3.32,-2.51,4.76,-9.27,-18.05
0.0,-9.22,3.23,-2.38,3.17,-4.09,-12.2
0.0,-9.26,3.09,-2.29,1.89,-1.28,-7.5
0.0,-9.29,3.04,-2.47,-2.07,3.72,14.57
0.0,-9.08,3.34,-2.45,-2.68,12.74,2.68
0.0,-9.17,3.26,-2.55,8.29,5.79,-5.12
0.0,-9.03,3.23,-2.54,1.89,1.77,11.22
0.0,-8.97,3.25,-2.6,-20.98,-3.41,-14.09
0.0,-9.21,3.51,-2.38,-23.9,-7.5,-29.63
0.0,-9.25,3.26,-2.42,-0.73,-6.4,-0.12
0.0,-9.16,3.11,-2.37,-1.95,-2.26,-9.02
0.0,-9.17,3.28,-2.51,-8.11,11.4,-6.77
0.0,-9.12,3.32,-2.31,1.28,1.28,-4.82
0.0,-9.23,3.21,-2.42,5.49,3.66,11.52
0.0,-9.11,3.26,-2.52,0.85,5.55,1.65
0.0,-9.08,3.32,-2.45,0.18,-3.05,-11.71
0.0,-9.0,3.26,-2.39,10.61,-2.87,-12.62
0.0,-9.11,3.05,-2.38,7.5,-9.39,-22.74
0.0,-9.31,3.02,-2.33,-3.23,-4.21,-8.23
0.0,-9.3,3.19,-2.27,6.04,9.88,-4.7
0.0,-9.27,3.1,-2.46,-2.74,16.22,6.95
0.0,-9.04,3.41,-2.49,-1.77,13.48,7.01
0.0,-9.19,3.28,-2.56,-4.27,2.5,9.7
0.0,-9.12,3.32,-2.46,-5.55,3.84,17.26
0.0,-9.04,3.4,-2.4,10.91,3.29,-13.54
0.0,-9.27,3.09,-2.56,5.79,-7.07,-1.16
0.0,-9.11,3.16,-2.37,7.5,-7.38,-10.98
0.0,-9.33,3.07,-2.39,0.61,-0.24,-23.6
0.0,-9.21,3.28,-2.13,8.23,16.4,-6.1
0.0,-9.13,2.93,-2.41,18.11,11.95,-6.77
0.0,-9.36,2.93,-2.51,-4.15,15.73,12.68
0.0,-9.14,3.28,-2.5,4.45,10.91,16.22
0.0,-9.1,3.24,-2.57,2.93,6.22,23.41
0.0,-8.99,3.32,-2.58,-11.34,2.99,13.96
0.0,-9.05,3.43,-2.5,-13.23,-2.38,2.01
0.0,-9.15,3.34,-2.47,2.87,-11.16,-3.35
0.0,-9.13,3.25,-2.46,1.34,-2.32,-8.96
0.0,-9.19,3.14,-2.29,-0.91,0.67,-12.74
0.0,-9.18,3.21,-2.43,0.73,-2.2,-1.22
0.0,-9.25,3.12,-2.42,2.13,11.4,5.43
0.0,-9.22,3.22,-2.46,0.85,17.32,10.3
0.0,-9.04,3.31,-2.47,8.72,7.2,1.4
0.0,-9.09,3.36,-2.46,4.76,-1.59,7.5
0.0,-9.11,3.31,-2.4,4.39,3.9,-0.98
0.0,-9.09,3.17,-2.45,1.34,3.17,-2.07
0.0,-9.22,3.21,-2.43,1.52,1.89,3.41
0.0,-9.2,3.25,-2.42,6.1,0.55,-13.72
0.0,-9.01,3.24,-2.4,2.74,-0.91,-7.44
0.0,-9.04,3.05,-2.42,-2.2,-7.8,-14.27
0.0,-9.25,3.08,-2.31,-7.74,-5.91,-4.45
0.0,-9.4,3.1,-2.39,1.46,16.83,-2.2
0.0,-9.25,3.12,-2.45,7.01,15.49,17.38
0.0,-9.24,3.34,-2.64,0.43,22.13,38.96
0.0,-8.98,3.57,-2.59,-7.44,12.68,15.3
0.0,-8.93,3.54,-2.47,-4.02,-2.2,1.28
0.0,-8.89,3.37,-2.52,-0.18,-17.74,-10.91
0.0,-9.19,3.13,-2.45,-3.78,-19.21,-12.62
0.0,-9.22,3.22,-2.3,-7.68,-5.91,-8.29
0.0,-9.38,3.23,-2.31,-6.89,12.26,1.59
0.0,-9.32,3.35,-2.3,5.91,33.72,8.66
0.0,-9.39,4.09,-2.02,41.52,60.18,-2.38
0.0,-9.05,3.4,-2.4,96.04,88.48,-37.62
0.0,-8.7,2.94,-2.84,48.96,59.45,-36.04
0.0,-9.04,3.11,-2.69,24.02,46.04,-58.17
0.0,-9.15,2.63,-2.91,8.29,35.98,-36.04
0.0,-9.16,2.77,-2.75,-10.06,17.38,-34.57
0.0,-9.31,2.72,-2.73,-40.49,29.39,18.35
9.0,-8.95,3.34,-2.62,-24.57,29.27,14.02
9.0,-9.22,3.23,-2.77,-16.34,24.45,2.87
9.0,-9.25,3.52,-2.59,-0.85,35.67,-4.82
0.0,-9.2,3.16,-2.86,15.37,54.57,3.17
0.0,-8.83,3.2,-2.96,11.1,36.46,10.06
0.0,-8.96,2.8,-3.04,-2.8,21.4,7.13
0.0,-8.88,2.85,-3.1,-25.61,-0.67,35.43
0.0,-9.08,3.28,-2.73,-22.07,1.22,38.23
0.0,-9.01,3.28,-2.69,-23.11,1.77,41.95
0.0,-8.94,3.65,-2.64,-4.45,-1.22,24.21
0.0,-9.28,3.13,-2.92,-9.57,-0.85,20.0
0.0,-9.01,3.35,-2.71,-17.93,6.22,14.7
0.0,-8.98,3.4,-2.74,1.04,4.94,17.87
0.0,-9.03,3.23,-2.82,5.91,-1.71,18.29
0.0,-8.84,3.51,-2.7,5.37,-2.93,4.45
0.0,-9.06,3.12,-2.92,1.04,-11.52,6.89
0.0,-9.18,3.36,-2.83,-20.06,-2.56,4.94
0.0,-9.22,3.49,-2.73,-3.6,5.85,19.21
0.0,-8.96,3.42,-2.79,8.96,15.55,20.24
0.0,-8.83,3.5,-2.83,10.24,10.91,6.65
0.0,-8.89,3.3,-2.92,-7.13,10.37,7.99
0.0,-9.03,3.44,-2.96,-9.39,-2.87,-6.16
0.0,-9.08,3.1,-2.94,-21.04,-1.1,24.15
0.0,-9.03,3.46,-2.84,-21.34,-9.88,10.73
0.0,-9.13,3.65,-2.72,-2.5,-6.59,16.22
0.0,-8.81,3.55,-2.65,2.62,0.91,11.4
0.0,-9.07,3.63,-2.72,11.1,6.65,-6.52
0.0,-9.1,3.56,-2.62,19.21,8.9,5.79
0.0,-9.01,3.51,-2.77,32.5,6.28,2.62
0.0,-9.05,3.66,-2.6,55.67,4.27,6.4
0.0,-8.92,3.51,-2.72,74.51,0.67,21.4
0.0,-8.91,3.41,-2.97,59.09,8.9,24.94
0.0,-8.81,3.38,-2.97,38.96,5.67,-14.88
0.0,-8.96,3.38,-2.94,12.99,7.01,-14.63
0.0,-9.12,3.28,-2.99,11.59,1.89,-14.63
0.0,-9.01,3.24,-2.91,-4.15,5.24,10.43
0.0,-8.97,3.51,-2.96,4.33,7.32,9.39
0.0,-8.93,3.25,-3.01,-5.43,7.07,19.76
0.0,-8.83,3.46,-2.85,-2.13,-4.21,20.3
0.0,-8.98,3.6,-2.87,32.13,-15.0,34.57
0.0,-8.83,3.3,-3.02,18.78,8.41,27.93
0.0,-8.71,3.59,-2.88,-5.98,3.9,-10.0
0.0,-8.93,3.71,-2.71,6.89,-0.91,-23.9
0.0,-9.02,3.3,-2.88,-16.28,0.91,-6.52
0.0,-9.02,3.44,-2.88,-25.3,9.45,-12.68
0.0,-8.92,3.41,-2.8,-9.63,3.54,1.04
0.0,-8.94,3.39,-2.9,-15.85,-0.43,5.67
0.0,-8.84,3.54,-2.84,-16.95,-3.17,6.34
0.0,-8.9,3.69,-2.76,-7.07,-5.06,12.13
0.0,-9.01,3.61,-2.82,-1.1,-5.18,-7.93
0.0,-9.02,3.59,-2.81,0.55,9.33,-6.16
0.0,-8.95,3.66,-2.77,12.62,10.43,-8.48
0.0,-8.86,3.54,-2.89,16.59,11.22,-3.6
0.0,-9.02,3.25,-3.03,-6.46,15.3,-5.0
0.0,-9.1,3.59,-2.85,-5.55,25.79,-6.71
0.0,-8.76,3.37,-2.88,13.17,18.29,-2.32
0.0,-9.16,3.22,-2.99,-3.35,-9.02,35.67
0.0,-8.64,3.73,-2.9,-22.01,19.94,10.12
0.0,-8.75,3.98,-2.68,-1.22,-11.28,-14.94
9.0,-9.1,3.35,-2.76,21.04,-7.07,-16.16
9.0,-8.88,3.34,-2.81,28.84,-6.16,-12.74
9.0,-8.87,3.25,-2.93,20.79,5.12,-13.35
9.0,-8.98,3.34,-2.95,-2.44,-3.48,-18.41
0.0,-9.19,3.39,-2.84,-6.52,-6.34,2.32
0.0,-9.04,3.13,-3.01,-22.38,-38.54,17.62
0.0,-8.93,3.73,-2.67,-13.35,-43.6,2.07
0.0,-8.99,3.69,-2.64,14.7,-33.78,-20.0
0.0,-9.12,3.37,-2.9,8.9,-11.95,-12.8
0.0,-9.14,3.36,-2.85,-9.94,0.91,-16.46
0.0,-9.05,3.49,-2.68,-3.17,9.45,-9.33
0.0,-8.84,3.37,-2.71,0.06,5.98,-3.35
0.0,-8.92,3.36,-2.7,-8.05,-4.57,0.06
0.0,-9.08,3.49,-2.66,4.09,-5.06,15.06
0.0,-8.94,3.6,-2.78,5.61,-1.83,10.49
0.0,-9.03,3.45,-2.79,-12.62,0.61,-10.55
0.0,-9.08,3.5,-2.76,-19.7,3.11,0.06
0.0,-8.96,3.55,-2.7,-5.12,-1.1,11.04
0.0,-9.03,3.52,-2.79,-11.16,-1.52,3.35
0.0,-8.99,3.55,-2.68,-6.22,3.17,0.85
0.0,-8.92,3.52,-2.72,9.27,1.83,-4.57
0.0,-8.84,3.49,-2.78,14.33,-2.2,0.91
0.0,-8.93,3.51,-2.72,13.9,-1.89,-3.96
0.0,-9.02,3.51,-2.72,7.99,6.1,-15.37
0.0,-8.99,3.41,-2.68,6.22,9.09,-11.28
0.0,-8.97,3.34,-2.75,9.27,3.05,-7.32
0.0,-9.08,3.29,-2.83,3.48,-0.06,-2.32
0.0,-8.92,3.49,-2.75,-1.34,8.78,-2.62
0.0,-9.06,3.41,-2.71,3.6,-0.73,1.71
0.0,-9.07,3.42,-2.76,4.02,10.3,7.62
0.0,-8.95,3.47,-2.74,-2.2,10.91,7.44
0.0,-8.93,3.66,-2.71,10.55,9.27,4.63
0.0,-8.96,3.52,-2.78,16.71,5.67,3.6
0.0,-9.04,3.47,-2.85,4.94,7.5,-5.43
0.0,-9.01,3.49,-2.85,3.54,9.27,-5.91
0.0,-8.99,3.48,-2.77,12.26,8.35,-4.27
0.0,-8.87,3.42,-2.84,6.28,-0.49,-10.43
0.0,-9.01,3.36,-2.87,-6.95,-2.01,-10.37
0.0,-8.94,3.51,-2.71,-3.96,-3.72,-11.52
0.0,-8.96,3.54,-2.65,-2.74,-3.23,-16.89
0.0,-9.14,3.43,-2.66,-4.82,3.84,-18.17
0.0,-9.09,3.4,-2.67,7.99,11.46,-6.4
0.0,-8.98,3.32,-2.81,12.32,11.71,0.0
0.0,-8.89,3.22,-2.79,5.37,4.82,11.71
0.0,-8.86,3.18,-2.93,-22.93,2.07,13.41
0.0,-8.73,3.46,-2.82,-33.72,-7.44,-21.52
0.0,-9.0,3.51,-2.76,-45.18,-18.17,-24.63
0.0,-9.16,3.44,-2.71,-36.22,0.55,1.95
0.0,-9.11,3.4,-2.71,-34.39,11.16,17.07
0.0,-8.97,3.69,-2.76,-23.17,19.02,2.2
0.0,-8.99,3.58,-2.67,-4.21,17.2,-1.83
0.0,-9.0,3.43,-2.88,-4.27,13.23,5.55
0.0,-8.97,3.51,-2.8,-14.02,8.72,7.01
0.0,-8.89,3.61,-2.79,-10.3,7.62,8.54
0.0,-8.99,3.56,-2.7,3.05,2.68,5.61
0.0,-8.89,3.41,-2.8,-1.77,1.89,7.26
0.0,-8.93,3.48,-2.8,-16.89,-9.94,-4.82
0.0,-9.07,3.42,-2.61,-19.09,-6.22,8.96
0.0,-8.98,3.59,-2.57,-14.88,-2.99,11.34
0.0,-9.02,3.62,-2.69,-13.23,8.72,2.74
0.0,-8.86,3.33,-2.71,-22.01,-2.62,12.74
0.0,-9.04,3.13,-2.93,-40.79,-4.82,9.94
0.0,-8.69,3.05,-2.81,-82.62,-21.46,16.77
9.0,-8.9,3.06,-2.9,-119.27,-39.33,20.3
9.0,-8.86,3.37,-2.66,-132.56,-55.18,54.33
9.0,-8.9,3.55,-2.57,-155.98,-45.49,42.2
9.0,-9.03,4.45,-2.02,-145.24,-46.83,19.82
0.0,-9.29,3.67,-2.17,-97.26,-34.45,33.54
0.0,-8.97,4.37,-1.82,-72.2,-31.34,32.26
0.0,-9.01,4.31,-1.89,-21.83,-10.67,21.77
0.0,-8.95,4.34,-1.83,11.28,-8.35,0.91
0.0,-9.07,3.89,-2.01,18.41,-0.37,-8.23
0.0,-9.22,3.96,-1.96,7.01,2.44,-14.45
0.0,-9.19,3.68,-2.11,-7.01,16.4,4.7
0.0,-8.96,4.1,-2.05,15.43,8.54,3.41
0.0,-9.02,3.7,-2.15,-3.41,6.1,8.23
0.0,-8.81,4.3,-1.99,3.23,16.1,-3.05
0.0,-9.03,3.93,-2.21,17.74,25.43,-7.44
0.0,-8.97,4.19,-2.13,41.16,21.95,-18.84
0.0,-9.07,3.63,-2.43,48.66,26.77,-15.49
0.0,-8.84,4.05,-2.21,55.12,28.11,-27.26
0.0,-8.94,3.47,-2.38,59.57,37.13,-22.26
0.0,-8.73,3.71,-2.35,48.11,32.26,-11.46
0.0,-8.91,3.44,-2.53,41.59,18.6,-23.72
0.0,-9.03,3.83,-2.22,34.27,12.5,-9.09
0.0,-8.97,3.89,-2.4,68.72,20.49,-11.59
0.0,-8.95,3.56,-2.55,47.13,12.13,-31.52
0.0,-9.03,3.28,-2.5,20.73,28.48,-19.27
0.0,-8.89,3.57,-2.47,-0.06,14.76,-13.23
0.0,-9.01,3.57,-2.52,10.24,12.62,2.32
0.0,-8.8,3.59,-2.59,12.32,6.83,6.4
9.0,-8.87,3.49,-2.54,5.61,-1.1,-2.68
9.0,-8.84,3.57,-2.75,-23.96,-8.66,-1.4
9.0,-9.06,3.92,-2.41,-17.68,-9.51,-6.65
9.0,-9.09,3.73,-2.33,15.37,-1.46,6.83
0.0,-8.98,3.71,-2.54,20.18,4.94,17.87
0.0,-8.99,3.58,-2.6,14.21,11.77,-6.34
0.0,-8.84,3.61,-2.54,3.72,3.72,-5.61
0.0,-8.76,3.64,-2.53,-3.05,-8.35,-18.29
0.0,-9.16,3.34,-2.6,-13.35,-19.33,6.59
0.0,-8.99,3.73,-2.38,-11.28,-12.87,6.83
0.0,-8.96,3.8,-2.36,0.43,-12.2,0.3
0.0,-9.05,3.87,-2.23,7.2,-10.37,3.66
0.0,-8.98,3.8,-2.32,23.72,-4.88,4.7
0.0,-8.86,3.61,-2.52,6.52,1.71,-0.37
0.0,-9.13,3.76,-2.34,-3.23,5.79,-17.26
0.0,-8.93,3.69,-2.35,13.05,11.83,7.93
0.0,-8.91,3.75,-2.57,13.84,6.95,3.05
0.0,-8.93,3.72,-2.55,8.11,6.95,-5.55
0.0,-9.06,3.63,-2.49,1.34,6.59,1.4
0.0,-8.89,3.62,-2.45,0.43,3.05,7.07
0.0,-8.92,3.7,-2.54,-4.02,2.8,1.4
0.0,-8.92,3.91,-2.44,7.8,3.11,-11.34
0.0,-8.97,3.69,-2.46,15.49,3.84,-6.28
0.0,-8.9,3.6,-2.54,11.46,-1.65,4.09
0.0,-8.93,3.74,-2.39,10.43,3.96,2.74
0.0,-9.05,3.62,-2.55,10.49,8.84,-7.8
0.0,-8.93,3.71,-2.39,11.22,7.13,-4.33
0.0,-8.88,3.62,-2.45,14.33,2.07,-1.1
9.0,-8.88,3.48,-2.62,-0.12,3.11,1.34
9.0,-8.98,3.69,-2.34,-10.12,1.83,-6.59
9.0,-8.93,3.73,-2.44,6.1,5.06,-7.01
0.0,-9.05,3.67,-2.38,5.3,0.79,-6.16
0.0,-8.94,3.62,-2.52,4.45,10.85,6.71
0.0,-8.93,3.64,-2.63,7.26,7.99,11.65
0.0,-8.91,3.62,-2.57,1.52,8.11,5.55
0.0,-8.91,3.75,-2.49,-7.68,8.35,-1.65
0.0,-8.97,3.82,-2.56,-0.3,4.33,-5.91
0.0,-8.9,3.66,-2.52,6.4,6.04,7.01
0.0,-8.97,3.63,-2.6,-0.91,5.43,1.28
0.0,-8.94,3.74,-2.54,-4.33,-2.8,-4.82
0.0,-8.92,3.7,-2.47,-10.73,-3.29,0.61
0.0,-8.96,3.71,-2.36,-10.0,-9.21,0.67
0.0,-8.96,3.75,-2.46,0.49,-4.57,5.12
0.0,-8.87,3.53,-2.52,-12.99,-6.22,8.6
0.0,-9.05,3.66,-2.54,-30.18,-17.87,3.6
0.0,-9.11,3.92,-2.35,-19.63,1.65,8.78
0.0,-8.8,3.84,-2.37,2.01,-7.44,0.06
0.0,-8.94,3.73,-2.3,6.83,-10.61,-6.83
0.0,-8.99,3.82,-2.2,13.48,2.38,-17.62
0.0,-9.0,3.65,-2.5,10.49,6.77,-7.8
0.0,-8.91,3.7,-2.35,10.98,10.73,-13.29
0.0,-9.01,3.56,-2.55,3.11,10.43,-7.99
0.0,-8.98,3.62,-2.58,-9.76,11.89,-1.16
0.0,-9.04,3.67,-2.4,-4.7,2.2,1.16
0.0,-8.97,3.73,-2.39,-1.95,4.94,5.79
0.0,-8.95,3.76,-2.36,-0.91,7.32,5.79
0.0,-8.91,3.8,-2.51,0.37,6.65,-1.46
0.0,-8.98,3.8,-2.4,5.79,2.01,-1.1
0.0,-8.96,3.77,-2.42,12.01,-0.37,-5.24
0.0,-9.04,3.8,-2.58,6.89,14.02,-1.16
0.0,-8.88,3.67,-2.53,8.72,17.87,-1.28
0.0,-8.82,3.71,-2.46,-0.79,4.21,-2.01
0.0,-9.0,3.71,-2.45,-1.89,-7.5,-6.4
0.0,-9.05,3.6,-2.51,2.32,-0.49,8.48
0.0,-8.96,3.7,-2.44,-0.37,5.0,8.72
0.0,-8.94,3.83,-2.41,-1.04,6.04,-3.78
0.0,-8.98,3.85,-2.47,9.51,8.29,-11.28
0.0,-8.94,3.62,-2.56,15.12,5.61,-0.61
0.0,-8.98,3.51,-2.47,6.1,2.26,6.4
0.0,-8.96,3.66,-2.45,-0.98,7.44,7.38
0.0,-8.92,3.76,-2.41,-3.35,3.78,0.85
0.0,-8.9,3.66,-2.52,0.18,0.24,-5.67
0.0,-9.02,3.61,-2.52,-5.12,3.05,-1.04
0.0,-8.91,3.79,-2.45,-1.52,0.73,-6.59
0.0,-9.11,3.77,-2.48,9.45,3.78,-1.16
0.0,-8.9,3.72,-2.42,10.18,7.26,5.79
0.0,-8.93,3.65,-2.48,5.43,7.99,4.15
0.0,-8.89,3.69,-2.58,0.3,6.16,-1.46
0.0,-8.94,3.7,-2.46,-0.37,5.06,-4.39
0.0,-8.92,3.7,-2.48,-5.85,-0.55,-1.4
0.0,-8.99,3.76,-2.49,-1.16,2.56,-3.23
0.0,-8.92,3.66,-2.5,-5.79,8.17,-8.84
0.0,-8.89,3.82,-2.43,-1.83,-1.1,-11.46
0.0,-8.96,3.6,-2.53,-5.18,3.9,-9.21
0.0,-8.94,3.77,-2.42,-6.95,3.29,-4.33
9.0,-8.93,3.8,-2.54,-2.56,3.78,-11.34
9.0,-8.94,3.58,-2.56,-9.45,10.24,-12.44
9.0,-8.85,3.75,-2.42,-7.13,4.63,-34.45
9.0,-8.87,3.8,-2.31,-5.73,8.6,-36.22
0.0,-8.93,3.85,-2.36,0.12,23.35,-71.83
0.0,-9.19,3.87,-2.36,3.9,42.99,-113.29
9.0,-9.24,3.99,-2.04,27.2,59.39,-157.5
9.0,-9.58,3.75,-1.99,95.91,89.39,-201.34
6.0,-9.3,3.59,-2.24,145.55,119.02,-164.45
9.0,-8.98,2.33,-3.29,130.18,94.88,-91.16
9.0,-9.6,2.6,-3.25,96.95,54.76,-82.5
0.0,-8.63,2.89,-3.22,101.89,18.05,-96.4
0.0,-9.11,2.94,-3.15,113.41,6.34,-60.24
0.0,-8.86,2.78,-3.15,143.78,-16.28,-57.01
0.0,-8.81,2.85,-3.18,132.8,-20.0,-39.15
0.0,-9.17,2.82,-2.99,175.12,-37.87,-69.21
0.0,-9.8,2.55,-2.97,180.55,0.06,-98.41
0.0,-9.08,1.7,-3.39,140.73,18.11,-89.57
0.0,-9.2,1.39,-3.67,59.09,25.0,-83.9
0.0,-9.09,1.59,-3.54,11.16,-11.16,-33.48
0.0,-9.28,1.85,-3.26,-9.94,-27.56,13.17
0.0,-9.31,2.01,-3.11,-23.54,-17.26,-10.0
0.0,-9.28,2.29,-2.68,-32.5,-30.61,20.24
0.0,-9.35,2.58,-2.81,22.93,-8.78,6.83
0.0,-9.5,2.2,-3.06,21.77,-17.5,-1.65
0.0,-8.85,2.41,-2.94,20.98,-24.15,15.18
0.0,-9.53,2.21,-3.08,18.6,-15.12,-0.79
0.0,-9.14,2.09,-3.12,6.95,-27.32,-14.09
0.0,-9.56,2.0,-3.16,-10.06,-14.88,-3.96
0.0,-9.18,2.23,-3.07,-15.0,-7.68,15.91
0.0,-9.28,2.36,-2.97,-13.72,1.04,17.62
0.0,-9.03,2.46,-2.99,2.8,9.09,24.39
0.0,-9.01,2.1,-3.0,9.39,-19.7,3.05
0.0,-9.45,2.39,-2.97,16.95,-31.95,9.33
0.0,-9.49,2.21,-3.17,23.48,-26.71,12.5
0.0,-9.16,2.51,-2.94,10.91,-8.78,10.06
0.0,-9.38,2.53,-2.81,49.27,-26.1,-11.46
0.0,-9.28,1.72,-2.91,80.3,-21.95,14.15
0.0,-8.93,1.89,-2.91,44.39,-32.8,48.23
0.0,-9.62,2.2,-2.96,28.72,-19.63,38.9
0.0,-9.34,2.29,-2.93,4.88,-11.59,42.56
0.0,-9.08,2.63,-2.99,-15.61,-17.38,13.54
9.0,-9.16,2.69,-2.73,-22.38,-10.61,-16.04
9.0,-9.23,2.37,-2.75,-32.32,-16.95,-37.5
9.0,-9.44,2.09,-2.86,-56.52,-4.39,-29.21
9.0,-9.27,2.44,-2.82,-74.21,13.6,-59.51
9.0,-9.46,2.59,-2.46,-24.27,28.96,-57.07
0.0,-9.27,2.57,-2.38,47.38,55.24,-41.95
0.0,-8.99,2.28,-3.0,54.94,70.49,-106.1
0.0,-9.63,1.93,-3.12,-9.21,68.54,-113.96
0.0,-9.19,1.97,-3.1,13.05,37.68,-45.43
0.0,-9.59,1.3,-3.5,-15.12,5.73,-41.65
0.0,-9.38,1.44,-3.35,-71.83,13.11,-24.63
0.0,-8.88,1.74,-3.28,-128.72,-8.29,18.23
0.0,-9.14,1.98,-3.01,-151.4,-23.78,11.59
0.0,-9.04,2.47,-2.86,-154.15,-29.45,18.84
0.0,-9.18,2.71,-2.47,-102.8,-36.04,-14.33
0.0,-9.44,2.4,-2.71,-50.61,-52.32,-34.94
0.0,-9.63,2.22,-2.58,-14.94,-19.15,-30.49
0.0,-9.41,1.86,-2.67,-16.1,-12.44,4.45
0.0,-9.49,1.96,-2.71,-17.68,-21.65,-15.73
0.0,-9.49,2.11,-2.6,-27.2,-15.49,-7.2
0.0,-9.29,2.04,-2.6,-19.09,-8.96,-14.94
0.0,-9.38,1.79,-2.86,-32.13,-16.22,-12.26
0.0,-9.48,1.81,-2.79,-39.76,-24.15,-15.55
0.0,-9.3,2.12,-2.56,-69.45,-35.06,-8.05
0.0,-9.51,1.81,-2.59,-90.37,-31.71,5.24
0.0,-9.4,2.2,-2.4,-110.24,-26.83,41.1
0.0,-9.51,2.38,-2.49,-79.7,-22.38,34.7
0.0,-9.15,2.85,-2.23,-28.66,-33.72,13.66
0.0,-9.56,2.12,-2.42,-15.85,-33.29,18.96
0.0,-9.53,2.33,-2.34,-15.73,-12.2,6.65
0.0,-9.6,2.51,-2.18,7.62,-0.43,3.9
0.0,-9.55,2.19,-2.31,17.99,3.23,10.3
0.0,-9.34,2.17,-2.31,18.11,-5.37,-2.99
0.0,-9.51,2.02,-2.31,-17.5,-11.04,19.88
0.0,-9.52,2.65,-2.19,14.39,9.45,5.79
0.0,-9.4,2.08,-2.41,16.22,4.15,15.55
0.0,-9.57,2.2,-2.26,1.4,-0.67,-3.54
0.0,-9.4,2.4,-2.14,19.39,15.55,20.67
9.0,-9.35,2.31,-2.35,25.67,18.78,9.63
6.0,-9.44,2.27,-2.4,31.83,17.26,-10.79
9.0,-9.61,2.21,-2.43,27.32,23.17,18.35
9.0,-9.32,2.27,-2.46,29.39,29.02,3.9
0.0,-9.3,2.24,-2.57,10.55,11.4,2.68
0.0,-9.46,2.36,-2.44,26.59,13.11,20.37
0.0,-9.19,2.24,-2.57,21.65,5.98,15.67
0.0,-9.25,2.35,-2.5,11.04,-6.65,-4.09
0.0,-9.27,2.2,-2.51,2.01,-23.72,-2.8
0.0,-9.81,2.04,-2.51,-17.93,-18.17,10.43
9.0,-9.58,2.42,-2.28,-6.16,3.9,21.46
9.0,-9.31,2.44,-2.39,2.99,3.17,21.1
9.0,-9.34,2.47,-2.34,2.26,3.78,12.07
9.0,-9.37,2.4,-2.32,3.54,8.41,18.23
9.0,-9.43,2.62,-2.46,-3.72,10.73,8.66
0.0,-9.5,2.69,-2.41,15.79,11.28,-2.07
0.0,-9.41,2.38,-2.57,34.15,4.63,-9.82
0.0,-9.38,2.17,-2.38,21.04,6.65,-6.52
0.0,-9.2,2.17,-2.35,-9.76,5.12,-13.23
0.0,-9.37,2.33,-2.3,-12.26,-1.34,-24.94
0.0,-9.37,2.35,-2.33,11.22,9.94,-12.68
0.0,-9.45,2.15,-2.44,10.43,3.17,-2.38
0.0,-9.44,2.26,-2.46,8.54,20.12,5.37
0.0,-9.42,2.21,-2.45,20.3,9.76,11.16
0.0,-9.34,2.07,-2.62,13.78,6.89,28.54
0.0,-9.28,2.43,-2.52,-1.46,8.6,5.18
0.0,-9.32,2.45,-2.49,-4.94,6.83,6.1
0.0,-9.31,2.54,-2.4,7.62,-5.61,-10.0
0.0,-9.51,2.29,-2.51,15.43,3.54,-3.29
0.0,-9.48,2.19,-2.55,6.71,13.48,18.66
0.0,-9.68,2.39,-2.5,5.12,26.71,38.96
0.0,-9.37,2.43,-2.66,-1.16,26.59,41.34
0.0,-9.31,2.42,-2.73,-15.49,6.71,44.33
0.0,-9.22,2.44,-2.51,-30.73,3.17,61.22
0.0,-8.83,2.81,-2.29,-23.54,-7.01,11.77
0.0,-9.45,2.74,-2.41,-8.48,-15.67,-19.7
0.0,-9.65,2.71,-2.52,22.13,-2.07,-13.96
0.0,-9.44,2.31,-2.57,22.68,3.72,-19.57
0.0,-9.1,2.34,-2.44,-4.33,-1.83,-10.0
0.0,-9.24,2.5,-2.34,3.11,-16.4,-17.38
0.0,-9.37,2.32,-2.4,3.84,-0.61,-12.07
0.0,-9.56,2.37,-2.41,4.33,16.16,7.62
0.0,-9.7,2.6,-2.56,14.15,28.84,34.94
0.0,-9.35,2.72,-2.8,10.12,33.72,37.56
0.0,-9.11,2.72,-2.78,-4.21,6.22,14.57
0.0,-9.12,2.78,-2.57,-5.98,-11.46,-8.6
0.0,-9.25,2.51,-2.43,-7.74,-20.18,-19.76
0.0,-9.48,2.4,-2.37,-10.12,-10.06,-26.46
0.0,-9.54,2.39,-2.34,-2.44,10.67,1.4
0.0,-9.42,2.4,-2.52,0.61,9.82,10.0
0.0,-9.34,2.55,-2.51,-5.43,13.11,13.29
0.0,-9.19,2.65,-2.53,-4.39,4.7,2.93
0.0,-9.39,2.49,-2.54,-6.71,4.45,1.71
0.0,-9.34,2.69,-2.5,1.22,3.9,-17.2
0.0,-9.45,2.43,-2.51,13.29,5.43,-10.37
0.0,-9.21,2.38,-2.48,13.41,-1.89,-10.12
0.0,-9.35,2.2,-2.45,1.4,-0.55,-1.89
0.0,-9.41,2.38,-2.47,-9.15,8.23,1.95
0.0,-9.44,2.49,-2.52,-3.17,15.49,2.62
0.0,-9.44,2.51,-2.58,1.4,10.85,11.52
0.0,-9.36,2.4,-2.63,-8.35,15.79,14.27
0.0,-9.25,2.7,-2.53,-15.55,6.77,8.72
0.0,-9.3,2.75,-2.52,-0.3,1.46,9.27
0.0,-9.33,2.58,-2.51,3.72,5.61,10.0
0.0,-9.28,2.64,-2.62,-1.83,5.55,5.43
0.0,-9.42,2.57,-2.52,-9.7,3.72,5.49
0.0,-9.42,2.7,-2.45,-6.1,6.28,4.57
0.0,-9.39,2.68,-2.43,-1.77,7.01,-1.46
0.0,-9.3,2.74,-2.55,2.5,11.16,-0.98
0.0,-9.23,2.69,-2.57,-3.41,6.1,-7.26
0.0,-9.3,2.61,-2.57,-7.26,2.74,-10.43
0.0,-9.36,2.65,-2.53,-3.48,-0.12,-11.04
0.0,-9.3,2.56,-2.49,2.32,5.67,-14.63
0.0,-9.3,2.52,-2.5,-0.49,6.52,-14.94
0.0,-9.34,2.48,-2.58,2.93,8.23,-10.06
0.0,-9.33,2.43,-2.52,1.77,7.87,-3.17
0.0,-9.22,2.43,-2.54,2.5,5.79,-7.68
0.0,-9.4,2.32,-2.54,-12.62,7.26,-0.91
0.0,-9.34,2.59,-2.53,-9.02,2.2,0.67
0.0,-9.39,2.52,-2.49,-2.68,11.22,4.45
0.0,-9.32,2.44,-2.63,-7.44,5.0,2.93
0.0,-9.38,2.55,-2.59,-10.43,2.8,6.52
0.0,-9.31,2.65,-2.52,-15.98,4.39,8.05
0.0,-9.34,2.71,-2.47,-6.16,4.82,5.12
0.0,-9.29,2.62,-2.56,-2.68,2.93,8.05
0.0,-9.28,2.66,-2.52,1.83,-2.26,2.2
0.0,-9.41,2.59,-2.63,4.88,-0.37,10.67
0.0,-9.3,2.59,-2.59,-6.46,1.77,1.71
0.0,-9.38,2.79,-2.46,-2.87,1.4,-5.73
0.0,-9.39,2.57,-2.45,-0.43,6.04,8.29
0.0,-9.3,2.58,-2.57,-5.49,1.4,5.73
0.0,-9.31,2.78,-2.36,-4.76,5.3,7.56
0.0,-9.38,2.65,-2.52,5.49,6.22,-2.62
0.0,-9.25,2.67,-2.58,8.29,7.01,-0.85
0.0,-9.31,2.51,-2.51,7.74,1.65,-1.04
0.0,-9.29,2.43,-2.65,-1.95,6.22,4.39
0.0,-9.2,2.65,-2.52,-9.63,2.62,-1.83
0.0,-9.22,2.61,-2.48,-7.07,-1.89,-8.6
0.0,-9.39,2.62,-2.45,-3.05,-5.79,-0.98
0.0,-9.28,2.56,-2.49,-2.13,4.82,5.49
0.0,-9.38,2.7,-2.51,-0.67,5.12,2.62
0.0,-9.33,2.65,-2.51,4.88,10.37,1.59
9.0,-9.21,2.63,-2.55,1.22,9.15,4.09
0.0,-9.33,2.57,-2.57,-6.16,4.94,5.67
0.0,-9.4,2.6,-2.52,-6.34,2.2,0.43
0.0,-9.31,2.67,-2.55,-4.21,3.54,5.85
9.0,-9.25,2.73,-2.52,-6.1,-3.48,4.09
9.0,-9.38,2.66,-2.56,-6.89,-2.2,2.68
0.0,-9.29,2.68,-2.44,-13.17,-1.4,7.62
0.0,-9.33,2.68,-2.53,-6.59,0.61,4.21
0.0,-9.23,2.69,-2.57,-6.83,-1.22,1.22
0.0,-9.28,2.86,-2.47,-4.76,2.68,-6.59
0.0,-9.29,2.68,-2.49,4.39,1.89,-3.11
0.0,-9.33,2.63,-2.48,2.87,-0.06,-8.11
0.0,-9.34,2.69,-2.47,2.5,6.77,-17.07
0.0,-9.26,2.56,-2.47,4.33,3.05,-10.79
0.0,-9.31,2.48,-2.45,1.4,-5.98,-4.27
0.0,-9.39,2.59,-2.46,3.17,-0.73,-0.12
0.0,-9.44,2.58,-2.54,2.2,5.37,0.91
0.0,-9.36,2.62,-2.5,-4.39,3.96,0.49
0.0,-9.25,2.63,-2.54,-4.09,4.7,-1.95
0.0,-9.31,2.6,-2.52,-8.6,7.5,9.51
0.0,-9.21,2.71,-2.45,-3.78,2.07,6.77
0.0,-9.36,2.56,-2.58,-6.71,-1.46,14.7
0.0,-9.26,2.84,-2.45,-5.79,-1.71,7.68
0.0,-9.29,2.78,-2.47,-2.56,-0.79,-1.1
9.0,-9.22,2.71,-2.52,-8.41,-2.93,-2.5
0.0,-9.26,2.64,-2.48,-6.4,-1.1,-6.22
0.0,-9.3,2.61,-2.51,-5.43,-4.63,7.5
0.0,-9.34,2.68,-2.46,-6.28,-1.28,8.05
0.0,-9.28,2.84,-2.47,-3.96,0.61,8.11
0.0,-9.3,2.81,-2.41,0.43,11.16,1.04
0.0,-9.16,2.78,-2.36,4.76,3.66,-5.49
0.0,-9.32,2.72,-2.28,2.5,2.32,-2.13
0.0,-9.35,2.63,-2.49,-6.28,7.5,-4.33
0.0,-9.29,2.73,-2.45,-4.63,2.2,-3.54
0.0,-9.27,2.62,-2.52,3.48,3.54,1.52
9.0,-9.3,2.7,-2.52,-8.72,1.77,-6.65
9.0,-9.34,2.84,-2.43,-12.07,7.87,-9.39
9.0,-9.37,2.78,-2.4,11.1,6.77,2.62
9.0,-9.22,2.71,-2.56,7.2,8.35,-1.34
0.0,-9.3,2.72,-2.48,-3.72,7.38,-4.88
0.0,-9.38,2.8,-2.38,-2.2,10.43,-4.88
0.0,-9.3,2.63,-2.55,-0.55,7.38,-4.76
0.0,-9.26,2.67,-2.45,-3.17,-1.52,-9.33
0.0,-9.43,2.54,-2.52,-3.9,-3.48,8.17
0.0,-9.28,2.66,-2.48,-9.7,2.13,6.95
0.0,-9.25,2.9,-2.35,-3.35,-4.45,3.11
0.0,-9.3,2.7,-2.53,-2.56,0.3,4.88
0.0,-9.21,2.74,-2.46,-9.7,-9.02,-1.59
0.0,-9.44,2.85,-2.34,-12.13,-1.59,-6.89
0.0,-9.33,2.83,-2.28,1.65,15.0,-2.32
0.0,-9.21,2.73,-2.41,21.71,1.65,2.74
0.0,-9.29,2.59,-2.51,13.29,3.35,4.94
0.0,-9.27,2.53,-2.48,-9.57,3.84,7.32
0.0,-9.33,2.76,-2.46,-10.85,1.1,1.46
0.0,-9.34,2.75,-2.4,-4.88,-3.17,3.11
0.0,-9.46,2.71,-2.49,-9.51,1.34,5.18
0.0,-9.33,2.85,-2.38,-6.65,9.33,1.59
0.0,-9.22,2.84,-2.44,1.1,8.17,4.94
0.0,-9.3,2.89,-2.46,6.59,8.17,2.07
0.0,-9.29,2.76,-2.57,7.2,13.29,3.78
0.0,-9.23,2.71,-2.52,-1.28,6.4,5.91
0.0,-9.34,2.83,-2.43,-6.34,1.59,5.55
0.0,-9.23,2.88,-2.5,-0.37,3.96,0.0
0.0,-9.27,2.75,-2.45,-0.37,-0.61,-0.85
0.0,-9.3,2.89,-2.45,0.3,1.71,-5.49
0.0,-9.35,2.7,-2.48,5.18,-2.2,-4.09
0.0,-9.38,2.65,-2.53,-4.39,8.66,-4.15
0.0,-9.22,2.9,-2.44,-4.09,4.7,-1.34
0.0,-9.37,2.79,-2.45,1.52,8.23,3.54
0.0,-9.31,2.81,-2.43,2.74,14.33,2.07
0.0,-9.17,2.82,-2.45,4.7,7.8,-0.18
0.0,-9.25,2.67,-2.56,-0.37,2.01,4.02
0.0,-9.31,2.81,-2.53,-3.84,3.66,1.28
0.0,-9.3,2.75,-2.39,3.84,4.94,-0.24
0.0,-9.18,2.64,-2.52,-1.89,7.26,-2.62
0.0,-9.38,2.81,-2.45,-5.12,0.79,0.24
0.0,-9.36,2.81,-2.51,-3.6,6.52,10.24
0.0,-9.22,2.85,-2.45,-2.8,1.4,7.07
0.0,-9.29,2.8,-2.54,1.22,4.57,7.74
0.0,-9.27,2.86,-2.49,-3.9,7.38,9.7
0.0,-9.19,2.91,-2.52,-8.48,0.06,1.52
0.0,-9.28,2.88,-2.49,-4.63,0.43,1.04
0.0,-9.32,2.82,-2.51,-7.13,5.79,8.78
0.0,-9.24,2.99,-2.46,-1.83,7.99,4.09
0.0,-9.19,2.86,-2.45,-1.34,6.77,-0.06
0.0,-9.36,2.84,-2.43,-1.4,6.65,-2.68
0.0,-9.26,2.8,-2.48,-2.62,9.21,4.88
0.0,-9.2,2.71,-2.5,-4.94,0.67,4.94
0.0,-9.32,2.87,-2.55,-7.38,-1.28,3.96
0.0,-9.23,3.0,-2.49,-6.65,3.41,0.06
0.0,-9.18,2.95,-2.45,4.02,-0.06,-3.48
0.0,-9.34,2.72,-2.5,8.78,-0.3,1.34
0.0,-9.28,2.67,-2.46,-4.21,0.85,-0.49
0.0,-9.26,2.9,-2.5,-12.01,5.0,0.18
0.0,-9.25,2.91,-2.46,-4.09,1.65,-0.43
0.0,-9.25,2.89,-2.54,-3.23,0.06,-0.91
0.0,-9.27,2.87,-2.49,-0.55,2.26,-0.67
0.0,-9.33,2.89,-2.5,-4.82,0.55,3.96
0.0,-9.4,2.96,-2.4,1.71,6.22,1.52
0.0,-9.2,2.86,-2.53,3.29,7.93,6.52
0.0,-9.15,2.9,-2.48,-5.98,2.68,-0.61
0.0,-9.28,2.98,-2.32,3.84,-0.12,-3.78
0.0,-9.27,2.85,-2.58,6.65,2.8,6.4
0.0,-9.25,2.89,-2.46,-0.73,0.3,-2.13
0.0,-9.29,2.79,-2.57,-11.28,2.07,3.84
0.0,-9.26,3.01,-2.43,-16.22,0.0,-7.74
0.0,-9.3,3.0,-2.37,-7.01,0.61,-5.85
0.0,-9.19,2.9,-2.43,-4.21,6.89,1.52
0.0,-9.14,2.93,-2.42,-5.55,-5.85,-7.8
0.0,-9.27,2.8,-2.47,-13.29,-2.68,2.8
9.0,-9.29,2.97,-2.35,-6.46,-5.18,-2.26
9.0,-9.28,2.73,-2.51,-3.66,-10.0,0.12
9.0,-9.22,2.89,-2.31,-10.79,-7.74,1.4
9.0,-9.29,2.93,-2.31,0.91,1.22,-6.16
9.0,-9.26,2.96,-2.28,4.7,7.99,-9.76
0.0,-9.26,2.87,-2.35,10.55,5.18,-11.95
0.0,-9.28,2.72,-2.51,-2.74,4.88,1.22
0.0,-9.19,2.87,-2.39,-7.68,9.7,-0.18
0.0,-9.3,2.84,-2.36,-6.95,5.73,10.24
0.0,-9.22,2.92,-2.45,-8.72,5.73,9.27
0.0,-9.22,2.9,-2.43,-10.61,-0.91,3.35
0.0,-9.26,3.0,-2.4,-8.78,1.95,2.74
0.0,-9.29,3.05,-2.42,1.46,0.49,-6.52
0.0,-9.31,2.86,-2.38,1.52,6.71,6.04
0.0,-9.26,2.87,-2.46,-3.48,4.39,0.06
0.0,-9.17,2.92,-2.5,-11.59,4.33,-3.17
0.0,-9.22,3.09,-2.26,-2.62,1.52,-5.3
0.0,-9.26,2.8,-2.42,1.71,-1.16,4.09
0.0,-9.2,2.91,-2.41,-3.54,-10.3,0.91
0.0,-9.39,2.87,-2.45,-2.62,-6.28,2.2
0.0,-9.12,3.01,-2.33,-13.9,2.32,-1.71
0.0,-9.23,3.02,-2.31,-0.61,-5.91,-6.71
0.0,-9.33,2.84,-2.28,3.6,-3.05,-0.3
0.0,-9.33,2.96,-2.26,-3.6,1.4,-7.56
0.0,-9.4,2.84,-2.38,0.61,14.51,-3.23
0.0,-9.21,2.94,-2.39,3.05,13.72,-2.5
0.0,-9.22,2.82,-2.37,-2.5,11.59,-3.78
0.0,-9.29,2.92,-2.38,-15.37,22.8,-1.59
0.0,-9.22,3.13,-2.35,5.06,8.17,-1.4
0.0,-9.23,2.9,-2.52,10.12,4.45,7.38
0.0,-9.24,2.83,-2.43,-6.4,5.3,5.12
0.0,-9.24,2.92,-2.43,-10.18,2.62,4.21
0.0,-9.23,2.98,-2.47,-9.94,0.0,7.38
0.0,-9.26,3.05,-2.43,-3.48,0.73,6.95
0.0,-9.22,2.99,-2.35,-6.46,3.41,7.68
0.0,-9.19,3.07,-2.34,-3.41,2.93,-0.37
0.0,-9.31,2.85,-2.42,-4.88,1.83,0.67
0.0,-9.19,3.09,-2.37,-7.38,3.72,-1.4
0.0,-9.22,3.12,-2.3,3.78,0.91,4.02
0.0,-9.18,2.79,-2.47,0.85,-2.5,6.46
0.0,-9.25,3.05,-2.31,-6.1,-3.72,-5.24
0.0,-9.48,2.83,-2.44,-9.02,2.62,1.22
0.0,-9.36,2.92,-2.4,-10.24,12.01,-2.26
0.0,-9.22,2.72,-2.48,-22.5,10.37,5.98
0.0,-9.09,3.21,-2.13,-18.05,-2.2,1.52
0.0,-9.33,3.12,-2.25,16.34,-8.48,4.02
0.0,-9.23,2.82,-2.46,8.78,3.17,3.17
9.0,-9.18,3.06,-2.27,3.11,0.06,-8.6
9.0,-9.34,2.93,-2.4,8.78,2.38,-0.55
9.0,-9.34,2.94,-2.38,6.59,6.16,0.0
9.0,-9.32,2.82,-2.42,-7.93,19.02,0.37
0.0,-9.13,3.19,-2.28,-5.67,19.88,-5.06
0.0,-9.25,2.94,-2.43,14.15,5.18,11.95
0.0,-9.2,2.88,-2.46,4.39,4.21,10.37
0.0,-9.28,3.01,-2.47,-7.32,-2.13,7.13
0.0,-9.23,3.07,-2.49,-3.54,-3.41,8.78
0.0,-9.09,3.17,-2.31,-0.55,-3.11,2.44
0.0,-9.26,2.99,-2.41,-8.35,-4.88,-1.04
0.0,-9.19,3.23,-2.28,-6.04,1.22,-21.95
0.0,-9.32,2.94,-2.36,-5.55,4.88,-26.4
0.0,-9.4,2.94,-2.33,-5.61,10.55,-23.23
0.0,-9.14,2.95,-2.3,5.0,13.66,-0.12
0.0,-9.26,2.93,-2.53,2.38,2.99,-10.24
0.0,-9.1,3.03,-2.45,-3.41,3.6,-11.52
0.0,-9.26,2.9,-2.38,6.4,-6.16,5.06
0.0,-9.15,2.89,-2.41,-5.0,-9.02,5.55
0.0,-9.35,2.99,-2.33,-17.93,-6.71,-11.1
0.0,-9.21,3.05,-2.23,5.49,0.85,4.45
0.0,-9.23,2.89,-2.36,7.07,-11.83,4.94
0.0,-9.46,2.93,-2.4,-5.98,10.18,-1.59
0.0,-9.25,3.06,-2.25,1.52,7.44,2.68
0.0,-9.28,2.88,-2.37,12.26,-3.78,11.46
0.0,-9.28,2.87,-2.4,-1.28,1.65,16.34
0.0,-9.08,3.13,-2.35,-3.17,-1.28,7.01
0.0,-9.28,3.04,-2.25,9.63,-13.54,1.28
0.0,-9.45,3.11,-2.15,13.78,-2.32,10.49
0.0,-9.27,3.2,-2.18,25.79,6.95,-8.11
0.0,-9.34,2.99,-2.34,14.51,14.33,-6.83
0.0,-9.29,2.96,-2.39,6.83,19.57,1.59
0.0,-9.17,2.87,-2.43,-3.35,17.32,6.4
0.0,-9.05,3.02,-2.47,-15.55,4.45,7.56
0.0,-9.29,3.09,-2.45,-10.73,0.18,2.56
0.0,-9.15,3.07,-2.33,-5.18,-4.63,3.48
0.0,-9.21,2.98,-2.36,-6.89,-3.9,-0.85
0.0,-9.19,3.04,-2.31,-11.16,3.9,0.06
0.0,-9.29,3.16,-2.18,-6.1,3.72,-6.95
0.0,-9.16,3.08,-2.38,2.32,4.27,9.45
0.0,-9.18,2.96,-2.37,3.35,0.73,0.18
0.0,-9.21,2.9,-2.41,-5.06,0.18,-2.13
9.0,-9.21,2.94,-2.38,-7.74,0.98,-0.06
9.0,-9.15,3.07,-2.34,-6.34,-3.05,-5.49
9.0,-9.22,3.07,-2.26,-3.35,-4.63,4.39
0.0,-9.23,3.02,-2.38,-2.44,-2.56,8.78
0.0,-9.29,3.05,-2.21,-10.61,10.85,15.49
0.0,-9.18,3.3,-2.29,1.22,14.02,2.13
0.0,-9.18,3.01,-2.38,1.89,5.37,10.91
0.0,-9.14,3.1,-2.4,-9.76,3.11,-0.55
0.0,-9.28,3.17,-2.28,-10.3,3.9,-7.93
0.0,-9.25,3.04,-2.35,-7.8,5.79,5.55
0.0,-9.22,3.04,-2.38,-6.1,5.79,7.38
0.0,-9.08,3.04,-2.45,-14.45,-0.49,4.33
0.0,-9.23,3.18,-2.24,-20.91,3.23,2.44
0.0,-9.25,3.25,-2.3,-10.55,6.16,0.67
0.0,-9.11,3.14,-2.39,6.16,2.62,1.46
0.0,-9.12,3.08,-2.29,0.06,-6.89,-1.77
0.0,-9.3,3.01,-2.24,-7.44,-2.74,-3.48
0.0,-9.21,3.09,-2.29,-7.56,3.41,-0.55
0.0,-9.16,3.04,-2.26,-5.12,3.35,-1.95
0.0,-9.28,3.11,-2.29,-13.05,-1.16,4.09
0.0,-9.24,3.18,-2.14,-8.23,6.28,4.45
0.0,-9.28,3.03,-2.24,-1.04,0.67,10.43
0.0,-9.22,3.1,-2.32,-7.07,-0.06,6.16
0.0,-9.25,3.2,-2.24,-3.66,6.46,5.24
0.0,-9.14,3.17,-2.21,3.17,6.71,5.79
0.0,-9.17,3.01,-2.37,-6.34,1.28,6.89
0.0,-9.21,3.24,-2.21,-7.13,7.26,3.78
0.0,-9.26,3.18,-2.26,6.04,4.21,4.94
0.0,-9.1,3.12,-2.36,2.87,0.49,4.57
0.0,-9.1,3.2,-2.27,-0.43,-10.79,-2.99
0.0,-9.41,3.22,-2.3,6.1,3.54,3.9
0.0,-9.18,2.93,-2.33,-1.16,9.39,11.95
0.0,-9.22,3.27,-2.26,-10.0,9.02,3.41
0.0,-9.1,3.38,-2.26,-1.04,10.06,-1.65
0.0,-9.11,3.05,-2.45,-1.89,8.66,5.67
0.0,-9.07,3.15,-2.33,-4.02,-4.39,-5.55
0.0,-9.27,3.13,-2.24,-0.37,0.67,0.37
0.0,-9.15,3.06,-2.24,-5.98,0.0,2.99
0.0,-9.32,3.23,-2.28,-3.11,2.56,-4.21
0.0,-9.23,3.11,-2.22,-0.3,0.24,-0.18
0.0,-9.35,3.19,-2.17,-5.43,7.07,-0.3
0.0,-9.19,3.26,-2.26,3.96,8.35,0.3
0.0,-9.15,3.14,-2.34,5.79,4.57,4.02
0.0,-9.11,3.12,-2.25,-3.11,11.28,6.28
0.0,-9.13,3.29,-2.26,1.71,6.04,3.05
0.0,-9.15,3.12,-2.39,2.07,4.88,4.45
0.0,-9.22,3.22,-2.35,-10.06,4.45,4.27
0.0,-9.18,3.38,-2.24,-2.13,5.37,4.7
0.0,-9.16,3.3,-2.26,-9.63,11.89,8.05
0.0,-9.09,3.41,-2.34,-2.2,7.8,-8.23
0.0,-9.16,3.14,-2.31,0.12,5.49,3.35
0.0,-9.17,3.07,-2.45,-7.38,3.17,3.84
0.0,-9.13,3.24,-2.35,-6.34,-5.49,3.66
0.0,-9.17,3.26,-2.27,-6.16,-8.41,3.78
0.0,-9.25,3.35,-2.18,-2.38,1.83,-2.26
0.0,-9.2,3.21,-2.14,3.54,2.01,-1.95
0.0,-9.25,3.04,-2.26,-2.87,2.26,2.62
0.0,-9.15,3.26,-2.2,-10.37,7.26,0.06
0.0,-9.05,3.32,-2.25,-2.99,-0.85,0.24
0.0,-9.21,3.17,-2.25,5.0,2.56,-1.65
0.0,-9.12,3.19,-2.31,-3.17,-3.41,2.01
0.0,-9.21,3.3,-2.24,-6.65,8.05,2.74
0.0,-9.15,3.31,-2.25,0.91,-0.24,3.35
0.0,-9.22,3.23,-2.26,5.79,-1.89,2.07
0.0,-9.22,3.22,-2.27,-0.61,7.5,6.77
0.0,-9.1,3.35,-2.14,-4.45,7.44,7.99
0.0,-9.1,3.35,-2.15,11.83,4.02,9.45
0.0,-9.11,3.37,-2.25,17.32,2.93,6.89
0.0,-9.15,3.32,-2.33,8.78,10.0,0.91
0.0,-9.11,3.35,-2.41,5.12,12.99,1.71
0.0,-9.06,3.24,-2.4,-0.79,7.01,-0.24
0.0,-9.1,3.27,-2.28,-14.94,2.68,1.59
0.0,-9.06,3.37,-2.31,-9.63,1.65,0.0
0.0,-9.13,3.28,-2.25,-2.62,-5.55,8.78
0.0,-9.19,3.44,-2.12,-3.84,-2.68,7.01
0.0,-9.15,3.37,-2.22,7.99,8.05,-1.22
0.0,-9.02,3.25,-2.33,12.87,-2.56,2.56
0.0,-9.07,3.15,-2.25,2.74,-10.43,-2.44
0.0,-9.14,3.33,-2.21,-14.57,-3.35,1.1
0.0,-9.19,3.45,-2.13,-1.34,5.61,-8.23
0.0,-9.23,3.06,-2.38,-7.87,8.9,8.66
0.0,-9.1,3.42,-2.19,-11.22,-2.38,3.29
0.0,-9.19,3.44,-2.17,-1.04,-0.37,6.52
0.0,-9.01,3.4,-2.3,-2.44,-3.35,6.65
0.0,-9.27,3.27,-2.26,-7.8,0.12,1.71
0.0,-9.17,3.4,-2.1,-8.66,11.59,6.46
0.0,-9.09,3.44,-2.24,1.95,8.66,1.28
0.0,-9.19,3.27,-2.3,2.07,11.95,4.39
0.0,-9.03,3.36,-2.3,1.4,8.96,5.49
0.0,-9.09,3.37,-2.24,0.49,6.77,7.44
0.0,-9.07,3.32,-2.35,-6.59,1.34,6.71
0.0,-9.08,3.47,-2.25,-10.67,-4.33,2.26
0.0,-9.1,3.38,-2.21,-17.93,-3.78,6.89
0.0,-9.21,3.47,-2.12,-15.24,-2.07,4.57
0.0,-9.11,3.45,-2.15,-7.2,0.79,2.5
9.0,-9.06,3.49,-2.19,-1.28,-0.24,-3.48
9.0,-9.12,3.25,-2.25,2.13,-6.4,-3.41
9.0,-9.13,3.28,-2.17,-11.4,0.37,1.04
0.0,-9.05,3.48,-2.11,-2.56,2.8,-4.15
0.0,-9.22,3.35,-2.12,6.71,5.24,3.66
0.0,-9.14,3.29,-2.16,2.93,4.39,-1.1
0.0,-9.25,3.34,-2.24,-1.28,14.21,-0.61
0.0,-9.03,3.35,-2.28,-10.85,5.3,6.4
0.0,-9.15,3.46,-2.24,-4.33,-0.91,1.59
0.0,-9.08,3.37,-2.2,-7.07,-0.24,10.37
0.0,-9.09,3.52,-2.21,-8.48,-0.12,4.88
0.0,-9.13,3.57,-2.2,0.67,1.04,-3.35
0.0,-9.16,3.26,-2.2,-4.39,-4.33,0.0
0.0,-9.21,3.48,-2.28,-8.54,-0.79,-2.56
0.0,-9.09,3.53,-2.09,-2.93,6.77,1.1
0.0,-8.75,3.46,-2.32,1.83,1.95,-8.23
0.0,-9.13,3.31,-2.18,-4.82,-0.85,-3.9
0.0,-9.11,3.51,-2.18,-10.98,1.52,0.61
0.0,-9.11,3.56,-2.1,1.52,5.0,-0.67
0.0,-9.09,3.44,-2.23,5.67,4.21,-5.18
0.0,-9.12,3.32,-2.19,0.24,-0.85,-5.91
0.0,-9.11,3.35,-2.14,-0.73,-5.24,-4.39
0.0,-9.09,3.48,-2.17,2.87,0.98,-7.44
0.0,-9.09,3.41,-2.1,5.55,2.5,-8.66
0.0,-9.22,3.27,-2.2,2.01,8.54,-7.62
0.0,-9.16,3.31,-2.14,-3.48,3.72,1.34
0.0,-9.19,3.36,-2.2,-3.23,11.59,5.24
0.0,-9.14,3.35,-2.27,-2.8,9.76,6.16
0.0,-9.04,3.45,-2.31,-2.87,5.49,6.83
0.0,-9.11,3.42,-2.2,-6.77,2.5,8.72
0.0,-9.14,3.53,-2.15,-5.61,4.02,3.17
0.0,-9.07,3.67,-2.09,1.16,2.38,3.96
0.0,-9.05,3.55,-2.18,16.16,-1.71,-3.17
0.0,-9.28,3.15,-2.27,-2.74,-3.17,2.26
0.0,-9.19,3.5,-2.13,-16.46,6.28,-2.74
0.0,-9.05,3.53,-2.13,-5.55,7.44,2.5
0.0,-9.12,3.44,-2.21,4.94,3.05,1.34
0.0,-9.12,3.29,-2.31,-1.52,2.8,3.72
0.0,-9.04,3.45,-2.07,-11.4,-0.79,0.06
0.0,-9.3,3.56,-2.13,-3.54,0.37,-2.44
0.0,-9.07,3.44,-2.19,-0.49,1.83,-1.89
0.0,-9.17,3.46,-2.11,4.45,1.71,-10.0
0.0,-9.18,3.26,-2.11,-2.56,5.98,1.65
0.0,-9.03,3.4,-2.13,-6.71,8.6,-1.04
0.0,-9.15,3.43,-2.18,-1.16,6.22,-3.54
0.0,-9.12,3.46,-2.13,0.0,-1.59,0.67
0.0,-9.09,3.38,-2.19,-5.24,0.67,2.38
0.0,-9.21,3.45,-2.13,-6.04,-3.66,2.01
0.0,-9.21,3.46,-2.17,-4.51,2.56,5.73
0.0,-9.15,3.41,-2.17,-2.38,5.49,6.71
0.0,-9.1,3.46,-2.26,-8.29,7.93,8.54
0.0,-9.08,3.53,-2.06,-8.96,3.72,5.18
0.0,-9.12,3.6,-2.11,-0.12,1.89,4.33
0.0,-9.08,3.39,-2.15,-0.18,2.2,7.8
0.0,-9.12,3.48,-2.21,-11.04,3.6,6.83
0.0,-9.05,3.66,-2.06,-4.15,6.34,-0.61
0.0,-9.09,3.43,-2.17,3.6,-5.98,-0.85
0.0,-9.14,3.45,-2.24,-9.02,-3.84,1.77
0.0,-9.22,3.56,-2.09,-2.44,-0.49,1.77
0.0,-9.15,3.44,-2.13,1.83,2.44,2.38
0.0,-9.11,3.54,-2.14,-1.52,2.99,1.4
0.0,-9.13,3.56,-2.02,9.02,0.3,-2.07
0.0,-9.18,3.33,-2.05,2.13,2.26,3.05
0.0,-9.1,3.59,-2.1,-8.11,6.83,-2.62
0.0,-9.27,3.65,-2.11,8.05,10.98,-7.74
0.0,-9.05,3.43,-2.13,9.33,20.06,6.28
0.0,-9.02,3.49,-2.19,9.39,7.13,-3.96
0.0,-9.14,3.43,-2.36,7.38,-0.3,3.41
0.0,-9.08,3.45,-2.15,2.87,2.62,1.59
0.0,-9.11,3.47,-2.23,4.94,5.06,0.79
0.0,-9.09,3.44,-2.26,-5.98,6.77,8.17
0.0,-9.01,3.6,-2.23,-4.09,-0.91,0.06
0.0,-9.13,3.53,-2.17,4.21,-0.24,5.12
0.0,-9.13,3.39,-2.11,2.99,4.27,7.5
0.0,-9.08,3.62,-2.16,-6.46,4.57,0.61
0.0,-9.05,3.67,-2.11,2.13,-0.91,0.85
0.0,-9.08,3.47,-2.16,0.79,-1.65,4.09
0.0,-8.98,3.57,-2.09,-7.56,-0.55,-3.48
0.0,-9.18,3.68,-2.2,9.02,0.49,-1.71
0.0,-9.05,3.45,-2.22,0.0,3.72,9.88
0.0,-9.08,3.57,-2.12,-2.56,2.8,2.74
0.0,-9.08,3.5,-2.11,6.46,-0.3,3.9
0.0,-8.96,3.53,-2.08,-4.02,2.13,1.34
0.0,-9.1,3.62,-2.05,1.04,1.83,-7.44
0.0,-9.14,3.41,-2.12,4.39,4.27,1.77
0.0,-9.11,3.44,-2.16,-5.85,1.28,-1.46
0.0,-9.21,3.62,-2.23,-5.0,8.35,2.01
0.0,-9.04,3.61,-2.19,2.44,6.52,3.96
0.0,-8.96,3.54,-2.12,-0.12,1.95,3.17
0.0,-9.05,3.61,-2.18,-1.52,3.66,0.0
0.0,-9.02,3.58,-2.14,-1.46,0.3,0.37
0.0,-9.08,3.6,-2.15,1.65,-3.23,-0.79
0.0,-9.19,3.43,-2.24,-3.66,1.22,5.73
0.0,-9.09,3.54,-2.16,-14.39,2.62,10.3
0.0,-9.09,3.81,-1.97,-6.1,1.59,6.1
0.0,-9.03,3.66,-2.07,0.12,6.28,-0.91
0.0,-9.03,3.66,-2.13,1.59,3.17,-4.76
0.0,-9.06,3.6,-2.12,5.79,-0.43,-2.26
0.0,-9.15,3.55,-2.0,-2.07,4.7,-0.43
0.0,-9.11,3.51,-2.15,2.44,4.76,-7.56
0.0,-9.17,3.39,-2.13,-5.43,7.62,4.27
0.0,-9.04,3.55,-2.1,-14.94,8.84,7.38
0.0,-9.07,3.79,-2.08,-2.93,19.39,-9.51
0.0,-8.83,3.45,-2.1,2.62,5.73,-5.61
0.0,-9.05,3.36,-2.07,-2.07,-6.1,3.29
0.0,-9.1,3.66,-2.17,-8.11,-1.89,3.9
0.0,-9.11,3.73,-2.14,-6.16,7.13,-2.07
0.0,-9.11,3.71,-2.14,7.87,0.91,-8.9
0.0,-9.04,3.41,-2.1,10.73,3.41,-2.13
0.0,-9.02,3.56,-2.19,-6.1,4.94,7.2
0.0,-9.06,3.74,-2.13,-2.13,1.65,-2.74
0.0,-9.16,3.51,-2.12,1.52,6.34,12.32
0.0,-9.22,3.55,-2.17,-5.37,6.46,2.93
0.0,-9.09,3.7,-2.12,-11.89,7.38,2.5
0.0,-9.03,3.7,-2.14,-8.66,12.2,0.85
0.0,-9.01,3.64,-2.17,-7.26,6.89,0.98
0.0,-9.06,3.59,-2.22,3.17,0.91,-0.18
0.0,-9.03,3.62,-2.17,-1.77,-4.45,1.89
0.0,-9.04,3.73,-2.03,3.84,2.62,-1.52
0.0,-9.04,3.67,-2.04,4.88,8.84,-6.1
0.0,-8.99,3.59,-2.19,3.41,1.1,-8.84
0.0,-9.06,3.48,-2.19,2.62,3.17,-9.57
0.0,-9.09,3.55,-2.16,-6.71,8.35,2.38
0.0,-9.05,3.74,-2.1,3.29,6.95,-2.07
0.0,-8.93,3.56,-2.21,9.88,2.87,-2.87
0.0,-9.1,3.42,-2.21,-7.26,-0.12,-1.4
0.0,-9.08,3.75,-2.1,-9.88,8.05,1.04
0.0,-9.06,3.68,-2.11,7.56,1.4,0.98
0.0,-9.13,3.43,-2.2,4.27,2.38,4.76
0.0,-9.04,3.6,-2.16,-4.57,7.07,2.93
0.0,-9.03,3.63,-2.11,-4.39,6.28,6.46
0.0,-8.95,3.74,-2.09,-1.89,-3.54,-0.91
0.0,-9.19,3.67,-2.14,1.71,8.23,1.83
0.0,-9.02,3.58,-2.16,-4.82,10.98,8.05
0.0,-9.02,3.7,-2.16,-0.37,2.93,0.0
0.0,-9.13,3.54,-2.33,5.61,-0.43,-2.56
0.0,-9.06,3.45,-2.17,-13.05,-4.09,2.44
0.0,-9.12,3.75,-2.08,-9.51,-2.01,-1.4
0.0,-9.05,3.65,-1.95,0.43,1.1,5.49
0.0,-9.13,3.64,-2.02,5.79,5.24,-1.04
0.0,-9.01,3.69,-2.09,5.06,6.77,-2.01
0.0,-9.04,3.5,-2.15,8.66,2.26,-3.41
0.0,-9.04,3.5,-2.22,-1.95,3.72,-1.1
0.0,-9.15,3.64,-2.13,-3.6,4.21,-7.99
0.0,-8.99,3.57,-2.17,2.32,3.29,-1.1
0.0,-9.12,3.53,-2.14,-1.04,0.61,-0.3
0.0,-9.18,3.72,-2.06,-2.07,6.71,1.04
0.0,-9.09,3.66,-2.08,4.15,9.15,3.96
0.0,-9.04,3.64,-2.23,6.77,10.91,3.23
0.0,-9.03,3.62,-2.19,6.89,7.2,6.28
0.0,-8.93,3.66,-2.21,2.13,5.91,4.15
0.0,-9.01,3.69,-2.22,3.66,4.39,2.8
0.0,-9.02,3.65,-2.23,2.8,5.24,7.99
0.0,-8.99,3.73,-2.18,1.4,7.38,5.49
0.0,-9.05,3.64,-2.2,-2.32,9.15,4.57
0.0,-9.02,3.74,-2.21,-2.93,5.24,4.27
0.0,-9.01,3.66,-2.11,1.52,7.07,3.6
0.0,-8.99,3.65,-2.13,1.1,3.78,7.32
0.0,-8.96,3.73,-2.13,-2.99,5.49,10.67
0.0,-8.97,3.77,-2.2,6.83,3.78,-0.12
0.0,-8.97,3.67,-2.14,6.28,0.18,-0.43
0.0,-9.06,3.7,-2.14,0.18,3.84,0.37
0.0,-9.03,3.74,-2.1,4.63,7.68,1.65
0.0,-8.95,3.66,-2.22,4.76,2.68,3.54
0.0,-8.99,3.66,-2.27,1.59,1.04,-4.76
0.0,-9.0,3.69,-2.24,-2.13,-3.29,0.43
0.0,-9.0,3.68,-2.2,-9.09,4.45,7.26
0.0,-9.0,3.86,-2.18,0.0,-2.13,1.4
0.0,-9.05,3.62,-2.26,4.7,4.57,1.83
0.0,-8.95,3.66,-2.12,-5.37,6.16,1.77
0.0,-9.06,3.84,-2.19,2.38,3.11,2.68
0.0,-9.01,3.75,-2.15,4.33,7.13,2.32
0.0,-8.96,3.72,-2.2,-2.38,2.87,-2.38
0.0,-9.0,3.72,-2.23,-7.74,2.01,-0.43
0.0,-8.97,3.72,-2.2,-13.05,1.59,5.91
0.0,-8.97,3.86,-2.12,-10.3,-3.17,-2.99
0.0,-9.01,3.71,-2.14,-1.28,-3.84,-4.09
0.0,-9.06,3.64,-2.19,-8.96,-0.61,-3.48
0.0,-9.06,3.85,-2.03,0.37,-3.11,-8.17
0.0,-9.11,3.65,-2.2,3.96,7.32,-2.07
0.0,-9.0,3.67,-2.05,3.11,6.1,-5.24
0.0,-9.06,3.69,-2.08,5.43,7.07,-3.9
0.0,-8.94,3.6,-2.26,-3.54,8.84,4.27
0.0,-8.86,3.84,-2.21,6.04,-2.8,-5.37
0.0,-9.07,3.55,-2.26,11.46,-4.76,-2.5
0.0,-9.18,3.62,-2.2,-9.27,3.23,-2.74
0.0,-8.97,3.87,-2.05,-6.83,7.13,-6.16
0.0,-8.96,3.81,-2.24,4.15,2.32,-0.3
0.0,-8.98,3.57,-2.21,-4.27,1.22,-2.38
0.0,-9.05,3.73,-2.17,-8.41,4.63,-4.76
0.0,-8.94,3.78,-2.21,-0.61,2.87,2.56
0.0,-8.91,3.79,-2.16,1.4,0.12,-1.71
0.0,-9.0,3.75,-2.21,0.67,-0.49,-9.02
0.0,-8.88,3.76,-2.23,-1.4,-4.39,-11.46
0.0,-9.11,3.72,-2.15,2.13,-9.02,-15.18
0.0,-9.18,3.6,-2.21,-2.2,1.1,-7.8
0.0,-9.02,3.73,-2.12,-1.89,-0.49,-8.72
0.0,-9.08,3.61,-2.09,-1.4,-2.26,-0.12
0.0,-9.11,3.71,-2.08,-4.15,5.67,-9.63
0.0,-9.02,3.71,-2.15,7.68,7.62,-8.6
0.0,-9.05,3.51,-2.21,6.34,0.85,-3.05
0.0,-9.02,3.51,-2.15,-5.3,4.09,-0.18
0.0,-8.99,3.67,-2.06,-9.27,2.62,-1.46
0.0,-9.1,3.72,-2.15,-0.91,-0.43,-3.54
0.0,-8.96,3.55,-2.1,-8.84,0.24,1.04
0.0,-9.01,3.77,-2.01,-9.63,3.78,1.16
0.0,-9.11,3.8,-1.99,4.82,7.38,3.78
0.0,-9.05,3.71,-2.11,6.34,7.5,6.4
0.0,-9.02,3.76,-2.17,6.22,5.12,3.78
0.0,-9.0,3.82,-2.12,11.95,6.34,-2.26
0.0,-8.91,3.71,-2.16,2.2,6.95,-5.49
0.0,-9.1,3.72,-2.2,-2.32,0.91,-9.09
0.0,-9.08,3.63,-2.08,-0.24,2.99,1.71
0.0,-9.06,3.69,-2.08,-5.55,3.17,1.89
9.0,-8.94,3.76,-2.17,-2.8,5.3,-2.99
9.0,-9.1,3.61,-2.07,-4.94,2.38,-0.67
9.0,-9.08,3.6,-2.1,-10.67,5.67,1.95
0.0,-9.0,3.81,-2.13,-3.41,0.91,-1.1
0.0,-8.99,3.89,-2.07,3.35,4.7,-4.27
0.0,-9.02,3.59,-2.2,-0.37,4.94,-7.74
0.0,-8.99,3.59,-2.11,0.06,5.06,-5.61
0.0,-9.01,3.67,-2.01,-3.78,3.17,1.28
0.0,-9.05,3.66,-2.05,1.59,1.52,-0.18
0.0,-9.12,3.61,-2.1,3.05,4.63,0.0
0.0,-9.05,3.54,-2.08,-1.28,1.77,2.74
0.0,-9.12,3.59,-2.14,-8.84,4.02,7.56
0.0,-9.08,3.79,-2.1,-4.51,5.73,2.07
0.0,-9.0,3.8,-1.96,6.04,10.67,2.87
0.0,-8.98,3.63,-2.08,4.63,9.82,2.56
0.0,-9.01,3.7,-2.24,-2.2,7.68,2.07
0.0,-8.97,3.68,-2.09,-4.63,6.34,5.61
0.0,-9.07,3.66,-2.17,-2.68,5.43,3.35
0.0,-8.96,3.76,-2.21,-5.61,4.45,5.12
0.0,-9.0,3.82,-2.24,-5.98,-1.71,6.1
0.0,-8.96,3.9,-2.11,-6.28,-0.79,1.71
0.0,-9.01,3.77,-2.11,-3.41,3.23,0.91
0.0,-9.01,3.73,-2.19,-3.54,3.72,3.9
0.0,-8.95,3.82,-2.1,1.52,-4.63,-0.3
0.0,-8.97,3.74,-2.08,0.61,3.35,-1.65
0.0,-9.03,3.83,-2.07,3.6,4.15,-9.82
0.0,-9.07,3.66,-2.1,6.83,3.11,-3.11
0.0,-9.01,3.69,-2.11,3.9,4.88,1.4
0.0,-9.04,3.74,-2.05,5.55,5.12,-1.34
0.0,-9.1,3.6,-2.11,0.67,10.91,0.61
0.0,-8.95,3.7,-2.11,-3.48,10.49,-0.43
0.0,-9.03,3.88,-2.19,7.44,-1.65,3.96
0.0,-9.07,3.68,-2.22,1.34,6.71,7.32
0.0,-9.02,3.69,-2.11,-6.46,3.48,2.93
0.0,-9.12,3.78,-2.04,2.38,4.7,6.59
0.0,-8.96,3.77,-2.18,-1.59,12.74,12.93
0.0,-8.87,3.88,-2.22,-1.28,10.18,1.4
0.0,-8.89,3.61,-2.33,-9.27,7.44,-3.9
0.0,-8.66,3.87,-2.3,-28.11,-4.21,-6.77
0.0,-9.01,4.09,-2.13,-12.74,-19.94,-18.48
0.0,-9.13,3.6,-2.16,-13.29,-14.45,-3.23
0.0,-9.19,3.75,-2.12,-30.43,-4.27,5.55
0.0,-8.96,3.84,-2.03,-25.18,0.49,11.34
0.0,-9.16,3.9,-2.18,-23.35,19.21,30.0
0.0,-8.43,3.98,-2.08,13.35,10.37,20.12
0.0,-9.04,3.59,-2.14,-0.73,-18.17,-5.55
0.0,-9.04,3.71,-1.88,-16.89,-7.62,-23.17
0.0,-9.05,3.71,-2.02,-5.0,-17.32,-9.27
0.0,-9.12,3.73,-1.9,-4.33,4.7,12.2
0.0,-8.97,3.83,-2.03,5.98,2.44,14.82
0.0,-8.89,3.91,-2.02,7.5,-2.2,21.83
0.0,-8.98,3.93,-2.19,7.38,0.43,-2.44
0.0,-8.96,3.59,-2.12,0.55,-7.26,3.66
0.0,-9.07,3.89,-1.84,-1.71,-5.98,8.6
0.0,-8.69,3.85,-1.91,1.65,-20.0,13.35
0.0,-9.45,3.84,-2.04,-11.04,34.88,-3.41
0.0,-8.94,4.12,-1.94,-0.85,24.82,1.95
0.0,-8.85,3.91,-2.14,13.05,12.44,3.35
0.0,-8.89,4.02,-2.28,9.21,-1.95,10.55
0.0,-9.88,3.73,-2.01,-8.9,-33.6,6.16
0.0,-8.63,4.26,-1.76,-9.63,27.87,3.11
9.0,-8.7,3.89,-2.18,18.84,-11.77,-7.38
9.0,-9.03,3.65,-2.27,4.82,-16.1,9.39
9.0,-9.19,3.91,-2.07,-9.76,-19.57,10.18
0.0,-9.68,3.98,-1.73,-6.83,-3.72,2.99
0.0,-9.63,3.79,-1.97,-2.8,11.89,-21.28
0.0,-9.08,3.81,-1.93,-0.98,27.68,-1.95
0.0,-8.83,3.84,-1.9,8.96,14.21,-3.96
0.0,-8.55,3.9,-1.99,13.41,7.07,-10.18
0.0,-8.9,3.71,-2.02,9.09,18.96,-7.13
0.0,-9.19,3.85,-2.01,6.95,14.15,-2.74
0.0,-8.86,3.85,-2.04,11.04,-0.85,5.06
0.0,-9.22,3.52,-2.23,-10.73,-0.73,4.88
0.0,-8.91,3.78,-2.01,-26.52,1.95,14.15
0.0,-9.06,4.07,-1.98,-10.3,3.29,8.17
0.0,-8.78,4.02,-2.01,3.05,9.33,3.72
0.0,-8.95,3.91,-2.1,1.65,-2.8,-5.98
0.0,-9.17,3.91,-2.09,-2.93,8.29,5.79
0.0,-8.76,3.86,-1.78,-9.82,-4.02,16.89
0.0,-9.16,4.09,-1.87,-7.62,15.37,16.22
0.0,-8.66,4.03,-1.94,6.4,-27.07,15.49
0.0,-8.8,3.91,-2.09,-6.34,-26.34,29.39
0.0,-8.91,4.16,-2.0,-8.05,-14.76,2.99
0.0,-8.91,4.18,-2.0,12.93,-1.46,-11.16
0.0,-8.94,3.68,-2.1,-3.23,-17.44,-16.59
0.0,-8.59,3.95,-1.97,-9.09,-25.85,-18.66
0.0,-9.03,3.73,-2.04,-6.46,-1.28,6.04
0.0,-8.68,3.93,-1.85,-11.52,-9.21,-2.93
0.0,-9.22,3.9,-1.91,-9.94,-7.32,4.94
0.0,-8.93,4.06,-1.87,-3.78,0.55,2.13
0.0,-8.61,3.99,-1.75,3.72,-14.57,8.9
0.0,-8.87,3.96,-1.8,7.26,-4.82,0.12
0.0,-9.01,3.96,-1.99,16.46,7.2,2.56
0.0,-8.89,3.97,-1.91,9.88,17.8,5.67
0.0,-9.03,3.9,-1.77,-0.12,17.26,0.37
0.0,-9.0,3.79,-1.8,-8.84,15.3,11.59
0.0,-9.11,4.17,-1.94,0.24,-11.34,1.71
0.0,-9.57,3.76,-2.12,4.27,7.62,-8.96
0.0,-8.66,4.09,-1.95,-15.0,13.17,6.95
0.0,-8.95,4.22,-1.85,-13.23,38.9,4.15
0.0,-8.59,4.26,-1.79,2.38,25.98,3.35
0.0,-9.06,3.86,-1.96,17.56,2.74,-3.72
0.0,-8.89,3.84,-2.03,-6.89,9.02,-0.3
0.0,-8.89,4.15,-1.9,-2.13,-5.18,5.61
0.0,-9.03,3.99,-1.99,8.41,13.11,2.87
0.0,-8.83,4.0,-2.05,3.6,9.82,-12.93
0.0,-8.77,3.99,-1.72,-6.04,-2.8,8.48
0.0,-8.76,4.28,-1.59,8.17,-0.79,2.2
0.0,-8.95,3.92,-1.96,17.87,7.01,-1.22
0.0,-8.89,3.97,-2.16,6.89,-9.76,-21.83
0.0,-9.31,3.91,-1.99,-4.88,-5.0,-8.29
0.0,-9.0,3.91,-2.1,-5.43,-3.6,-4.39
0.0,-8.79,3.9,-1.83,-9.45,21.04,-5.12
0.0,-9.33,4.17,-1.75,22.01,22.01,-0.98
0.0,-9.08,3.77,-2.01,34.09,33.96,7.01
0.0,-9.15,3.68,-2.22,12.87,17.68,-21.83
0.0,-8.89,3.84,-2.16,-21.16,13.96,-10.18
0.0,-8.89,3.96,-2.18,-16.34,0.43,4.88
0.0,-8.84,4.03,-2.14,-23.9,-6.71,-1.52
9.0,-8.84,4.11,-1.98,-31.22,-11.28,-25.67
9.0,-9.02,4.06,-1.84,-18.6,-9.33,-22.62
9.0,-8.96,4.14,-1.87,5.3,7.93,-19.88
0.0,-9.09,3.99,-1.83,23.35,7.87,-22.56
0.0,-9.08,3.94,-1.97,17.87,18.72,-18.41
0.0,-8.78,3.87,-2.0,14.76,12.87,-17.01
0.0,-9.03,3.59,-2.19,-4.63,0.43,-5.49
0.0,-9.01,3.83,-1.88,-8.17,6.65,-2.44
0.0,-8.87,3.86,-2.06,-4.63,0.79,5.18
0.0,-8.9,4.02,-2.03,-4.45,3.11,-7.07
0.0,-8.95,3.98,-1.99,5.79,2.87,-3.23
0.0,-9.09,3.85,-2.09,0.12,10.55,8.54
0.0,-8.86,4.0,-2.02,2.87,9.76,-6.16
0.0,-9.01,3.85,-2.06,1.83,0.0,-5.91
0.0,-8.99,3.92,-2.03,-4.51,7.13,-0.55
0.0,-8.98,3.99,-2.01,5.91,10.91,-2.93
0.0,-8.85,3.94,-1.98,10.06,-4.33,-0.98
0.0,-9.09,3.83,-2.0,4.63,-3.17,-1.22
0.0,-8.97,3.82,-1.98,0.79,6.95,1.04
0.0,-8.97,3.82,-1.96,-10.73,2.2,6.89
0.0,-9.03,4.05,-1.98,-4.82,2.93,0.12
0.0,-8.92,3.97,-1.96,9.51,4.51,-2.56
0.0,-8.89,3.83,-1.99,6.22,2.87,-0.79
0.0,-9.04,3.86,-1.97,0.91,3.23,-1.46
0.0,-8.99,4.0,-2.0,0.0,2.68,-1.65
0.0,-9.09,3.91,-2.1,2.8,10.12,-1.95
0.0,-8.93,3.85,-2.04,-2.13,13.17,-0.98
9.0,-8.9,3.95,-2.1,2.8,5.79,0.79
9.0,-8.87,3.95,-1.96,5.61,6.95,3.78
9.0,-8.95,3.79,-2.1,2.62,4.02,-5.43
0.0,-9.01,3.9,-2.02,-8.05,-1.65,-6.28
0.0,-9.19,3.88,-2.0,-2.99,13.05,9.27
0.0,-8.9,3.92,-2.06,4.51,5.43,12.62
0.0,-8.98,3.83,-2.02,-6.83,3.48,8.48
0.0,-8.84,4.01,-2.09,-10.0,4.02,-0.79
0.0,-8.9,4.03,-1.96,-2.62,4.02,-2.62
0.0,-8.89,3.95,-2.05,4.09,1.65,-2.8
0.0,-9.03,3.85,-2.09,3.72,-1.28,-2.07
0.0,-8.93,3.92,-2.03,-5.67,5.61,1.65
0.0,-8.88,3.99,-2.01,-1.59,-0.79,2.68
0.0,-8.91,4.04,-2.05,1.28,0.0,0.61
0.0,-8.99,3.96,-2.03,0.61,4.82,-3.78
0.0,-9.01,3.84,-2.03,-2.62,5.24,-0.73
0.0,-9.03,3.9,-1.97,-4.02,5.98,-0.37
0.0,-9.04,4.0,-2.01,8.54,5.85,-2.93
0.0,-8.95,3.77,-2.01,10.79,0.85,1.4
0.0,-8.95,3.74,-2.08,-1.71,3.84,0.18
9.0,-8.89,3.88,-1.84,-4.39,8.17,1.89
9.0,-8.88,3.95,-1.96,0.12,7.2,3.96
9.0,-8.82,3.83,-1.94,-0.73,6.28,-0.43
9.0,-9.01,3.65,-2.13,-13.84,-6.83,6.28
0.0,-9.09,3.94,-2.02,-24.15,4.15,23.11
0.0,-8.79,4.31,-1.87,-4.02,4.39,14.27
0.0,-8.86,4.09,-2.08,-1.71,3.17,14.57
0.0,-8.79,4.23,-2.02,-2.93,0.24,-2.5
0.0,-8.94,4.08,-1.99,2.13,-0.43,-10.67
0.0,-8.93,3.91,-2.01,2.26,2.44,-7.32
0.0,-8.99,3.95,-1.96,3.84,1.46,-4.63
0.0,-8.93,3.9,-2.03,0.85,0.37,4.82
0.0,-8.94,3.88,-1.98,-12.01,2.99,5.24
0.0,-8.95,4.07,-1.89,-6.77,-1.28,7.56
0.0,-9.03,4.01,-1.93,-2.2,0.73,8.9
0.0,-8.87,4.09,-1.96,-11.28,8.6,2.74
0.0,-8.95,4.15,-2.08,-6.77,6.95,-9.57
0.0,-8.9,3.98,-1.99,-7.2,7.07,-8.41
0.0,-8.91,4.04,-1.97,-4.02,5.67,-16.16
9.0,-8.98,3.91,-1.98,7.56,3.05,-2.32
9.0,-8.93,3.78,-2.0,2.26,7.07,12.2
9.0,-8.82,3.97,-2.05,-3.78,5.73,0.55
0.0,-8.97,4.04,-2.03,3.17,1.71,-3.9
0.0,-8.9,4.11,-2.01,4.63,7.07,-2.2
0.0,-8.85,3.98,-2.07,-4.57,2.32,-5.67
0.0,-8.83,4.09,-1.96,-7.99,8.23,-2.32
0.0,-8.83,4.08,-2.05,0.67,1.16,-5.67
0.0,-8.93,3.92,-2.02,2.13,-3.41,-1.4
0.0,-8.97,3.91,-1.98,-7.56,0.85,2.56
0.0,-8.92,4.07,-1.92,-3.54,3.66,2.93
0.0,-8.94,4.11,-1.92,2.68,3.48,1.71
0.0,-8.86,4.02,-1.92,-2.62,8.29,0.67
0.0,-8.88,3.9,-2.0,-5.85,1.71,-0.61
0.0,-8.98,4.05,-2.03,-6.89,-3.9,0.73
0.0,-8.98,4.16,-1.85,-0.49,6.59,-3.78
0.0,-8.9,4.03,-2.02,1.89,10.49,-5.12
0.0,-8.82,3.93,-1.94,4.39,1.95,-1.95
0.0,-8.95,3.97,-1.96,4.94,-1.46,5.3
0.0,-8.94,4.02,-2.04,1.1,10.12,2.99
0.0,-8.82,4.11,-2.0,3.41,7.44,-7.87
0.0,-8.92,3.97,-1.9,2.62,5.18,-2.5
0.0,-8.97,4.0,-1.99,-2.2,12.2,1.89
0.0,-8.82,4.02,-2.11,0.91,4.7,3.17
9.0,-8.86,3.87,-2.11,-5.98,-1.16,7.32
9.0,-8.92,4.09,-1.94,-15.43,11.04,6.89
9.0,-8.89,4.16,-1.95,-3.11,14.94,5.18
0.0,-8.81,4.11,-1.99,8.96,1.59,9.39
0.0,-8.87,4.13,-2.06,11.04,-0.06,4.45
0.0,-9.16,4.0,-2.17,3.05,15.18,2.38
0.0,-9.22,3.93,-1.92,-7.44,23.84,6.46
0.0,-8.81,3.76,-1.98,-14.27,19.15,20.55
0.0,-8.53,4.28,-2.04,-20.73,10.43,35.79
0.0,-8.62,4.53,-2.09,-17.74,-1.16,8.6
0.0,-8.69,4.43,-2.07,3.05,1.1,-1.16
0.0,-8.86,4.09,-2.09,22.68,-13.84,-4.39
0.0,-8.8,3.98,-2.13,12.01,-7.13,-7.13
0.0,-8.75,4.04,-1.89,-5.79,-16.52,-24.88
0.0,-9.01,4.13,-1.77,0.49,-10.61,-17.93
0.0,-8.74,4.24,-1.77,-0.98,6.65,-21.28
0.0,-8.93,4.22,-1.89,12.56,12.2,-21.71
0.0,-9.21,3.89,-1.99,24.27,12.13,0.67
0.0,-8.96,3.92,-2.06,9.27,21.28,7.44
0.0,-8.81,4.03,-2.19,0.79,18.9,1.4
0.0,-8.79,4.02,-2.19,0.98,7.68,-0.73
0.0,-8.89,3.94,-2.16,-6.89,4.63,-2.07
0.0,-8.91,4.08,-2.09,-6.77,6.04,8.41
0.0,-8.89,4.04,-2.11,-2.56,2.38,17.62
0.0,-8.92,4.09,-2.2,-5.85,1.46,8.84
0.0,-8.81,4.14,-2.09,-4.45,3.96,-0.79
0.0,-8.77,4.13,-2.06,0.79,-7.32,-4.88
0.0,-9.04,4.11,-2.05,2.38,-7.99,-6.4
0.0,-8.89,3.96,-1.93,4.33,1.52,-1.1
0.0,-8.84,3.93,-1.93,2.2,-4.51,2.07
0.0,-8.89,3.98,-1.94,-15.12,-2.26,8.84
0.0,-8.97,4.21,-1.89,-10.49,1.22,3.96
0.0,-8.89,4.28,-1.81,4.45,11.77,-2.07
0.0,-8.9,4.13,-1.84,-2.87,15.67,-9.94
0.0,-8.94,4.17,-1.94,-13.05,37.13,-21.46
0.0,-8.81,4.22,-1.98,17.74,19.7,-7.38
0.0,-8.87,3.98,-2.2,26.83,12.2,2.44
0.0,-8.85,3.92,-2.19,7.99,10.49,-4.57
0.0,-8.78,4.1,-2.13,7.68,5.98,6.34
0.0,-8.76,3.97,-2.17,6.95,1.89,12.44
0.0,-8.83,3.98,-2.27,-8.11,2.93,8.66
0.0,-8.72,4.24,-2.23,-17.01,1.77,-8.23
0.0,-8.79,4.39,-2.06,-1.95,0.3,-26.89
0.0,-8.63,4.13,-2.21,-7.13,-12.07,-42.2
0.0,-9.06,3.92,-2.17,-24.63,-13.41,-46.1
0.0,-9.14,3.94,-1.95,-15.18,0.61,-26.28
0.0,-8.83,3.96,-2.06,-6.77,-9.09,-21.77
0.0,-8.94,3.88,-1.89,-14.88,-7.8,-20.85
0.0,-8.84,4.0,-1.9,-13.35,-6.89,-12.68
0.0,-8.98,4.06,-1.78,-1.52,-5.55,-7.68
9.0,-8.94,3.89,-1.83,-1.59,-14.09,-0.18
9.0,-9.16,4.0,-1.98,-7.13,11.4,-11.95
0.0,-8.88,4.0,-1.87,9.02,9.57,-5.3
0.0,-9.05,3.85,-2.01,18.6,7.2,-9.63
0.0,-8.9,3.65,-2.12,3.6,22.01,-3.29
0.0,-8.89,3.87,-2.01,-1.65,13.35,13.84
0.0,-8.91,3.98,-2.07,8.66,8.54,-3.66
0.0,-9.05,3.89,-2.12,10.61,7.99,-5.24
0.0,-8.87,3.83,-2.14,3.78,3.78,-3.05
0.0,-8.97,3.88,-2.08,-0.49,-3.29,10.06
0.0,-9.07,3.99,-2.1,-2.2,0.37,11.95
0.0,-8.91,4.04,-1.96,-6.28,7.68,5.55
0.0,-8.85,4.11,-2.02,3.29,0.73,-10.12
0.0,-8.91,3.92,-1.99,7.32,4.82,-4.94
0.0,-8.88,3.8,-1.96,-2.8,-6.46,-0.37
0.0,-9.17,3.79,-2.02,-0.24,-5.98,12.44
0.0,-9.05,3.93,-1.94,0.3,7.99,7.01
0.0,-8.86,3.91,-1.99,-11.71,6.83,-5.49
0.0,-9.1,4.12,-1.89,0.12,5.79,0.37
0.0,-8.91,3.98,-2.07,8.6,12.32,7.5
0.0,-8.89,3.91,-2.13,-1.59,9.02,-3.05
0.0,-8.85,4.0,-2.1,-0.55,5.43,-0.37
0.0,-8.84,3.9,-2.04,8.41,3.9,7.26
0.0,-8.87,3.81,-2.18,-10.0,0.37,8.17
0.0,-8.91,4.07,-1.92,-17.87,1.16,1.52
0.0,-8.94,4.15,-1.97,3.23,-0.3,1.28
0.0,-8.83,3.97,-1.94,3.78,1.34,6.22
0.0,-8.92,3.95,-2.1,-2.74,0.0,2.32
0.0,-9.01,4.1,-1.93,-3.11,7.44,4.09
0.0,-8.82,4.03,-2.05,-7.74,10.3,7.68
0.0,-8.94,4.15,-1.99,-3.41,7.32,-1.77
0.0,-8.9,4.05,-2.03,7.8,2.93,-3.96
0.0,-8.92,3.93,-1.95,2.2,-0.49,0.06
0.0,-8.93,4.03,-1.88,1.04,2.32,-5.43
0.0,-8.97,4.15,-1.93,7.07,1.59,-3.35
0.0,-9.1,3.99,-1.94,14.51,9.51,-10.79
0.0,-9.03,3.97,-2.03,3.05,29.94,-4.51
0.0,-8.7,4.22,-1.99,13.41,24.76,-6.34
0.0,-8.81,3.85,-2.11,17.2,12.68,-2.01
0.0,-8.73,3.93,-2.24,-0.24,7.44,1.46
0.0,-8.85,3.9,-2.19,-10.12,1.16,3.84
0.0,-8.81,4.09,-2.09,-11.22,-3.29,7.26
0.0,-8.81,4.04,-2.06,-5.61,-7.38,-0.67
0.0,-8.95,4.1,-2.02,-6.83,0.61,-2.2
0.0,-8.87,4.14,-1.96,0.0,0.06,2.07
0.0,-8.96,3.91,-2.08,5.73,3.17,0.91
0.0,-8.76,3.92,-2.07,-4.27,1.16,0.91
0.0,-8.83,4.01,-2.12,-7.13,-3.23,-2.26
0.0,-8.88,3.94,-2.14,-1.77,-14.15,2.93
0.0,-8.96,3.97,-2.07,-5.98,-7.62,3.48
0.0,-9.0,4.08,-1.94,-5.61,1.04,0.73
0.0,-8.85,4.09,-1.94,-1.52,8.29,2.87
0.0,-8.93,4.08,-2.01,2.01,9.63,-5.3
0.0,-8.93,4.01,-2.08,-1.34,16.28,-1.89
0.0,-8.87,4.09,-2.02,2.74,17.87,-5.49
0.0,-9.02,4.04,-2.14,11.1,5.37,1.71
0.0,-9.03,3.98,-2.1,13.23,19.82,8.54
0.0,-8.72,3.95,-2.2,2.5,10.79,8.9
0.0,-8.84,4.01,-2.18,-12.07,7.87,4.57
0.0,-8.79,4.15,-2.01,-9.57,5.43,2.87
0.0,-8.88,4.16,-2.2,2.2,-2.93,3.6
0.0,-8.82,3.99,-2.12,0.61,0.55,1.1
0.0,-8.81,4.03,-2.11,-10.61,-3.05,2.87
9.0,-8.77,4.17,-2.03,-3.96,-8.48,-2.38
9.0,-8.94,4.13,-2.0,1.1,-9.7,-4.51
9.0,-8.9,4.04,-1.96,0.12,1.59,-7.32
9.0,-8.93,4.16,-1.93,0.73,9.45,-10.0
0.0,-8.87,4.09,-2.12,11.95,6.46,-2.01
0.0,-8.89,3.9,-2.12,7.62,1.04,-0.37
0.0,-8.82,3.99,-2.09,-8.35,-2.01,-4.94
0.0,-8.93,4.15,-1.93,-9.27,2.87,-0.91
0.0,-8.86,4.09,-1.97,-2.5,0.91,-1.89
0.0,-9.04,3.94,-2.1,-3.78,4.33,-2.68
0.0,-8.86,4.14,-2.02,0.06,7.93,0.67
0.0,-8.93,4.16,-1.96,9.94,5.73,-2.93
0.0,-8.9,3.91,-2.08,14.33,7.93,5.61
0.0,-8.93,4.12,-1.95,10.3,14.02,4.21
0.0,-8.74,4.08,-2.15,14.63,9.51,1.52
