9.0,-9.66,-1.89,-1.79,-9.33,41.46,7.68
9.0,-9.55,-1.92,-1.63,-12.26,35.12,11.22
9.0,-9.62,-1.83,-1.8,-8.35,31.59,15.3
9.0,-9.67,-1.85,-1.78,-2.93,29.02,19.39
0.0,-9.8,-1.82,-1.94,0.55,45.98,15.85
9.0,-9.72,-1.82,-1.99,-9.76,52.26,18.05
9.0,-9.63,-1.75,-1.95,-18.41,59.7,18.11
9.0,-9.54,-1.73,-1.98,-23.11,44.33,20.73
9.0,-9.44,-1.68,-1.98,-22.13,24.7,27.44
9.0,-9.5,-1.63,-1.94,-15.18,9.21,26.28
9.0,-9.58,-1.63,-1.98,-11.22,6.1,19.7
9.0,-9.46,-1.59,-2.07,-10.37,6.46,6.4
9.0,-9.65,-1.56,-2.01,-0.98,2.8,-3.9
9.0,-9.6,-1.63,-1.94,4.76,7.87,-11.59
9.0,-9.77,-1.66,-1.92,12.26,5.85,-0.06
9.0,-9.67,-1.74,-2.02,12.2,3.96,4.02
9.0,-9.68,-1.69,-1.93,21.28,8.84,10.06
9.0,-9.7,-1.49,-1.77,39.27,8.54,21.04
9.0,-9.47,-1.59,-1.87,59.76,3.6,34.57
9.0,-9.78,-1.62,-2.09,61.71,14.02,40.98
9.0,-9.65,-1.68,-2.06,48.41,16.22,28.48
9.0,-9.66,-1.58,-2.04,34.33,16.46,8.84
9.0,-9.57,-1.63,-2.01,27.56,14.39,11.28
9.0,-9.6,-1.52,-2.09,23.54,20.43,3.72
9.0,-9.63,-1.61,-2.06,20.67,27.5,-1.71
0.0,-9.58,-1.65,-2.05,15.24,24.27,0.18
9.0,-9.76,-1.74,-2.0,7.74,26.22,-8.05
9.0,-9.8,-1.71,-2.05,-9.15,39.27,-8.41
9.0,-9.58,-1.5,-1.93,1.52,41.46,5.37
9.0,-9.37,-1.57,-1.98,13.78,33.17,20.12
9.0,-9.57,-1.64,-2.16,12.07,18.54,8.17
9.0,-9.66,-1.62,-2.17,6.22,17.74,-0.37
9.0,-9.66,-1.53,-2.08,5.91,12.87,-6.52
9.0,-9.58,-1.54,-2.08,4.63,20.79,-7.74
9.0,-9.77,-1.67,-2.23,-0.67,31.46,-2.8
9.0,-9.88,-2.03,-2.24,-32.93,34.76,0.61
9.0,-10.14,-2.17,-2.18,-92.68,72.68,5.67
9.0,-10.1,-2.05,-2.15,-142.93,120.85,33.66
9.0,-10.23,-2.17,-2.72,-234.45,183.54,57.01
0.0,-9.34,-1.71,-2.44,-354.63,281.95,-2.38
9.0,-9.4,-1.27,-2.55,-358.78,261.22,-7.38
9.0,-9.08,-0.94,-2.62,-291.71,280.91,14.02
9.0,-9.24,-1.08,-3.17,-232.87,243.11,-21.77
9.0,-9.91,-1.3,-4.13,-209.7,284.09,2.68
9.0,-8.95,-1.39,-4.67,-244.21,311.1,13.9
9.0,-7.87,-0.7,-4.09,-220.55,171.46,46.71
9.0,-8.11,0.01,-4.03,-133.54,9.57,106.1
9.0,-9.24,-0.29,-4.54,-47.8,-33.6,90.0
9.0,-8.65,-0.46,-4.58,-47.38,-17.5,47.93
9.0,-9.03,-0.45,-4.26,-69.33,-69.27,13.23
9.0,-10.05,-0.1,-4.39,-29.63,-82.2,-21.16
9.0,-9.31,-0.46,-4.33,-7.8,-27.56,4.76
9.0,-8.91,-0.65,-4.32,-49.27,-25.91,17.07
9.0,-9.89,-0.55,-4.34,-92.93,14.21,23.29
9.0,-9.68,-0.54,-4.37,-125.43,102.07,35.73
9.0,-9.04,-0.14,-4.11,-135.0,97.44,38.41
9.0,-9.1,-0.07,-4.24,-93.96,60.73,-2.8
9.0,-8.97,-0.05,-4.22,-52.62,40.43,0.24
9.0,-8.78,-0.26,-4.41,-35.37,8.54,14.27
9.0,-8.81,-0.32,-4.5,-49.27,-13.54,8.41
9.0,-9.54,-0.15,-4.37,-54.15,18.11,14.27
9.0,-8.56,-0.05,-4.21,-26.4,11.71,5.06
9.0,-9.02,-0.06,-4.56,-7.99,73.05,14.33
9.0,-8.48,-0.07,-4.45,7.74,50.12,-16.04
9.0,-8.67,-0.21,-4.74,6.34,-30.79,-12.32
9.0,-8.46,-0.01,-4.09,-4.57,-94.21,5.18
9.0,-10.09,-0.23,-4.7,20.24,-132.74,-39.27
9.0,-10.37,-0.13,-5.04,-9.39,53.35,40.85
9.0,-8.94,-0.02,-4.72,4.88,92.62,60.61
9.0,-8.53,-0.35,-4.83,-26.28,33.29,25.37
9.0,-8.85,0.12,-4.23,-45.73,-5.12,-3.17
9.0,-8.91,0.1,-4.06,2.93,-0.18,-33.11
9.0,-10.1,-0.15,-4.43,3.29,54.15,22.74
9.0,-8.96,-0.16,-4.43,-29.33,63.48,22.32
9.0,-9.02,-0.09,-4.8,-29.51,19.82,-3.54
9.0,-8.26,-0.15,-4.82,-47.13,17.01,-16.04
9.0,-8.5,0.06,-4.4,-74.09,-35.49,-33.11
9.0,-9.52,-0.02,-4.51,-55.61,14.27,-45.91
9.0,-9.27,-0.07,-4.74,-47.13,91.65,-11.1
9.0,-8.56,0.06,-4.79,-25.24,67.74,2.8
9.0,-8.62,-0.02,-4.9,-10.61,7.44,-30.37
9.0,-9.0,-0.23,-4.62,-42.99,-26.89,-58.41
9.0,-9.8,-0.36,-4.57,-64.57,22.62,-58.6
9.0,-9.47,-0.22,-4.58,-71.34,70.55,-15.49
9.0,-8.06,0.03,-4.58,-78.54,30.55,-11.59
9.0,-8.5,0.42,-4.26,-69.27,-9.21,-42.2
0.0,-9.45,0.33,-4.58,-26.46,45.73,-45.24
9.0,-9.21,0.09,-4.82,8.48,79.45,-8.48
9.0,-8.11,-0.22,-4.81,26.46,-4.02,-28.6
9.0,-8.15,-0.13,-4.8,49.7,-120.67,-25.85
9.0,-9.0,-0.18,-4.95,84.7,-172.07,-24.27
9.0,-9.2,-0.53,-5.14,46.52,-127.56,3.78
9.0,-9.24,-0.26,-4.55,-6.77,-85.85,11.52
9.0,-9.53,-0.14,-4.15,-12.01,-55.43,13.41
9.0,-8.59,-0.09,-4.08,12.32,-34.21,1.83
9.0,-11.23,-0.08,-4.69,22.13,75.37,73.05
9.0,-8.95,-0.32,-4.65,-0.98,123.78,85.37
9.0,-8.3,-0.13,-4.45,-48.78,42.5,26.59
9.0,-8.45,0.24,-4.19,-54.94,-37.32,17.74
9.0,-9.32,0.59,-3.87,-0.61,4.63,40.85
9.0,-9.67,0.13,-4.1,54.88,37.87,26.71
9.0,-9.0,-0.52,-4.72,15.12,87.13,38.6
9.0,-9.4,-0.08,-4.75,-41.34,59.21,18.11
9.0,-8.9,0.05,-4.52,-73.05,68.54,0.91
9.0,-8.76,0.57,-4.46,-39.7,-2.5,6.95
9.0,-8.5,0.56,-4.43,21.46,-15.73,35.3
9.0,-8.33,0.13,-4.51,46.1,-86.16,22.2
9.0,-9.02,0.03,-4.52,24.63,-154.27,9.88
9.0,-9.26,0.17,-4.39,6.28,-164.45,-10.61
9.0,-9.48,0.21,-4.22,15.37,-100.91,18.23
9.0,-8.55,0.01,-3.99,-6.34,-89.88,32.44
9.0,-8.89,0.31,-4.08,-3.05,-179.39,20.24
9.0,-10.05,-0.02,-4.44,-4.51,-101.22,-10.18
9.0,-9.21,0.14,-3.89,-47.32,29.76,2.56
9.0,-9.61,0.3,-3.85,-67.8,74.27,-35.43
9.0,-9.76,0.45,-3.95,-55.06,110.12,-75.12
9.0,-8.77,0.2,-3.8,-33.54,54.57,-76.34
9.0,-8.51,-0.01,-3.93,-24.88,-1.1,-50.85
9.0,-9.25,0.23,-3.89,-39.94,-78.66,-47.38
9.0,-9.51,0.1,-3.95,-14.57,-69.88,-48.72
9.0,-9.85,-0.03,-4.0,-25.24,21.46,-58.6
9.0,-9.54,0.02,-3.9,-40.3,41.46,-38.35
9.0,-9.31,-0.13,-3.99,-41.77,29.45,-53.41
9.0,-9.65,-0.25,-4.05,-67.8,51.83,-79.45
9.0,-9.11,0.06,-3.86,-63.41,58.23,-52.44
9.0,-9.09,-0.04,-3.9,-36.71,32.68,-54.15
9.0,-9.4,-0.02,-4.05,-17.44,-4.02,-79.45
9.0,-10.96,-0.49,-4.89,-16.59,85.43,-21.83
9.0,-9.02,-0.09,-4.49,-38.05,149.27,37.62
9.0,-9.01,-0.02,-4.2,-11.71,-18.23,-6.77
1.0,-9.37,-0.38,-4.71,-30.37,75.37,42.38
9.0,-8.59,-0.24,-4.24,-56.34,39.82,28.78
9.0,-9.01,-0.36,-4.2,-66.95,-12.62,-22.01
9.0,-9.17,-0.29,-4.44,-83.35,48.35,-13.11
9.0,-9.15,0.1,-4.19,-95.37,116.1,28.41
1.0,-8.85,0.44,-4.43,-47.07,7.2,1.16
9.0,-8.6,0.49,-4.39,-2.5,-104.63,-38.96
9.0,-9.28,0.05,-4.6,49.94,-29.88,3.23
9.0,-10.8,-0.33,-4.84,39.33,28.41,3.23
9.0,-9.21,-0.1,-4.67,1.04,127.74,51.1
9.0,-8.57,-0.12,-4.37,-2.38,40.18,20.37
9.0,-8.7,0.07,-4.52,-0.67,-31.77,25.06
9.0,-8.85,0.19,-4.44,4.02,-49.51,14.45
9.0,-9.11,0.2,-4.46,10.91,-4.82,40.67
9.0,-9.27,0.1,-4.73,15.61,28.54,29.76
9.0,-9.04,0.14,-4.6,8.35,-6.59,-9.39
9.0,-9.14,0.05,-4.98,4.09,85.79,49.7
9.0,-8.56,0.26,-4.62,-6.71,37.38,3.41
9.0,-8.3,0.46,-4.2,16.83,-69.09,-26.59
9.0,-9.17,0.12,-4.29,27.38,-51.28,-35.91
9.0,-9.48,-0.19,-4.46,8.11,-16.34,-25.3
9.0,-9.51,0.06,-4.45,-14.33,18.66,-6.46
9.0,-9.17,0.21,-4.27,19.76,10.49,17.44
9.0,-9.59,-0.05,-4.89,24.02,24.39,27.68
9.0,-8.64,0.05,-4.83,-0.24,20.0,18.66
9.0,-8.53,0.21,-4.41,-4.82,-64.57,18.78
9.0,-8.11,0.2,-4.0,0.79,-103.96,-18.78
9.0,-9.42,0.15,-4.14,13.72,-131.77,-56.28
9.0,-9.47,0.15,-4.3,2.32,-17.62,38.23
9.0,-9.76,-0.08,-4.44,-15.49,-16.59,9.94
9.0,-8.17,0.25,-4.13,-10.0,-22.32,11.95
9.0,-9.55,0.29,-4.07,16.59,-50.85,-9.51
9.0,-9.37,0.0,-4.27,2.68,74.15,16.52
9.0,-8.86,-0.05,-4.01,0.91,64.76,8.29
9.0,-8.47,0.14,-3.89,17.87,24.88,52.44
1.0,-9.24,-0.05,-4.45,19.88,-50.43,-1.89
9.0,-9.14,0.04,-4.54,4.82,-23.84,0.06
9.0,-9.19,0.28,-4.23,-11.83,-3.11,21.65
9.0,-8.77,0.06,-4.02,-7.74,-32.87,21.28
9.0,-8.89,0.27,-3.84,-7.01,-49.88,2.68
9.0,-10.47,0.36,-4.16,10.06,-10.12,39.63
9.0,-9.31,0.05,-4.1,-8.29,57.8,26.77
1.0,-9.06,0.29,-4.27,-36.46,45.0,27.44
9.0,-8.38,0.53,-4.05,-15.98,6.46,-19.94
9.0,-9.06,0.45,-4.24,2.87,-14.39,-23.96
9.0,-8.49,0.09,-4.26,27.01,-69.63,-34.27
9.0,-9.37,0.18,-4.28,21.95,-38.66,-5.85
9.0,-8.35,0.33,-3.86,43.84,-97.26,-8.84
9.0,-9.64,0.19,-4.35,73.54,-121.46,-9.45
9.0,-10.29,-0.13,-4.32,41.34,-9.51,-5.55
9.0,-9.06,0.04,-3.71,21.34,24.21,-5.06
9.0,-9.56,0.22,-3.73,33.78,68.17,-9.82
9.0,-9.0,0.24,-3.89,45.91,104.45,24.88
9.0,-8.46,0.28,-4.03,47.62,64.39,14.7
9.0,-8.63,0.03,-4.21,62.87,-11.1,-22.74
9.0,-9.99,-0.2,-4.51,40.67,-46.83,-15.61
9.0,-9.63,0.01,-4.23,5.06,-22.5,31.34
9.0,-9.05,0.15,-3.9,0.91,-54.7,33.41
9.0,-9.76,0.04,-3.93,31.4,-93.96,-38.96
9.0,-10.18,-0.03,-4.39,7.8,113.35,63.05
1.0,-8.52,0.14,-3.73,2.93,141.71,33.17
9.0,-8.49,0.04,-3.69,2.44,7.5,-13.9
1.0,-8.48,0.29,-3.55,-2.44,-67.2,7.56
9.0,-9.65,0.49,-3.92,35.24,-26.4,12.13
0.0,-9.78,0.19,-4.28,52.87,68.35,-0.49
9.0,-8.75,0.1,-4.17,51.83,42.44,-41.22
9.0,-8.49,0.22,-3.84,49.15,-45.3,-43.6
9.0,-9.57,-0.07,-4.1,61.59,-71.71,-74.09
9.0,-9.56,-0.31,-4.45,56.16,4.51,-41.89
9.0,-7.59,-0.28,-3.96,31.59,-93.6,-66.89
9.0,-9.1,-0.06,-3.87,15.3,-204.02,-98.48
9.0,-9.71,-0.28,-3.75,51.71,-83.35,-85.61
9.0,-8.92,-0.54,-3.54,68.9,-91.65,-40.3
9.0,-9.52,-0.69,-3.75,29.21,-161.71,-34.57
9.0,-9.91,-0.47,-3.18,10.43,-140.61,-73.6
9.0,-10.62,-0.51,-3.36,15.18,13.72,9.45
9.0,-9.39,-0.64,-3.27,11.95,6.46,6.52
9.0,-9.63,-0.5,-3.44,-3.29,14.33,16.34
9.0,-9.34,-0.45,-3.28,1.28,41.46,-29.51
9.0,-8.98,-0.27,-2.91,18.9,30.67,-33.17
9.0,-9.15,-0.22,-3.1,19.94,31.71,-26.65
9.0,-9.08,-0.46,-3.23,50.37,37.2,-81.83
1.0,-9.46,-0.85,-3.46,83.54,1.59,-60.12
9.0,-9.91,-0.95,-3.86,88.05,-14.33,-13.29
9.0,-9.93,-0.99,-4.03,63.11,-10.67,20.55
9.0,-9.13,-1.05,-3.73,32.13,-41.46,29.02
9.0,-8.76,-0.85,-3.26,17.13,-60.24,11.34
9.0,-10.7,-0.9,-3.61,17.62,-47.56,-15.18
9.0,-9.28,-0.91,-3.6,-36.4,49.76,77.2
9.0,-7.88,-0.54,-2.77,-47.2,-84.09,9.57
9.0,-9.15,-0.39,-2.72,-23.05,-191.83,-22.01
9.0,-10.61,-0.62,-2.94,-2.99,-79.57,12.56
9.0,-9.91,-0.34,-2.76,26.22,-9.39,19.94
9.0,-9.06,-0.2,-2.76,71.34,-55.24,21.77
9.0,-8.55,-0.26,-2.72,145.91,-153.48,-16.46
9.0,-9.85,-0.24,-2.86,221.77,-186.95,23.23
9.0,-9.45,-0.61,-2.72,266.89,-190.37,42.93
9.0,-9.28,-0.87,-2.52,283.41,-213.48,26.71
9.0,-9.34,-1.16,-2.21,231.46,-272.93,67.26
9.0,-9.8,-0.81,-2.0,152.68,-235.43,51.28
9.0,-9.57,-0.44,-1.23,152.2,-200.55,-2.56
9.0,-10.12,-0.33,-0.98,203.35,-190.55,6.52
9.0,-10.42,-0.63,-0.78,227.93,-201.71,21.28
9.0,-11.0,-1.12,-1.19,159.39,-192.13,18.6
9.0,-10.96,-1.3,-1.37,37.8,-58.23,-17.74
9.0,-10.2,-0.83,-1.03,1.04,60.85,-67.62
9.0,-9.49,-1.01,-0.99,-11.77,59.57,-40.24
9.0,-9.23,-1.11,-0.97,-23.72,22.74,-38.48
9.0,-9.76,-1.06,-1.16,-23.9,-5.85,-49.02
9.0,-9.75,-0.91,-1.11,-18.6,-36.04,-13.84
9.0,-10.0,-0.8,-1.04,5.3,-1.59,-11.89
9.0,-9.81,-0.77,-0.88,26.1,38.23,-36.59
9.0,-9.54,-0.77,-0.8,33.96,9.21,-39.94
9.0,-8.98,-0.86,-0.73,45.79,-67.38,-36.89
9.0,-9.86,-0.95,-0.89,52.38,-112.93,-50.61
9.0,-10.23,-1.22,-0.96,46.77,-60.43,-41.89
9.0,-10.22,-1.25,-0.99,14.39,-23.23,-11.59
9.0,-9.8,-1.07,-0.89,-9.39,-0.37,-2.44
9.0,-10.35,-1.08,-0.81,-7.56,40.61,-7.01
9.0,-10.08,-1.08,-0.87,-25.24,73.9,3.05
1.0,-9.71,-0.97,-0.68,-29.7,75.73,4.76
1.0,-10.04,-1.02,-0.82,-25.67,99.76,-26.65
9.0,-9.76,-1.09,-0.76,-18.11,124.09,-31.16
9.0,-9.68,-0.97,-0.84,-2.68,94.39,-24.88
9.0,-9.65,-1.02,-1.0,29.39,64.45,-10.06
9.0,-9.57,-1.05,-1.19,47.93,41.65,-24.21
9.0,-9.58,-1.14,-1.27,59.33,35.3,-21.77
9.0,-9.76,-1.41,-1.41,48.78,28.6,-27.26
1.0,-9.75,-1.58,-1.65,31.16,41.71,-6.4
9.0,-10.08,-1.42,-1.38,-6.1,43.78,-32.68
9.0,-9.85,-1.33,-1.32,-29.94,41.59,10.06
9.0,-9.88,-1.45,-1.6,-49.94,74.76,10.98
9.0,-9.62,-1.35,-1.44,-69.57,70.18,-1.22
9.0,-9.57,-1.15,-1.47,-66.34,48.41,-12.01
9.0,-9.68,-1.08,-1.6,-42.8,25.43,-7.2
1.0,-9.66,-1.15,-1.54,-19.39,13.29,-1.1
9.0,-9.92,-1.21,-1.61,-8.84,17.5,2.87
9.0,-9.78,-1.37,-1.67,-25.37,22.13,13.6
9.0,-9.79,-1.33,-1.68,-51.16,29.7,-1.77
9.0,-9.82,-1.27,-1.73,-71.95,35.37,-5.24
9.0,-9.85,-1.18,-1.74,-71.4,45.67,-8.66
9.0,-9.62,-1.12,-1.68,-62.01,48.84,-0.43
9.0,-9.8,-1.07,-1.59,-45.55,39.94,-2.99
9.0,-9.8,-0.95,-1.76,-17.32,50.49,23.78
9.0,-9.71,-0.81,-1.62,26.52,48.54,31.22
9.0,-9.63,-0.64,-1.56,91.34,39.39,38.05
9.0,-9.68,-0.74,-1.74,147.32,29.76,42.07
9.0,-9.75,-1.04,-1.9,172.62,28.72,30.73
1.0,-9.81,-1.29,-2.04,143.35,38.54,4.88
9.0,-9.77,-1.25,-2.05,104.21,53.17,-17.87
9.0,-9.64,-1.41,-2.02,61.34,42.01,-35.43
9.0,-9.73,-1.36,-2.17,20.18,40.91,-42.8
9.0,-9.64,-1.45,-1.98,-11.83,49.63,-40.91
9.0,-9.53,-1.39,-1.86,-44.02,40.24,-41.71
9.0,-9.79,-1.27,-1.92,-64.39,47.99,-57.93
9.0,-10.4,-1.51,-2.11,-77.01,98.41,-77.87
9.0,-9.8,-1.49,-2.15,-70.67,151.34,-57.32
9.0,-10.04,-1.43,-2.17,-57.2,188.48,-23.11
9.0,-9.76,-1.76,-2.72,-68.72,236.71,-21.1
9.0,-9.66,-2.49,-3.55,-162.93,294.57,-55.06
1.0,-9.07,-2.56,-3.69,-352.2,329.21,-77.32
9.0,-9.27,-1.71,-3.64,-434.7,303.66,-54.39
9.0,-8.97,-0.59,-3.42,-379.57,255.55,35.61
9.0,-8.83,0.32,-3.65,-216.1,134.76,44.15
0.0,-9.02,0.1,-3.96,-87.26,106.4,38.6
9.0,-8.66,-0.41,-4.18,-35.61,78.05,53.17
9.0,-8.58,-0.82,-4.15,-30.67,14.33,16.04
9.0,-9.1,-1.06,-4.42,-74.82,-23.35,-30.24
9.0,-9.99,-0.9,-4.55,-111.1,53.78,-24.76
9.0,-8.69,-0.31,-3.93,-84.88,91.46,35.12
9.0,-8.55,-0.3,-4.08,57.38,102.07,-18.9
9.0,-8.73,0.58,-3.2,281.4,66.95,0.61
9.0,-8.29,1.07,-2.47,676.04,-56.89,144.09
9.0,-9.46,-0.24,-2.77,1037.01,-184.57,299.51
9.0,-9.58,-1.91,-3.3,1104.33,-198.78,369.21
9.0,-9.13,-2.26,-3.12,1045.37,-161.4,309.27
9.0,-9.86,-2.61,-3.61,917.32,-150.06,196.04
9.0,-10.31,-2.47,-3.69,742.93,-72.07,205.73
9.0,-10.32,-2.25,-3.98,478.35,-2.13,243.84
1.0,-9.73,-1.22,-3.55,325.73,45.18,246.28
9.0,-9.87,-1.28,-3.79,233.84,137.93,92.68
9.0,-9.67,-1.37,-4.04,135.73,236.1,-3.29
9.0,-8.92,-1.94,-3.99,26.95,246.52,-68.17
9.0,-8.77,-2.92,-4.51,-191.4,204.33,-96.89
9.0,-8.93,-3.27,-4.67,-511.65,167.26,-206.16
9.0,-8.66,-3.24,-4.26,-822.68,152.74,-319.63
9.0,-9.01,-2.19,-3.68,-1023.6,116.95,-391.77
9.0,-9.33,-1.21,-3.6,-1033.05,92.62,-389.15
9.0,-9.26,-0.9,-3.85,-930.49,75.06,-309.45
9.0,-8.93,-0.7,-3.94,-805.61,47.99,-268.9
9.0,-9.09,-0.14,-4.08,-667.87,29.88,-176.89
9.0,-8.71,0.24,-4.13,-506.22,37.38,-81.04
1.0,-9.2,-2.22,-3.43,24.39,28.78,2.93
9.0,-9.17,-2.28,-3.49,15.06,31.46,-0.18
1.0,-9.04,-2.36,-3.58,-3.11,32.13,8.05
9.0,-9.2,-2.22,-3.43,24.39,28.78,2.93
9.0,-9.17,-2.28,-3.49,15.06,31.46,-0.18
9.0,-9.04,-2.36,-3.58,-3.11,32.13,8.05
9.0,-8.78,-2.13,-3.58,-17.44,12.5,-5.91
1.0,-9.15,-2.03,-3.55,-5.85,3.84,-11.34
1.0,-9.0,-2.1,-3.51,1.65,-14.21,-11.34
9.0,-9.15,-2.18,-3.52,8.48,-12.5,-12.8
9.0,-8.87,-2.15,-3.49,5.12,-21.46,-3.41
9.0,-9.13,-1.84,-3.24,42.44,-29.45,-19.45
9.0,-9.56,-2.13,-3.3,68.78,-19.09,23.17
9.0,-9.12,-2.26,-3.37,81.4,-1.95,37.26
9.0,-9.1,-2.32,-3.45,63.11,17.5,28.41
9.0,-9.05,-2.31,-3.32,31.95,18.48,24.63
9.0,-9.23,-2.26,-3.41,20.73,17.01,0.79
9.0,-9.01,-2.25,-3.33,11.22,29.51,-28.11
9.0,-8.89,-2.3,-3.38,-7.62,4.02,-14.7
9.0,-9.01,-2.22,-3.33,1.1,-19.76,-26.34
9.0,-9.1,-2.33,-3.45,-0.73,-35.49,-14.82
9.0,-9.31,-2.29,-3.31,-17.68,-18.84,-2.13
9.0,-9.26,-2.34,-3.42,-35.91,-14.51,8.11
9.0,-9.19,-2.1,-3.23,-32.32,1.22,-20.37
9.0,-9.17,-2.6,-3.51,-50.0,4.02,-22.62
9.0,-9.07,-2.49,-3.36,-78.35,-2.01,-32.93
9.0,-9.32,-2.05,-3.16,-74.21,16.95,-18.48
9.0,-9.09,-1.9,-3.26,-29.7,23.11,5.55
9.0,-9.21,-2.09,-3.45,-7.68,19.02,4.76
9.0,-8.87,-2.22,-3.36,2.56,-14.27,13.78
9.0,-9.4,-2.15,-3.41,11.04,-14.51,24.7
9.0,-9.46,-2.1,-3.37,29.63,1.65,13.6
9.0,-9.1,-2.18,-3.42,46.04,11.4,8.96
9.0,-9.12,-2.31,-3.44,42.13,3.72,-6.28
9.0,-9.32,-2.47,-3.53,23.54,2.26,-0.67
9.0,-9.08,-2.34,-3.39,12.5,-20.43,-1.4
9.0,-9.46,-2.44,-3.49,-0.24,-19.39,5.91
9.0,-9.14,-2.27,-3.31,-24.02,-15.12,-0.12
9.0,-9.31,-2.22,-3.25,-23.23,-18.72,4.27
9.0,-9.24,-2.21,-3.29,-6.95,-12.26,-10.0
9.0,-9.23,-2.1,-3.29,-0.98,-14.39,14.02
9.0,-9.24,-1.96,-3.23,24.63,-21.04,26.95
9.0,-8.84,-2.03,-3.34,33.48,-30.73,28.66
9.0,-9.16,-2.14,-3.16,37.38,-60.49,-5.61
9.0,-9.65,-2.43,-3.05,16.28,-33.84,-19.7
1.0,-9.7,-2.27,-2.9,4.15,-12.68,-2.93
9.0,-9.36,-2.17,-2.98,3.54,9.27,-0.06
9.0,-9.23,-2.22,-3.0,1.16,11.04,-5.98
9.0,-9.41,-2.21,-3.08,-3.23,8.23,-27.26
9.0,-9.29,-2.35,-3.1,-7.01,19.76,-9.57
9.0,-9.22,-2.32,-3.21,0.79,22.32,14.88
9.0,-9.44,-2.25,-3.11,4.76,27.38,41.28
9.0,-9.03,-1.96,-3.04,14.88,20.98,21.89
9.0,-9.24,-2.28,-3.22,0.91,15.43,-11.04
9.0,-9.24,-2.15,-3.11,0.67,16.89,-8.17
9.0,-9.21,-2.3,-3.29,5.85,7.87,1.22
9.0,-9.21,-2.27,-3.15,0.12,1.95,5.49
9.0,-9.29,-2.22,-3.25,-1.16,14.39,12.32
9.0,-9.23,-2.18,-3.2,1.28,17.74,10.85
9.0,-9.03,-2.13,-3.15,-0.55,12.38,7.2
9.0,-9.37,-2.12,-3.23,0.91,22.5,-4.15
0.0,-9.43,-2.25,-3.2,-6.34,38.66,2.13
9.0,-9.72,-2.09,-3.27,3.84,81.71,7.01
9.0,-8.71,-2.18,-3.41,-0.91,65.37,-7.13
9.0,-8.81,-2.22,-3.65,-5.79,25.37,-7.68
9.0,-8.94,-2.3,-3.44,-12.74,-13.11,10.61
9.0,-9.38,-2.05,-3.35,-1.65,-31.28,-1.1
9.0,-9.36,-2.15,-3.32,-5.3,-20.79,4.7
9.0,-9.22,-2.03,-3.27,9.15,-19.39,-7.68
9.0,-8.88,-2.06,-3.21,0.55,-40.43,-4.09
9.0,-9.29,-2.09,-3.33,6.65,-45.67,-13.05
9.0,-9.42,-2.11,-3.1,9.15,-43.35,-12.87
9.0,-9.36,-2.12,-3.04,14.33,-8.72,-6.89
9.0,-9.48,-2.31,-3.23,10.0,-14.63,-16.46
9.0,-9.52,-2.28,-3.09,8.41,-1.04,-4.39
9.0,-9.42,-2.3,-3.15,8.05,4.88,-10.49
9.0,-9.28,-2.13,-3.03,7.62,2.44,-5.12
9.0,-9.4,-2.17,-3.13,13.23,4.33,1.22
3.0,-9.13,-2.18,-3.13,12.56,17.93,0.18
9.0,-9.22,-2.2,-3.13,12.99,15.0,-8.78
6.0,-9.11,-2.32,-3.21,-1.77,10.18,3.35
6.0,-9.28,-2.45,-3.23,-4.33,11.95,-10.73
9.0,-9.14,-2.44,-3.3,-33.72,2.93,0.3
9.0,-9.18,-2.2,-3.2,-41.1,-7.87,-9.51
9.0,-9.22,-2.09,-3.04,-32.5,2.01,-14.94
9.0,-9.31,-2.1,-3.06,-22.2,-3.48,3.29
0.0,-9.28,-2.27,-3.1,-17.62,-4.09,18.9
9.0,-9.47,-2.24,-3.19,-22.2,-3.11,18.72
9.0,-9.36,-2.03,-3.16,-18.11,17.93,10.91
7.0,-9.23,-1.92,-3.13,0.0,14.63,9.33
9.0,-9.16,-1.92,-3.2,19.21,13.96,4.51
6.0,-9.27,-2.22,-3.33,21.95,7.5,12.01
9.0,-9.16,-2.11,-3.27,5.79,-7.44,11.71
9.0,-9.29,-2.06,-3.23,9.39,-7.5,16.59
9.0,-9.26,-2.16,-3.09,7.62,-6.95,15.98
9.0,-9.57,-2.27,-3.22,-2.38,15.3,19.94
8.0,-9.63,-2.32,-3.09,-22.87,33.78,26.04
9.0,-9.74,-2.05,-3.0,-34.27,93.41,-3.84
9.0,-9.21,-1.94,-3.12,-38.48,122.2,-15.67
3.0,-9.01,-2.22,-3.58,-43.96,93.41,2.07
4.0,-8.96,-1.99,-3.58,-34.51,47.07,20.61
9.0,-9.08,-2.06,-3.53,-44.51,4.76,15.3
9.0,-9.57,-2.22,-3.62,-49.45,41.04,-0.18
9.0,-9.23,-2.21,-3.62,-91.46,71.71,8.41
9.0,-8.87,-2.13,-3.7,-100.18,64.94,0.43
9.0,-8.96,-1.91,-3.66,-93.35,33.66,-7.68
9.0,-9.24,-1.72,-3.7,-66.89,22.87,22.07
9.0,-9.06,-1.6,-3.7,-31.1,7.07,40.06
1.0,-9.17,-1.77,-3.9,-22.2,-11.22,37.32
9.0,-9.25,-1.78,-3.87,-18.48,-1.71,4.82
9.0,-9.0,-1.7,-3.91,-25.67,-8.11,-9.27
3.0,-8.86,-1.86,-3.91,-32.38,-33.11,-3.84
9.0,-9.31,-1.54,-3.81,-20.37,-26.89,-9.76
9.0,-9.02,-1.48,-3.59,1.52,-40.49,-6.04
9.0,-9.27,-1.67,-3.74,40.24,-36.83,10.06
9.0,-8.86,-1.59,-3.66,59.88,-67.07,12.87
9.0,-8.95,-1.64,-3.68,78.84,-106.65,6.77
9.0,-8.94,-1.68,-3.55,84.45,-128.6,-14.94
9.0,-9.1,-1.99,-3.34,67.07,-131.4,-42.8
9.0,-9.68,-2.14,-3.23,39.02,-106.59,-34.27
9.0,-9.53,-1.97,-2.81,24.76,-50.43,-20.43
9.0,-9.54,-2.08,-2.89,25.06,-29.45,-9.63
9.0,-9.4,-2.08,-3.0,22.44,-22.93,-7.07
9.0,-9.37,-1.97,-2.95,5.3,-13.6,-5.67
9.0,-9.42,-2.04,-2.96,8.23,2.07,-1.89
9.0,-9.62,-2.16,-3.02,1.22,15.12,-6.04
9.0,-9.21,-1.85,-2.94,4.88,15.85,-9.63
9.0,-9.3,-1.95,-2.94,9.39,6.04,-21.16
9.0,-9.23,-2.07,-3.02,9.88,-0.12,-30.91
9.0,-9.41,-1.78,-2.58,26.34,10.0,-32.99
9.0,-10.06,-2.38,-2.99,47.99,42.32,-48.05
9.0,-9.36,-2.45,-3.06,25.49,52.32,-1.65
9.0,-8.93,-2.17,-2.89,9.27,43.96,18.78
9.0,-9.87,-2.15,-3.12,26.65,47.56,14.7
9.0,-9.22,-2.03,-3.08,29.39,60.73,16.89
9.0,-8.83,-2.12,-3.23,32.38,29.45,10.43
9.0,-8.79,-2.04,-3.12,13.54,-11.89,-0.18
1.0,-9.22,-2.23,-3.25,-9.02,-11.83,-9.51
9.0,-9.37,-1.99,-3.03,-8.96,-11.16,-8.29
9.0,-9.48,-2.16,-3.2,7.26,12.74,7.74
9.0,-9.21,-2.13,-3.16,1.22,10.79,8.29
9.0,-9.29,-2.14,-3.11,-7.44,18.78,-6.52
9.0,-9.29,-1.92,-3.12,-8.54,29.45,-10.91
9.0,-9.33,-1.93,-3.02,4.63,33.17,-15.43
9.0,-9.57,-2.18,-3.3,28.35,52.07,-5.85
9.0,-9.1,-2.37,-3.47,4.82,50.12,-0.06
9.0,-9.18,-2.36,-3.53,-28.29,42.74,-16.71
9.0,-9.04,-1.91,-3.25,-26.28,5.98,-16.04
9.0,-9.1,-2.08,-3.38,1.28,-4.27,-1.46
1.0,-9.19,-2.23,-3.39,-3.41,-9.21,-1.52
9.0,-9.39,-2.2,-3.33,-7.13,2.62,6.4
9.0,-9.07,-2.19,-3.39,-19.51,-2.62,-1.34
9.0,-9.21,-2.09,-3.31,-11.89,-1.46,-22.68
9.0,-9.21,-2.16,-3.35,-11.22,-8.11,-22.68
1.0,-9.39,-2.21,-3.3,-11.65,2.13,4.82
9.0,-9.4,-2.11,-3.27,-2.38,2.2,14.7
9.0,-9.09,-2.11,-3.37,-0.43,2.99,12.87
9.0,-9.1,-2.1,-3.38,-8.23,-8.9,-7.01
9.0,-8.83,-1.88,-3.29,-9.33,-35.3,-45.12
9.0,-9.4,-2.14,-3.22,-11.46,-44.21,-63.66
9.0,-9.58,-2.2,-3.11,13.6,-18.78,-41.71
9.0,-9.47,-2.49,-3.28,7.2,-0.85,8.29
9.0,-9.16,-2.41,-3.15,1.16,9.82,10.55
9.0,-8.99,-2.14,-3.13,-7.01,-4.33,0.43
9.0,-9.21,-2.13,-3.17,4.57,-5.91,-5.61
9.0,-9.13,-2.24,-3.16,5.18,-6.34,-8.11
9.0,-9.39,-2.34,-3.23,-2.38,-0.43,-0.98
9.0,-9.2,-2.22,-3.13,-1.71,2.38,7.99
9.0,-9.13,-2.1,-3.22,6.46,-6.34,7.01
9.0,-9.09,-2.11,-3.09,7.32,-12.2,-6.95
9.0,-9.4,-2.13,-3.12,15.49,-8.11,-14.45
9.0,-9.41,-2.49,-3.2,0.18,0.37,-14.7
9.0,-9.4,-2.48,-3.11,-21.52,24.63,-24.76
9.0,-9.22,-2.26,-3.18,-50.24,46.04,-40.61
9.0,-9.29,-2.13,-3.14,-19.39,50.37,-23.29
9.0,-9.35,-2.3,-3.21,2.44,12.56,30.37
9.0,-9.74,-2.27,-3.24,32.93,21.71,78.11
9.0,-9.25,-2.14,-3.28,46.89,65.91,99.27
9.0,-8.75,-2.02,-3.54,46.1,60.79,37.2
9.0,-8.67,-2.03,-3.66,29.76,15.79,0.06
9.0,-9.03,-2.09,-3.67,20.06,-34.39,5.06
9.0,-9.32,-2.07,-3.37,25.79,-52.32,24.27
9.0,-9.25,-2.19,-3.22,7.38,-51.95,25.91
1.0,-9.09,-2.19,-3.19,-7.44,-56.34,-36.22
9.0,-9.42,-2.18,-3.07,-30.98,-48.96,-84.09
9.0,-9.82,-2.25,-3.02,-31.16,-12.99,-62.56
9.0,-9.56,-2.1,-2.8,4.51,32.2,6.28
9.0,-9.06,-2.18,-3.13,25.79,11.52,25.67
9.0,-9.09,-2.12,-3.15,22.74,-5.0,11.83
9.0,-9.14,-2.06,-3.05,15.43,-11.59,8.72
9.0,-9.28,-2.13,-3.01,25.85,-12.38,-15.24
9.0,-9.42,-2.65,-3.06,-3.17,-3.05,-10.24
9.0,-9.53,-2.24,-2.99,-25.3,11.1,4.33
9.0,-9.52,-1.96,-2.95,-7.13,40.12,12.32
1.0,-9.11,-2.05,-3.09,7.07,51.16,-3.35
9.0,-8.83,-2.2,-3.29,6.46,30.73,-18.48
9.0,-8.97,-2.21,-3.2,6.59,6.89,-20.3
9.0,-9.13,-2.5,-3.33,1.28,-23.29,-4.21
9.0,-9.28,-2.33,-3.15,-14.15,-31.16,1.04
9.0,-9.51,-2.64,-3.16,-38.78,-16.83,-11.65
9.0,-9.64,-2.32,-3.0,-56.52,25.98,-12.74
9.0,-9.44,-2.16,-3.12,-41.52,57.93,11.77
9.0,-8.82,-1.89,-3.12,-9.94,43.78,15.06
9.0,-8.93,-2.08,-3.41,20.0,4.02,8.23
9.0,-8.99,-2.2,-3.31,20.06,-10.61,7.26
1.0,-9.23,-2.42,-3.3,7.13,-19.21,14.76
9.0,-9.14,-2.17,-3.14,8.96,-28.72,10.12
9.0,-9.24,-2.22,-3.18,15.55,-25.61,1.52
9.0,-9.31,-2.1,-2.96,22.93,-19.88,-5.67
1.0,-9.35,-2.42,-3.05,2.93,-23.66,-11.46
9.0,-9.51,-2.34,-3.06,-12.93,-2.87,-20.61
9.0,-9.41,-2.01,-3.05,1.22,24.82,27.99
9.0,-9.1,-2.09,-3.13,13.41,13.6,44.82
9.0,-9.19,-2.04,-3.15,15.06,16.83,22.2
9.0,-9.2,-2.1,-3.05,3.54,19.51,19.76
9.0,-9.25,-2.15,-3.2,5.06,23.11,24.94
9.0,-9.15,-2.18,-3.25,-10.3,2.13,-2.5
9.0,-9.21,-2.09,-3.26,-25.61,11.46,-14.02
9.0,-9.12,-2.15,-3.2,-27.93,-14.15,-37.2
9.0,-9.2,-2.34,-3.09,-49.21,-25.79,-41.46
9.0,-9.51,-2.1,-3.11,-50.79,-23.23,11.65
9.0,-9.3,-2.09,-3.02,-29.27,-8.48,37.8
9.0,-9.29,-2.11,-3.13,-25.85,9.88,29.57
9.0,-9.25,-2.04,-3.17,-25.67,5.79,17.93
9.0,-9.3,-2.01,-3.14,-28.9,7.32,14.88
9.0,-9.18,-1.85,-3.18,-13.6,6.71,2.13
9.0,-9.15,-1.91,-3.15,-10.37,5.24,-10.37
9.0,-9.34,-2.0,-3.11,1.34,5.18,-20.73
9.0,-9.21,-2.12,-3.25,-7.32,-9.15,3.78
9.0,-9.38,-2.02,-3.24,6.71,-3.29,13.84
9.0,-9.31,-2.0,-3.16,20.49,0.3,30.73
9.0,-9.25,-1.94,-3.17,25.85,7.62,35.06
9.0,-9.23,-1.98,-3.3,25.79,1.77,27.68
9.0,-9.3,-1.96,-3.17,19.82,-7.01,12.26
9.0,-9.3,-1.94,-3.09,8.84,-14.63,-5.98
9.0,-9.23,-2.02,-3.1,-3.66,-26.04,-16.46
9.0,-9.48,-1.9,-3.01,-10.12,-21.77,-25.55
9.0,-9.45,-1.84,-2.89,2.56,-1.77,-6.77
9.0,-9.34,-1.91,-2.87,23.35,-3.41,15.12
9.0,-9.31,-1.96,-2.98,22.38,0.12,19.57
9.0,-9.29,-2.04,-3.15,11.59,5.37,23.72
9.0,-9.53,-1.87,-3.06,10.91,9.63,44.09
9.0,-9.25,-1.93,-3.0,27.26,12.01,44.33
9.0,-9.17,-1.98,-2.96,18.05,1.77,22.62
9.0,-9.44,-1.99,-3.07,3.96,-2.38,-13.96
9.0,-9.31,-1.98,-3.15,-8.41,-4.21,-11.1
9.0,-9.42,-1.83,-2.96,1.71,-14.63,-13.66
9.0,-9.38,-1.97,-3.03,3.6,7.26,-0.67
9.0,-9.38,-2.04,-3.03,7.2,10.43,-6.52
9.0,-9.38,-1.99,-3.01,-1.89,5.3,11.77
9.0,-9.49,-1.88,-2.98,14.51,12.07,7.5
9.0,-9.33,-2.07,-3.14,11.65,7.26,18.29
9.0,-9.25,-1.78,-3.13,5.98,0.49,11.65
9.0,-9.31,-1.9,-3.08,7.32,-0.55,4.39
9.0,-9.43,-1.72,-3.11,12.38,8.29,-4.94
9.0,-9.21,-1.87,-3.07,9.02,10.18,-20.06
9.0,-9.27,-1.84,-2.99,7.93,0.85,-26.22
9.0,-9.36,-2.13,-2.96,-1.22,-10.61,-22.99
9.0,-9.44,-2.03,-2.93,-4.09,-4.82,-14.76
9.0,-9.34,-1.93,-2.88,-9.7,-0.98,4.88
9.0,-9.45,-1.89,-2.92,14.02,-1.83,23.41
9.0,-9.3,-2.09,-3.0,14.88,4.09,14.76
9.0,-9.21,-2.05,-3.04,-0.85,-2.38,14.27
9.0,-9.01,-1.81,-3.01,-9.02,-30.79,-1.34
9.0,-9.1,-1.88,-3.07,7.87,-45.49,-31.71
9.0,-9.62,-2.09,-2.87,-6.46,-64.7,-9.09
9.0,-9.91,-2.12,-2.76,4.57,-28.78,-5.12
9.0,-9.55,-1.96,-2.71,-4.88,2.99,5.85
9.0,-9.4,-1.86,-2.85,11.46,23.6,12.74
9.0,-9.23,-2.03,-2.96,8.17,14.88,6.83
9.0,-9.08,-2.07,-2.99,-0.43,-5.73,6.04
9.0,-9.12,-2.16,-3.16,-21.95,-37.99,-15.85
9.0,-9.27,-1.73,-2.86,-19.39,-48.66,-7.93
1.0,-9.54,-1.81,-2.82,7.8,-51.22,3.84
9.0,-9.73,-2.1,-2.7,16.46,-10.49,15.91
9.0,-9.61,-2.05,-2.65,19.82,10.85,18.05
9.0,-9.33,-2.11,-2.85,-6.46,15.24,0.55
9.0,-8.98,-1.8,-2.69,-1.65,1.16,-9.15
9.0,-9.19,-1.8,-2.66,5.61,-40.0,7.26
9.0,-9.68,-1.94,-2.78,34.76,-44.88,26.4
9.0,-9.55,-2.1,-2.66,5.18,-22.5,15.43
1.0,-9.76,-1.86,-2.62,-16.52,4.33,-26.04
9.0,-9.48,-1.83,-2.58,-14.21,19.88,-0.73
9.0,-9.4,-1.93,-2.63,8.41,2.38,4.45
9.0,-9.25,-1.87,-2.62,8.29,-12.2,12.38
9.0,-9.73,-1.76,-2.6,10.79,4.82,9.63
9.0,-9.48,-1.88,-2.67,18.48,19.63,34.45
9.0,-9.22,-1.84,-2.62,19.21,8.23,5.55
9.0,-9.63,-1.95,-2.8,1.89,7.32,-15.55
9.0,-9.38,-1.82,-2.61,-7.38,5.0,-8.9
9.0,-9.45,-1.77,-2.49,1.71,-3.23,-8.72
9.0,-9.46,-1.98,-2.76,-5.61,-5.18,-19.57
9.0,-9.59,-1.86,-2.61,-8.9,0.79,-13.72
9.0,-9.45,-1.9,-2.62,2.26,7.38,-4.27
9.0,-9.39,-1.89,-2.6,-1.4,10.06,0.98
9.0,-9.5,-1.89,-2.67,6.77,12.26,9.15
9.0,-9.53,-1.9,-2.72,3.48,6.34,-1.89
9.0,-9.45,-1.75,-2.52,1.28,10.0,-14.82
9.0,-9.6,-1.81,-2.57,8.54,20.73,-27.99
9.0,-9.54,-1.83,-2.72,12.26,41.52,-27.32
9.0,-9.24,-2.07,-2.91,2.01,45.98,-12.68
9.0,-9.26,-2.04,-2.85,-9.27,4.76,-7.38
9.0,-9.48,-1.88,-2.76,-4.09,0.98,6.04
9.0,-9.43,-2.03,-2.8,-1.28,9.76,2.74
9.0,-9.42,-2.01,-2.71,-10.91,21.22,-21.52
9.0,-9.87,-2.08,-2.8,-22.32,58.11,-48.72
9.0,-9.44,-1.78,-2.74,-0.79,91.89,-38.54
9.0,-9.28,-1.98,-3.02,22.74,73.6,-2.01
9.0,-9.06,-2.07,-3.21,25.61,39.7,0.24
9.0,-9.08,-2.18,-3.11,7.56,7.01,13.54
9.0,-9.28,-1.97,-2.95,9.15,-14.76,-12.74
9.0,-9.35,-2.07,-2.99,3.78,-12.74,-2.13
9.0,-9.52,-1.92,-2.9,11.46,-5.49,-20.85
9.0,-9.54,-2.26,-2.95,1.95,16.16,-19.57
9.0,-9.61,-2.36,-2.88,-26.59,38.11,-17.2
9.0,-9.42,-2.08,-2.78,-21.59,48.23,-8.17
9.0,-9.22,-1.93,-2.99,-8.48,17.68,18.48
9.0,-9.37,-1.85,-2.95,17.07,12.87,19.76
9.0,-9.42,-2.09,-3.12,17.99,21.65,3.72
1.0,-9.18,-2.07,-3.15,8.96,23.23,-7.5
9.0,-9.21,-2.19,-3.18,0.0,-2.01,2.44
9.0,-9.27,-2.1,-3.13,-3.96,-9.21,-3.6
9.0,-9.42,-2.08,-3.11,-16.65,-2.99,0.98
1.0,-9.13,-1.97,-3.0,-12.5,-13.66,3.48
9.0,-9.45,-2.03,-2.96,-12.07,-16.16,3.78
1.0,-9.46,-1.94,-2.86,-14.51,-3.23,-0.73
9.0,-9.53,-1.81,-2.93,5.18,24.82,6.16
9.0,-9.41,-1.9,-3.01,27.87,34.88,7.68
9.0,-9.2,-1.91,-3.05,38.54,29.39,12.68
9.0,-9.05,-1.24,-2.67,75.37,17.07,-13.05
9.0,-9.55,-1.92,-3.18,139.15,33.23,-29.94
9.0,-9.49,-2.51,-3.26,116.52,39.7,-16.83
9.0,-9.04,-2.61,-3.28,42.13,8.78,-23.84
9.0,-9.36,-2.34,-3.16,17.8,-3.54,-44.63
9.0,-9.29,-2.3,-3.04,12.38,-9.63,-3.54
9.0,-9.43,-2.47,-3.03,8.54,-3.48,-5.61
9.0,-9.36,-2.3,-2.96,-6.1,11.04,1.65
9.0,-9.27,-2.22,-2.95,-2.74,10.98,1.22
9.0,-9.33,-2.35,-3.18,-17.99,14.15,7.74
9.0,-9.18,-2.12,-3.06,-22.13,0.3,-4.7
9.0,-9.41,-2.11,-2.98,-15.3,-3.41,-0.18
9.0,-9.43,-2.26,-3.08,-32.2,12.56,5.18
9.0,-9.3,-2.09,-2.94,-29.02,24.76,-21.16
9.0,-9.29,-2.32,-3.07,-35.79,35.43,-18.17
9.0,-9.15,-2.2,-2.89,-22.01,30.3,6.16
9.0,-9.45,-2.38,-3.13,-26.46,23.05,11.34
9.0,-9.29,-2.38,-3.27,-40.37,47.01,29.82
9.0,-9.26,-2.12,-3.2,-48.96,50.55,39.88
9.0,-9.18,-1.88,-3.22,-38.29,45.43,41.83
9.0,-9.06,-1.93,-3.36,-28.23,39.7,-10.24
9.0,-9.18,-1.94,-3.34,-35.0,26.34,-11.71
9.0,-9.19,-2.05,-3.33,-20.91,24.57,5.18
9.0,-9.15,-2.24,-3.49,-20.49,22.01,14.7
9.0,-9.17,-1.93,-3.4,-27.26,17.13,5.37
9.0,-9.26,-2.05,-3.62,-35.61,28.78,6.28
9.0,-9.03,-2.02,-3.5,-48.66,18.66,-2.2
9.0,-9.15,-1.74,-3.4,-33.11,4.02,-20.85
9.0,-9.31,-1.85,-3.48,-9.02,-2.8,5.61
9.0,-9.26,-1.8,-3.4,8.48,-9.39,3.96
1.0,-9.25,-1.94,-3.46,6.52,0.18,-10.3
9.0,-9.17,-1.95,-3.38,8.35,8.35,14.76
9.0,-9.19,-1.85,-3.4,30.49,-1.28,13.35
9.0,-9.31,-2.01,-3.51,24.15,2.99,-2.2
9.0,-9.33,-2.18,-3.62,10.43,6.59,-3.6
1.0,-9.06,-2.06,-3.35,0.67,-12.01,-17.13
9.0,-9.44,-1.86,-3.18,13.6,-0.18,-4.15
9.0,-9.33,-1.97,-3.3,39.33,3.72,24.27
9.0,-9.36,-2.13,-3.5,31.22,7.07,22.44
9.0,-9.04,-2.01,-3.39,5.55,17.56,11.4
9.0,-9.21,-1.89,-3.35,7.44,8.54,8.35
9.0,-9.3,-1.92,-3.4,18.9,2.26,12.5
9.0,-9.29,-1.92,-3.42,21.4,17.68,3.41
9.0,-9.26,-2.17,-3.44,-0.61,6.16,1.52
9.0,-9.19,-1.83,-3.32,2.74,-6.89,-4.27
9.0,-9.34,-1.93,-3.32,17.38,-2.2,-6.22
9.0,-9.52,-1.99,-3.27,23.72,12.13,1.34
9.0,-9.22,-2.17,-3.42,9.21,23.72,-6.59
9.0,-9.26,-1.92,-3.47,11.04,20.73,-12.2
9.0,-9.24,-2.0,-3.38,24.7,22.5,16.34
9.0,-9.09,-2.04,-3.51,36.1,4.51,14.57
9.0,-9.09,-2.04,-3.51,25.73,-10.12,4.15
9.0,-9.18,-1.96,-3.48,16.16,-3.48,-2.32
9.0,-9.27,-2.06,-3.48,14.7,-1.46,-5.24
9.0,-9.36,-2.14,-3.55,2.2,7.44,-2.8
9.0,-9.0,-1.98,-3.42,-9.63,-2.62,3.48
9.0,-9.29,-1.92,-3.54,-6.65,-10.85,-8.84
1.0,-9.27,-1.95,-3.34,-10.85,0.3,-9.39
9.0,-9.21,-1.91,-3.3,1.83,1.77,-5.98
9.0,-9.18,-2.07,-3.41,5.43,-8.29,1.4
9.0,-9.33,-2.12,-3.41,4.82,-18.41,20.55
9.0,-9.41,-1.83,-3.27,5.18,-12.13,7.01
1.0,-9.19,-1.71,-3.24,23.29,-6.22,-4.88
9.0,-9.21,-1.92,-3.38,40.49,-1.34,-21.52
9.0,-9.1,-2.05,-3.34,25.61,10.12,-11.1
9.0,-9.27,-2.07,-3.4,32.68,0.06,-3.54
9.0,-9.52,-2.04,-3.31,28.72,-17.2,-5.79
9.0,-9.49,-2.24,-3.34,31.52,9.27,-2.93
9.0,-9.33,-2.17,-3.35,17.8,3.6,11.22
9.0,-9.25,-2.1,-3.29,6.89,7.38,22.44
9.0,-9.18,-2.07,-3.38,-2.93,-4.02,8.35
9.0,-9.34,-1.82,-3.12,0.85,7.68,-0.24
9.0,-9.37,-2.02,-3.33,15.79,16.52,-2.07
9.0,-9.34,-2.07,-3.24,12.8,9.33,-9.57
9.0,-9.37,-2.18,-3.33,7.87,17.8,-11.71
9.0,-9.28,-2.05,-3.21,6.65,17.56,-2.93
9.0,-9.1,-2.09,-3.35,-0.18,10.43,-0.98
9.0,-9.18,-1.96,-3.17,8.41,-5.18,-4.63
9.0,-9.38,-1.99,-3.27,8.29,-1.65,2.5
9.0,-9.3,-1.99,-3.2,9.94,3.17,-6.34
9.0,-9.35,-2.19,-3.25,1.46,13.48,-18.72
9.0,-9.28,-2.12,-3.25,4.27,19.02,-17.32
9.0,-9.13,-2.24,-3.33,0.12,4.7,-8.78
9.0,-9.48,-2.16,-3.29,2.99,10.37,-12.2
9.0,-9.13,-2.19,-3.34,1.22,14.02,0.91
9.0,-9.11,-2.06,-3.25,5.91,-1.52,5.79
9.0,-9.11,-2.09,-3.26,7.44,-6.46,6.16
9.0,-9.29,-2.11,-3.39,7.2,1.1,-2.13
9.0,-9.32,-2.18,-3.39,-2.07,8.35,-1.65
9.0,-9.29,-2.18,-3.31,-0.98,8.6,0.18
9.0,-9.08,-2.2,-3.37,-0.24,9.57,-5.67
9.0,-9.25,-2.18,-3.45,-6.4,7.01,-12.32
9.0,-8.98,-2.26,-3.44,-11.28,5.85,-3.29
9.0,-9.2,-2.16,-3.36,-13.48,-7.38,-7.62
9.0,-9.27,-2.06,-3.34,-0.61,-7.38,8.78
9.0,-9.3,-2.13,-3.13,7.99,-6.52,21.77
9.0,-9.39,-2.14,-3.29,10.79,-4.39,13.35
9.0,-9.3,-2.21,-3.28,9.21,-0.91,14.94
9.0,-9.33,-2.03,-3.22,14.82,-2.93,14.33
9.0,-9.2,-2.02,-3.3,14.82,-2.68,4.27
9.0,-9.2,-2.1,-3.29,8.23,-2.99,-3.11
9.0,-9.1,-2.16,-3.29,-2.93,-11.89,1.65
9.0,-9.21,-2.17,-3.18,-9.39,-22.68,-33.48
9.0,-9.57,-2.16,-3.23,-14.15,-8.6,-33.41
9.0,-9.39,-2.08,-3.09,-7.26,7.93,4.94
9.0,-9.08,-2.11,-3.15,-3.9,0.0,29.88
9.0,-9.24,-2.05,-3.24,-0.18,-6.22,15.37
9.0,-9.21,-2.05,-3.22,-6.83,-6.22,-2.13
0.0,-9.33,-2.21,-3.19,-11.04,-4.82,-21.22
9.0,-9.33,-2.14,-3.14,-17.56,2.99,-19.02
9.0,-9.3,-2.23,-3.26,-23.6,2.8,-6.52
9.0,-9.41,-2.05,-3.13,-18.72,11.16,13.05
9.0,-9.2,-1.87,-3.15,5.24,1.52,17.26
9.0,-9.29,-1.83,-3.16,27.01,-1.4,22.07
9.0,-9.36,-2.07,-3.28,47.74,14.39,7.74
1.0,-9.36,-2.29,-3.51,28.96,22.26,-6.52
9.0,-9.09,-2.15,-3.31,10.24,0.3,-0.06
9.0,-9.32,-2.0,-3.32,16.95,-8.11,10.79
9.0,-9.04,-2.0,-3.17,27.13,-6.65,19.09
9.0,-9.15,-2.15,-3.2,18.96,-9.21,-8.6
9.0,-9.35,-2.28,-3.21,-5.24,-1.22,-29.27
9.0,-9.28,-2.09,-3.13,-4.82,0.85,-22.68
9.0,-9.41,-2.1,-3.22,1.04,5.55,0.3
9.0,-9.29,-2.05,-3.24,-1.65,9.27,26.46
9.0,-9.06,-2.05,-3.3,0.0,-2.38,24.09
9.0,-9.27,-1.94,-3.26,-10.0,-13.96,16.34
9.0,-9.34,-1.93,-3.15,-6.65,-14.15,-2.38
1.0,-9.24,-1.9,-3.08,-5.3,-12.74,-14.45
9.0,-9.34,-1.89,-2.96,7.38,-10.18,-9.63
9.0,-9.54,-2.23,-3.15,11.71,-3.29,-10.06
9.0,-9.56,-2.16,-3.21,1.16,5.79,15.67
9.0,-9.12,-2.03,-3.12,9.27,21.04,23.96
9.0,-9.11,-2.03,-3.25,5.55,5.55,14.7
9.0,-9.21,-1.89,-3.11,1.65,-7.01,0.06
9.0,-9.43,-2.07,-3.15,4.88,-11.65,-9.57
9.0,-9.61,-2.17,-3.05,1.28,7.32,-2.74
9.0,-9.52,-1.59,-2.43,44.21,50.67,42.38
9.0,-9.45,-2.43,-3.19,73.66,83.54,40.85
9.0,-8.79,-2.44,-3.33,15.79,39.63,-8.66
9.0,-9.11,-2.09,-3.22,-16.83,8.72,-19.15
9.0,-9.23,-2.0,-3.2,-15.91,-4.76,12.74
9.0,-9.56,-1.88,-3.2,-9.57,3.78,14.88
9.0,-9.26,-2.08,-3.32,-11.71,11.22,6.22
9.0,-9.4,-1.85,-3.35,-18.6,9.09,-3.6
1.0,-9.16,-1.98,-3.27,-6.71,4.45,-7.68
9.0,-9.22,-2.0,-3.23,9.21,-20.67,-0.37
9.0,-9.4,-2.21,-3.41,1.65,-11.22,0.06
9.0,-9.19,-1.94,-3.38,-23.41,-19.33,-13.11
9.0,-9.4,-1.88,-3.13,-18.6,-5.12,-12.01
9.0,-9.35,-1.83,-3.08,-12.62,-4.63,-1.59
9.0,-9.21,-1.92,-3.18,-6.28,5.61,-10.0
9.0,-9.11,-1.94,-3.16,-26.89,3.23,-29.33
9.0,-9.07,-1.9,-3.17,-35.91,-12.62,-44.51
9.0,-9.25,-2.07,-3.09,-47.87,-19.15,-62.74
9.0,-9.2,-2.08,-3.08,-54.82,-20.55,-48.72
9.0,-9.34,-2.12,-3.14,-43.23,-29.33,-24.33
9.0,-9.59,-1.97,-2.91,-20.91,-18.29,-14.82
9.0,-9.32,-1.94,-2.88,19.33,-0.18,-11.71
9.0,-9.11,-2.22,-3.08,22.68,6.4,-23.48
9.0,-9.26,-2.48,-3.1,-8.23,0.0,-28.9
9.0,-9.44,-2.42,-3.1,-16.95,0.91,-25.55
9.0,-9.49,-2.42,-3.08,-25.85,12.74,-12.01
9.0,-9.24,-2.18,-3.11,-16.16,16.16,-24.88
9.0,-9.18,-2.22,-3.18,-11.1,13.35,-14.82
9.0,-9.08,-2.23,-3.02,8.29,8.72,-3.29
9.0,-9.26,-2.38,-3.25,3.78,1.52,-5.73
9.0,-9.2,-2.34,-3.08,1.1,2.01,-5.49
9.0,-9.29,-2.29,-3.23,2.32,3.66,-0.12
9.0,-9.41,-2.4,-3.17,-3.17,-6.65,11.16
9.0,-9.19,-2.21,-3.07,-9.33,1.4,5.18
9.0,-9.3,-2.23,-3.13,-10.61,12.68,-8.9
9.0,-9.19,-2.24,-3.16,-18.72,10.18,-10.73
9.0,-9.39,-2.36,-3.17,-18.17,8.11,-6.22
9.0,-9.44,-2.31,-3.0,-16.22,14.94,16.95
9.0,-9.51,-2.28,-3.11,-4.15,46.95,67.87
9.0,-8.87,-2.15,-3.16,-2.13,50.55,39.21
1.0,-9.08,-2.04,-3.3,-11.28,35.3,6.16
9.0,-9.26,-1.89,-3.16,14.88,20.0,18.05
9.0,-9.43,-2.28,-3.32,37.07,2.56,38.29
9.0,-9.14,-2.32,-3.29,19.57,3.96,18.11
9.0,-9.31,-2.22,-3.31,-7.07,8.29,2.01
9.0,-9.31,-2.08,-3.31,-7.93,9.45,2.44
9.0,-9.26,-2.13,-3.26,0.73,6.89,15.0
9.0,-9.4,-2.18,-3.37,6.52,17.2,24.94
9.0,-9.23,-2.15,-3.4,-4.82,24.09,24.88
9.0,-9.08,-2.07,-3.37,-9.27,16.28,13.11
9.0,-9.16,-1.93,-3.48,-20.43,-7.68,11.16
9.0,-9.37,-1.62,-3.2,-4.94,-15.61,12.26
9.0,-9.51,-1.99,-3.35,5.12,-10.79,7.32
9.0,-9.41,-2.02,-3.39,-11.1,-4.51,-0.91
9.0,-9.42,-1.96,-3.2,-16.77,10.37,0.98
9.0,-9.28,-1.83,-3.29,1.89,16.52,3.72
9.0,-9.27,-1.9,-3.3,8.11,12.07,2.68
9.0,-9.09,-2.02,-3.37,3.41,5.24,-9.39
9.0,-9.15,-2.06,-3.41,-10.18,4.09,-18.84
9.0,-9.28,-2.07,-3.27,-14.21,2.44,-11.95
9.0,-9.3,-1.97,-3.33,0.24,-4.94,-7.8
9.0,-8.97,-2.2,-3.42,-17.13,-17.87,-25.06
9.0,-9.22,-2.05,-3.26,-42.87,-34.63,-95.85
9.0,-9.42,-2.28,-3.28,-73.23,-7.44,-106.65
9.0,-9.61,-2.13,-3.2,-69.7,5.37,-66.1
9.0,-9.32,-2.06,-3.28,-36.04,15.18,3.11
9.0,-9.17,-2.03,-3.23,-0.67,4.88,26.4
9.0,-9.2,-1.89,-3.24,20.49,4.02,36.52
9.0,-8.96,-2.04,-3.36,21.95,1.89,8.05
9.0,-9.27,-2.21,-3.38,16.83,7.38,-5.12
9.0,-9.18,-2.11,-3.25,16.52,12.26,4.02
9.0,-9.14,-2.05,-3.35,24.51,6.46,3.29
9.0,-9.31,-2.03,-3.35,19.39,0.61,-5.91
9.0,-9.22,-1.97,-3.27,30.18,0.55,-11.28
1.0,-9.33,-2.25,-3.37,27.74,-2.13,-0.85
9.0,-9.25,-2.2,-3.2,29.94,15.67,21.46
9.0,-9.1,-2.21,-3.33,31.89,15.79,23.05
9.0,-9.13,-2.17,-3.28,19.39,5.18,-8.66
9.0,-9.22,-2.09,-3.41,5.55,-0.98,-31.1
9.0,-9.22,-2.07,-3.33,6.77,3.78,-18.54
9.0,-9.22,-2.21,-3.31,14.39,4.02,-14.57
9.0,-9.34,-2.34,-3.31,8.11,9.27,-13.17
9.0,-9.31,-2.32,-3.23,14.45,7.99,-12.38
1.0,-9.22,-2.34,-3.22,4.45,7.01,4.09
9.0,-9.16,-2.17,-3.21,14.39,7.2,-0.79
9.0,-9.25,-2.2,-3.13,22.56,4.63,12.87
9.0,-9.23,-2.15,-3.33,30.73,7.44,14.82
9.0,-9.19,-2.29,-3.22,25.3,10.91,18.84
9.0,-9.4,-2.22,-3.27,25.67,16.83,17.32
9.0,-8.95,-2.06,-3.27,24.02,20.06,18.05
9.0,-8.71,-2.13,-3.26,39.57,-11.22,-17.93
9.0,-8.79,-2.59,-3.68,-2.2,-64.45,-42.13
9.0,-9.21,-2.66,-3.33,-46.34,-91.77,-59.09
9.0,-9.51,-2.25,-2.88,-41.71,-86.59,-18.11
9.0,-9.69,-2.36,-3.02,-21.16,-43.41,-2.44
9.0,-9.39,-2.32,-2.86,-27.38,-4.63,-5.18
9.0,-9.29,-2.37,-3.0,-32.07,3.17,-12.56
9.0,-9.51,-2.3,-2.92,-29.27,7.26,0.12
9.0,-9.3,-2.21,-2.96,-12.5,12.07,11.95
9.0,-9.31,-2.28,-3.04,6.34,12.99,10.24
9.0,-9.27,-2.42,-3.09,-2.74,13.6,5.98
9.0,-9.45,-2.5,-3.05,-4.27,12.13,19.51
9.0,-9.19,-2.35,-2.99,1.4,10.0,37.74
9.0,-9.23,-2.31,-3.03,-4.82,4.15,36.83
9.0,-9.28,-2.08,-3.11,-10.73,5.67,30.98
9.0,-8.99,-2.08,-3.06,-12.32,-14.57,5.3
9.0,-9.06,-2.13,-3.11,-20.49,-37.68,-3.6
9.0,-9.27,-1.9,-3.08,-7.13,-50.0,-3.29
9.0,-9.4,-2.06,-2.96,16.04,-43.23,-1.83
9.0,-9.75,-2.06,-2.89,21.22,-17.2,21.1
1.0,-9.34,-2.0,-2.89,28.11,3.6,28.72
9.0,-9.34,-2.21,-3.01,16.95,3.54,23.17
9.0,-9.22,-2.17,-2.93,11.77,2.2,11.46
9.0,-9.27,-2.34,-3.09,-6.28,-7.62,7.56
9.0,-9.35,-1.97,-2.87,-26.95,2.2,15.37
9.0,-9.54,-2.01,-2.81,-3.48,11.52,28.41
9.0,-9.28,-1.86,-2.85,14.39,18.35,7.93
9.0,-9.27,-2.1,-3.07,12.26,19.33,-8.48
9.0,-9.39,-2.19,-3.07,2.26,9.51,-7.62
9.0,-9.45,-2.22,-2.97,-6.28,9.39,15.06
9.0,-9.59,-1.97,-2.87,-6.04,9.88,37.01
1.0,-9.41,-1.84,-2.92,16.28,15.06,20.3
9.0,-9.19,-1.96,-2.92,9.51,18.17,6.65
9.0,-9.35,-2.11,-3.07,-2.26,10.79,-4.94
9.0,-9.43,-2.2,-3.08,-16.83,13.41,6.52
9.0,-9.43,-2.08,-3.01,-28.48,13.72,-1.65
9.0,-9.35,-2.14,-3.1,-51.28,34.15,-13.29
9.0,-9.17,-1.94,-2.99,-45.61,25.24,-26.16
9.0,-9.24,-2.01,-3.11,-40.0,17.07,-12.07
9.0,-9.4,-1.99,-3.14,-36.59,26.52,-7.07
4.0,-9.28,-2.03,-3.11,-38.23,27.07,9.02
9.0,-9.18,-1.99,-3.18,-34.88,20.18,-5.73
1.0,-9.18,-1.84,-3.13,-32.44,10.37,3.66
9.0,-9.23,-1.64,-2.96,-3.78,12.99,13.66
9.0,-9.33,-1.93,-3.16,9.51,13.48,15.12
9.0,-9.38,-2.09,-3.27,0.79,3.96,11.04
9.0,-9.47,-1.9,-3.13,-12.13,4.82,16.77
2.0,-9.35,-1.73,-3.2,-3.17,14.76,7.32
9.0,-9.23,-1.76,-3.18,-5.18,28.6,-6.89
1.0,-9.12,-1.93,-3.28,-21.95,12.99,-34.39
9.0,-9.25,-2.09,-3.32,-37.01,3.23,-38.41
9.0,-9.52,-2.02,-3.13,-39.02,-9.39,-22.56
9.0,-9.41,-2.06,-3.28,-44.27,4.82,-19.57
9.0,-9.17,-2.05,-3.18,-67.87,14.76,-14.88
9.0,-9.24,-2.01,-3.26,-79.02,16.1,-26.4
9.0,-9.48,-2.02,-3.29,-89.09,19.45,-15.3
9.0,-9.57,-1.91,-3.2,-75.43,33.9,1.65
9.0,-9.29,-1.83,-3.23,-58.9,47.2,19.21
9.0,-9.21,-1.74,-3.4,-36.83,52.68,20.79
9.0,-9.1,-1.61,-3.38,-29.21,40.37,-4.21
9.0,-9.26,-1.75,-3.52,-14.15,39.09,-30.61
1.0,-8.94,-1.88,-3.51,-11.95,33.29,-34.39
9.0,-9.25,-1.8,-3.41,4.57,17.5,6.22
9.0,-9.35,-1.85,-3.49,15.3,22.74,16.89
9.0,-9.16,-1.88,-3.52,30.3,24.88,13.41
9.0,-9.44,-2.08,-3.63,32.62,24.39,3.35
9.0,-9.11,-1.98,-3.6,10.98,24.63,-8.41
9.0,-9.12,-2.01,-3.68,1.16,24.82,-14.39
9.0,-9.18,-1.95,-3.75,-7.07,3.54,-27.13
1.0,-9.24,-1.84,-3.72,-13.17,3.72,-17.93
9.0,-9.19,-1.93,-3.59,2.07,6.34,-12.68
9.0,-9.09,-1.99,-3.69,-2.01,-2.32,-13.54
9.0,-8.85,-1.89,-3.56,-13.72,-12.74,-21.83
9.0,-8.96,-2.0,-3.58,-17.8,-28.29,-29.39
9.0,-9.26,-1.98,-3.54,-10.73,-25.43,-27.01
9.0,-9.29,-1.93,-3.44,7.2,-20.0,-15.73
9.0,-9.46,-2.04,-3.47,16.71,-7.38,-9.88
9.0,-9.16,-2.15,-3.59,17.38,-3.72,-10.06
9.0,-9.21,-2.32,-3.62,-4.21,-9.94,-26.65
9.0,-9.17,-2.12,-3.39,-19.15,-5.43,-22.01
9.0,-9.28,-1.97,-3.33,10.0,13.48,-2.87
9.0,-9.29,-2.17,-3.52,13.48,11.04,10.06
9.0,-9.1,-2.11,-3.51,7.38,9.76,8.72
9.0,-8.96,-2.05,-3.54,6.1,-0.67,-4.94
9.0,-9.09,-2.09,-3.52,3.66,-9.21,-2.32
9.0,-9.29,-2.19,-3.5,5.24,-2.62,-8.11
9.0,-9.31,-2.17,-3.48,5.73,3.84,4.7
9.0,-9.13,-2.04,-3.45,5.67,10.0,25.12
9.0,-9.2,-1.93,-3.39,22.38,1.71,19.88
9.0,-9.21,-2.1,-3.46,19.82,3.11,21.89
9.0,-9.22,-2.24,-3.65,5.37,2.74,4.76
9.0,-9.13,-2.15,-3.61,-25.18,-1.65,-17.38
9.0,-9.32,-1.89,-3.51,-17.13,7.13,-4.57
9.0,-9.27,-2.02,-3.43,6.89,-2.01,11.46
9.0,-9.31,-2.06,-3.51,17.26,-5.06,16.46
9.0,-9.24,-2.2,-3.41,-0.85,5.3,7.74
9.0,-9.25,-2.08,-3.48,-15.06,8.17,-8.84
9.0,-9.19,-1.94,-3.36,-7.99,2.07,-2.56
9.0,-9.08,-2.04,-3.56,-1.83,-3.78,8.72
9.0,-9.07,-1.84,-3.39,0.98,-9.33,-0.79
9.0,-9.34,-1.94,-3.4,14.27,-1.83,9.82
9.0,-9.12,-2.17,-3.42,14.02,0.12,8.6
9.0,-9.44,-2.34,-3.55,-20.73,8.78,-4.39
9.0,-9.27,-1.91,-3.34,-36.1,12.5,-3.78
9.0,-9.16,-1.67,-3.32,-8.05,-4.21,5.18
1.0,-9.3,-1.72,-3.41,15.61,-9.94,10.0
9.0,-9.34,-1.9,-3.32,34.21,0.37,26.22
9.0,-9.37,-1.79,-3.13,53.96,19.63,15.79
9.0,-9.8,-1.96,-3.49,78.66,60.73,5.49
9.0,-9.02,-2.07,-3.54,56.4,79.94,23.41
9.0,-8.91,-2.19,-3.79,26.28,55.24,4.39
9.0,-8.85,-1.92,-3.59,18.23,10.85,-8.78
9.0,-9.15,-1.76,-3.49,44.09,-6.52,-6.95
9.0,-9.14,-2.41,-3.71,31.1,-12.38,2.26
9.0,-9.06,-2.21,-3.59,-7.56,-5.43,-0.67
1.0,-9.21,-2.31,-3.68,-27.13,-14.15,-1.46
9.0,-9.35,-1.98,-3.54,-32.93,-9.7,-10.49
9.0,-9.31,-1.81,-3.43,-20.98,1.16,-4.94
9.0,-9.21,-1.99,-3.48,-12.56,7.26,-6.4
9.0,-9.21,-1.96,-3.53,-15.37,0.43,-6.28
9.0,-9.08,-1.86,-3.43,-13.96,-3.78,-0.85
9.0,-9.21,-1.94,-3.5,-9.94,-4.51,-11.34
9.0,-9.07,-1.94,-3.48,-19.7,4.94,-14.51
9.0,-9.2,-2.15,-3.5,-13.6,2.74,-10.79
9.0,-9.27,-1.99,-3.49,-14.51,0.98,-0.98
9.0,-9.02,-2.02,-3.38,-20.12,-4.88,-11.65
9.0,-9.31,-1.83,-3.42,-11.04,4.57,-27.5
9.0,-9.34,-2.0,-3.44,3.48,5.37,-8.84
9.0,-9.32,-1.93,-3.4,15.18,9.76,3.35
9.0,-9.12,-2.05,-3.48,17.13,18.05,5.73
9.0,-9.05,-2.17,-3.6,1.77,7.38,-10.98
9.0,-8.94,-2.19,-3.61,-25.98,-6.89,-37.5
9.0,-9.04,-2.13,-3.62,-54.33,-19.27,-71.59
9.0,-9.49,-2.06,-3.49,-54.09,-10.12,-57.44
9.0,-9.46,-2.17,-3.42,-34.76,11.28,-3.48
9.0,-9.13,-2.06,-3.49,-15.91,12.44,20.61
9.0,-9.06,-2.1,-3.59,-9.02,7.93,15.55
9.0,-9.0,-2.02,-3.61,-3.17,6.4,-0.12
9.0,-9.06,-2.12,-3.54,-4.21,4.94,-3.23
9.0,-9.05,-2.16,-3.65,-3.41,-15.24,-7.62
9.0,-9.39,-2.13,-3.57,-7.8,-17.2,-7.26
9.0,-9.22,-2.04,-3.44,2.93,-4.45,-8.48
9.0,-9.13,-2.33,-3.67,-6.04,-12.07,-13.29
9.0,-9.1,-2.33,-3.54,-32.5,-20.43,-19.51
9.0,-9.27,-2.09,-3.38,-28.41,-22.68,5.3
9.0,-9.33,-2.08,-3.41,-19.27,-9.02,20.67
9.0,-9.12,-1.95,-3.43,-15.3,4.94,2.01
9.0,-9.14,-2.03,-3.51,-10.43,1.1,-5.3
9.0,-9.24,-2.12,-3.51,-10.18,-3.9,-0.61
9.0,-9.1,-2.07,-3.39,-8.78,-0.61,-12.38
9.0,-9.24,-2.01,-3.45,-1.71,-9.33,-5.91
9.0,-9.23,-2.02,-3.47,7.26,-10.85,-0.37
9.0,-9.23,-2.12,-3.47,6.71,-3.84,-12.44
9.0,-9.19,-2.21,-3.59,-5.98,5.3,-26.22
9.0,-9.12,-2.12,-3.44,-2.62,-2.13,-11.59
9.0,-9.32,-2.08,-3.3,13.11,-3.05,-8.41
9.0,-9.28,-2.16,-3.47,17.5,4.63,8.78
9.0,-9.21,-2.16,-3.38,17.01,2.74,1.1
9.0,-9.28,-2.27,-3.4,9.82,7.8,4.94
9.0,-9.09,-2.18,-3.37,7.87,9.15,5.73
9.0,-9.17,-2.19,-3.47,3.78,-3.11,-1.65
9.0,-9.25,-2.2,-3.5,-3.54,-3.78,0.43
9.0,-9.2,-2.06,-3.39,-2.62,-7.07,-1.77
9.0,-9.24,-2.0,-3.32,8.54,1.1,-13.66
9.0,-9.32,-2.21,-3.37,12.62,7.99,-9.82
9.0,-9.3,-2.19,-3.34,12.38,9.51,7.32
9.0,-9.12,-2.27,-3.41,7.93,4.88,6.59
9.0,-9.25,-2.1,-3.37,6.52,3.11,1.89
9.0,-9.28,-2.05,-3.35,10.67,9.39,11.59
1.0,-9.1,-2.09,-3.31,23.84,8.96,11.4
9.0,-9.24,-2.2,-3.36,32.07,0.49,23.6
8.0,-9.23,-2.2,-3.34,41.77,7.13,28.11
9.0,-9.36,-1.99,-3.25,49.88,13.54,31.1
8.0,-9.06,-2.06,-3.36,65.49,17.93,45.06
8.0,-9.01,-2.31,-3.46,44.45,-3.6,19.27
9.0,-9.34,-2.29,-3.47,7.68,-1.34,-2.07
8.0,-9.37,-2.09,-3.47,-9.76,4.94,2.32
8.0,-9.34,-2.11,-3.36,-13.6,11.1,-1.04
8.0,-9.14,-2.08,-3.4,-15.49,4.82,0.43
8.0,-9.17,-1.97,-3.39,-13.96,-1.65,-16.04
8.0,-9.34,-2.17,-3.48,-17.26,12.5,-10.24
8.0,-9.14,-1.96,-3.35,-7.93,6.46,15.37
8.0,-9.25,-2.03,-3.4,1.16,0.91,16.52
8.0,-9.61,-2.16,-3.34,10.06,7.38,50.37
8.0,-9.3,-1.96,-3.31,17.01,36.77,78.84
8.0,-9.01,-2.02,-3.4,18.05,26.34,54.82
9.0,-8.93,-1.86,-3.55,6.65,0.0,20.85
9.0,-9.23,-1.8,-3.46,7.87,-6.22,-4.94
9.0,-9.28,-2.07,-3.45,3.05,-15.55,-10.98
9.0,-9.37,-1.98,-3.36,0.73,-8.48,10.91
9.0,-9.23,-1.98,-3.43,-1.28,2.2,19.09
9.0,-9.1,-1.79,-3.27,-9.39,-13.11,10.43
9.0,-9.37,-1.8,-3.33,1.59,0.73,8.54
9.0,-9.39,-1.78,-3.26,5.91,4.45,-4.02
9.0,-9.49,-1.69,-3.2,25.0,33.29,0.85
8.0,-9.39,-1.9,-3.48,36.59,43.54,1.28
8.0,-9.0,-2.16,-3.59,11.83,21.95,-5.43
8.0,-9.0,-1.75,-3.42,-13.11,-11.83,-14.88
8.0,-9.31,-1.92,-3.27,-13.72,-10.43,-0.24
8.0,-9.32,-1.87,-3.32,-4.88,2.74,-19.39
8.0,-9.3,-2.06,-3.49,-11.65,11.46,-7.26
8.0,-8.99,-1.8,-3.35,-18.29,-6.71,-13.41
8.0,-9.42,-1.94,-3.42,-23.05,-7.8,-20.49
8.0,-9.37,-1.85,-3.29,-13.66,3.78,-18.54
8.0,-9.33,-1.84,-3.44,-7.68,12.13,-11.59
8.0,-9.49,-2.0,-3.36,-5.0,22.68,-14.82
8.0,-9.45,-2.15,-3.45,-6.71,41.52,-8.35
8.0,-9.15,-1.91,-3.3,-4.45,51.71,2.93
8.0,-9.1,-1.99,-3.54,2.87,42.62,1.28
8.0,-8.99,-1.9,-3.67,-2.32,24.15,-0.37
8.0,-9.12,-2.01,-3.65,-2.5,12.93,3.66
8.0,-9.1,-2.02,-3.69,-18.29,1.1,-2.26
8.0,-8.94,-1.98,-3.62,-25.37,-12.2,-9.94
8.0,-8.75,-1.99,-3.61,-33.17,-40.49,-30.61
8.0,-9.31,-1.99,-3.7,-49.63,-51.95,-61.34
8.0,-9.54,-1.79,-3.34,-35.37,-26.16,-21.71
8.0,-9.51,-1.86,-3.24,12.93,-11.95,32.32
8.0,-9.29,-1.9,-3.4,23.66,3.05,47.26
8.0,-9.25,-1.83,-3.5,24.63,15.91,13.48
8.0,-9.0,-1.87,-3.45,16.95,25.85,-15.61
8.0,-9.14,-2.07,-3.56,7.87,8.41,-46.83
8.0,-9.26,-2.23,-3.49,-21.34,13.11,-36.77
8.0,-9.27,-1.96,-3.46,-14.63,9.88,-33.78
8.0,-9.07,-2.18,-3.48,-17.68,-6.46,-17.2
8.0,-9.28,-2.01,-3.47,-10.91,-8.11,-15.49
9.0,-9.06,-2.08,-3.27,-13.35,-7.38,-14.94
8.0,-9.2,-2.16,-3.37,-5.18,-3.84,-35.49
9.0,-9.38,-2.09,-3.34,-5.98,3.23,-9.94
8.0,-9.43,-2.29,-3.46,9.33,16.95,5.98
8.0,-9.01,-2.26,-3.56,-5.49,15.24,9.33
8.0,-9.21,-2.11,-3.5,-19.27,6.28,-4.94
8.0,-9.13,-1.99,-3.48,-19.82,8.78,3.84
8.0,-9.0,-2.06,-3.55,-26.28,2.32,-10.49
8.0,-9.34,-2.21,-3.59,-34.63,3.05,-22.32
8.0,-9.24,-2.03,-3.41,-23.84,2.13,4.82
8.0,-9.1,-1.97,-3.47,-11.28,10.85,2.38
8.0,-9.17,-2.02,-3.57,-18.84,6.46,-2.56
8.0,-9.15,-1.98,-3.53,-6.77,5.0,7.87
8.0,-9.12,-2.07,-3.53,-2.32,-4.21,2.93
8.0,-9.12,-1.93,-3.31,2.87,-11.59,-2.32
8.0,-9.26,-2.07,-3.52,6.89,-10.37,-12.2
9.0,-9.34,-2.17,-3.43,4.88,-6.34,1.59
9.0,-9.25,-2.11,-3.38,1.46,-7.44,0.06
9.0,-9.32,-2.12,-3.53,-5.12,-1.83,1.16
9.0,-9.28,-2.07,-3.45,-14.63,3.54,4.7
9.0,-9.18,-1.97,-3.47,-8.29,6.46,0.55
9.0,-9.04,-2.06,-3.48,-8.96,-3.78,-10.06
9.0,-9.22,-2.07,-3.46,-14.09,-2.07,-18.48
9.0,-9.28,-2.11,-3.4,-23.6,0.98,-35.0
9.0,-9.43,-2.04,-3.45,-17.01,10.49,-3.48
9.0,-9.02,-2.0,-3.47,-3.54,3.6,13.41
9.0,-9.16,-2.02,-3.39,-4.02,-7.62,-2.99
9.0,-9.2,-1.93,-3.51,-7.01,-0.55,-21.34
9.0,-9.18,-2.11,-3.44,-0.12,2.2,-11.71
9.0,-9.25,-2.09,-3.45,2.56,5.98,-3.05
9.0,-9.21,-2.15,-3.5,-2.38,14.57,2.38
9.0,-9.17,-2.08,-3.52,-0.12,7.01,2.32
9.0,-9.19,-2.12,-3.61,1.71,8.84,9.15
9.0,-9.1,-2.03,-3.37,7.13,2.56,1.46
9.0,-9.35,-2.12,-3.58,6.77,5.55,-6.46
9.0,-9.09,-1.98,-3.42,6.1,9.63,-0.37
9.0,-9.19,-2.14,-3.49,4.94,5.55,-11.1
9.0,-9.27,-2.18,-3.57,-4.45,9.63,-10.3
9.0,-9.13,-2.05,-3.5,-1.89,1.77,-4.76
9.0,-9.27,-2.16,-3.59,-3.48,1.71,-4.82
9.0,-9.09,-2.15,-3.43,-16.04,5.67,-7.87
9.0,-9.21,-2.09,-3.44,-15.12,6.34,-14.51
9.0,-9.2,-2.07,-3.4,-15.12,8.11,-14.7
9.0,-9.26,-1.89,-3.49,-8.66,21.04,-17.38
9.0,-9.39,-1.96,-3.46,14.02,45.06,-6.34
9.0,-9.18,-2.1,-3.57,37.26,46.4,7.07
9.0,-8.9,-2.33,-3.69,20.91,18.6,8.54
9.0,-8.93,-2.23,-3.75,-2.26,1.1,-3.17
9.0,-9.1,-2.07,-3.47,2.2,-7.32,-10.37
9.0,-9.13,-2.06,-3.51,7.8,-1.34,-7.87
9.0,-9.19,-2.28,-3.63,4.33,5.0,-11.34
9.0,-9.18,-2.19,-3.61,4.09,0.91,-9.57
9.0,-9.2,-2.18,-3.44,8.84,-2.13,0.49
9.0,-9.21,-2.14,-3.56,18.54,-1.46,-1.04
9.0,-9.27,-2.27,-3.57,16.22,3.96,-5.3
9.0,-9.17,-2.27,-3.52,7.87,14.09,5.24
9.0,-9.08,-2.15,-3.55,14.02,5.79,-3.54
9.0,-9.17,-2.13,-3.68,17.5,8.6,-9.39
9.0,-9.05,-2.3,-3.54,16.22,8.29,-1.46
9.0,-9.08,-2.35,-3.59,9.88,-2.38,-5.61
9.0,-9.2,-2.25,-3.48,2.87,-1.77,-8.84
9.0,-9.22,-2.34,-3.53,-1.1,0.61,-6.65
9.0,-9.12,-2.19,-3.52,-6.34,0.55,-2.5
9.0,-9.14,-2.2,-3.39,-9.88,3.23,4.63
9.0,-9.15,-2.2,-3.56,-2.38,2.07,-5.79
9.0,-9.13,-2.14,-3.5,-0.73,8.84,-11.04
9.0,-9.16,-2.25,-3.59,-3.84,12.68,-9.88
9.0,-9.0,-2.03,-3.5,0.91,2.68,-2.8
9.0,-9.23,-2.15,-3.5,18.84,5.18,2.5
9.0,-9.17,-2.15,-3.54,20.91,8.6,0.06
9.0,-9.1,-2.42,-3.66,4.7,18.72,-13.23
9.0,-8.97,-2.23,-3.56,-1.46,6.16,-9.33
9.0,-8.99,-2.27,-3.57,5.91,-10.49,1.22
1.0,-9.29,-2.26,-3.64,5.18,-15.79,6.71
9.0,-9.15,-2.22,-3.56,0.49,-3.66,7.07
9.0,-9.27,-2.28,-3.57,1.4,0.67,8.41
9.0,-9.36,-2.52,-3.55,-19.09,9.09,26.16
9.0,-9.19,-2.26,-3.46,-31.16,28.96,36.46
9.0,-9.05,-1.92,-3.45,-8.41,25.98,1.89
9.0,-9.13,-2.06,-3.57,5.0,16.52,-12.87
9.0,-9.2,-2.2,-3.51,11.89,13.05,9.57
9.0,-9.04,-2.35,-3.68,11.46,1.83,27.44
9.0,-8.98,-2.13,-3.62,-6.71,-6.34,6.77
9.0,-9.06,-2.13,-3.55,-18.29,-14.51,-28.96
9.0,-9.28,-2.03,-3.47,-5.98,-6.83,-9.57
9.0,-9.27,-2.14,-3.42,20.12,2.68,18.9
9.0,-9.27,-2.36,-3.48,14.63,4.33,24.57
9.0,-9.18,-2.27,-3.63,-9.63,5.67,12.5
9.0,-9.16,-2.1,-3.49,-25.18,18.41,-3.17
9.0,-9.09,-1.96,-3.48,-10.3,23.05,-12.74
9.0,-9.28,-2.01,-3.62,14.57,12.56,12.38
9.0,-9.05,-2.05,-3.67,30.06,10.43,25.18
9.0,-8.98,-2.2,-3.59,13.41,-3.05,6.16
9.0,-9.1,-2.15,-3.62,5.18,0.06,-14.33
9.0,-9.21,-2.11,-3.49,5.43,-0.98,-4.94
9.0,-9.26,-2.17,-3.58,15.85,3.84,4.33
9.0,-9.09,-2.36,-3.64,0.43,-3.11,9.76
9.0,-9.15,-2.23,-3.51,-21.77,-4.27,10.43
9.0,-9.36,-1.97,-3.34,-19.09,-0.55,-2.74
9.0,-9.59,-2.02,-3.52,-0.43,35.91,-5.49
9.0,-9.29,-2.21,-3.55,3.41,56.83,21.34
9.0,-9.07,-2.12,-3.69,1.71,43.96,22.8
9.0,-9.05,-2.03,-3.67,-6.89,44.51,3.29
9.0,-9.02,-1.94,-3.72,5.37,57.38,-9.57
9.0,-8.77,-1.96,-3.86,11.71,36.65,-8.23
9.0,-9.08,-2.12,-3.93,8.41,10.85,1.77
9.0,-9.09,-2.1,-3.85,13.48,-5.43,22.01
9.0,-9.01,-2.01,-3.7,19.45,-16.1,35.73
9.0,-9.11,-2.23,-3.79,-0.67,-17.93,16.1
9.0,-9.07,-2.06,-3.78,-26.77,-6.77,-13.78
9.0,-9.14,-1.97,-3.75,-33.9,-0.49,-40.73
9.0,-9.34,-1.93,-3.81,-14.09,-0.49,-21.46
9.0,-8.99,-1.97,-3.7,15.49,-19.39,14.39
9.0,-9.01,-2.11,-3.73,9.82,-22.68,9.7
9.0,-9.14,-2.11,-3.67,-6.46,-13.35,-2.38
9.0,-9.15,-2.03,-3.58,-12.01,-15.18,-17.68
9.0,-9.19,-2.02,-3.61,-5.61,-8.11,-15.06
9.0,-9.24,-1.98,-3.53,7.07,-7.32,14.33
9.0,-9.27,-2.09,-3.62,18.96,-6.83,20.12
9.0,-9.09,-2.24,-3.69,1.52,-10.12,-1.52
9.0,-9.02,-2.14,-3.54,-29.21,-6.83,-34.63
9.0,-9.28,-1.98,-3.52,-22.93,-2.8,-40.85
9.0,-9.23,-2.15,-3.45,-9.88,-8.84,-29.88
9.0,-9.27,-2.35,-3.62,-15.67,-11.16,-4.39
9.0,-9.13,-2.08,-3.47,-16.83,-11.34,21.22
9.0,-9.28,-1.9,-3.48,0.85,-11.04,10.55
9.0,-9.25,-2.06,-3.48,-0.37,5.43,-1.46
9.0,-9.15,-2.12,-3.58,-8.72,11.89,-8.05
9.0,-9.16,-2.12,-3.63,-11.59,5.43,-13.23
9.0,-9.07,-2.01,-3.55,-3.48,-4.33,-10.91
9.0,-9.29,-2.02,-3.61,4.7,1.59,10.06
9.0,-9.13,-2.15,-3.54,9.94,2.13,13.96
9.0,-9.11,-2.14,-3.62,2.01,-2.93,1.34
9.0,-9.31,-2.09,-3.54,-7.13,3.23,-1.77
9.0,-9.28,-1.96,-3.41,-2.38,10.37,4.21
9.0,-9.17,-2.09,-3.54,-1.28,12.07,4.57
9.0,-9.12,-2.09,-3.59,-5.91,7.32,-1.77
9.0,-9.21,-1.8,-3.38,2.99,3.35,5.55
1.0,-9.22,-1.81,-3.45,30.49,15.55,19.39
9.0,-9.1,-2.23,-3.71,25.0,21.4,7.26
9.0,-9.09,-2.31,-3.74,-13.11,12.87,5.0
9.0,-8.92,-1.86,-3.51,-13.48,-13.54,-5.61
9.0,-9.27,-1.88,-3.48,7.2,-12.8,-17.56
9.0,-9.28,-2.02,-3.49,6.89,1.71,-18.05
9.0,-9.16,-2.34,-3.69,-1.1,9.45,-18.78
9.0,-9.22,-2.26,-3.53,-12.99,1.28,3.54
9.0,-9.17,-2.06,-3.52,-6.77,5.18,7.07
9.0,-9.1,-1.97,-3.47,0.3,14.02,10.18
9.0,-9.0,-2.05,-3.71,2.56,5.43,2.26
9.0,-9.23,-2.04,-3.63,-6.71,0.61,-5.49
9.0,-9.24,-1.96,-3.54,5.3,3.66,-6.77
9.0,-9.16,-2.05,-3.59,7.07,8.84,2.26
9.0,-9.12,-2.19,-3.73,-1.4,6.46,-21.28
9.0,-8.91,-2.09,-3.63,-15.0,-3.05,-26.65
9.0,-9.12,-2.22,-3.53,-17.68,-22.2,-18.72
9.0,-9.42,-2.17,-3.49,-11.77,-6.52,-15.85
9.0,-9.27,-2.15,-3.44,4.88,17.32,-1.77
9.0,-9.23,-2.22,-3.55,0.98,23.29,-6.46
9.0,-9.17,-2.17,-3.47,1.59,32.26,-18.41
9.0,-9.09,-2.28,-3.55,3.96,27.38,-10.55
9.0,-9.21,-2.27,-3.71,-4.33,18.17,7.2
8.0,-8.94,-2.23,-3.81,-6.28,11.16,6.4
8.0,-8.87,-2.03,-3.61,-7.8,-17.32,0.79
8.0,-9.24,-1.96,-3.63,-2.44,-26.34,3.9
8.0,-9.32,-1.99,-3.49,19.51,-5.61,14.57
8.0,-9.19,-2.23,-3.56,27.93,-6.71,21.77
9.0,-9.11,-2.19,-3.58,15.55,-10.18,16.77
8.0,-9.14,-2.24,-3.67,-0.37,-11.65,-1.16
8.0,-9.24,-2.17,-3.44,-10.91,-13.84,2.2
8.0,-9.28,-2.04,-3.49,-7.38,-12.38,6.28
8.0,-9.15,-2.07,-3.45,-1.77,-12.2,6.77
8.0,-9.21,-2.11,-3.5,-0.85,-11.95,7.32
9.0,-9.12,-2.13,-3.44,-2.74,-26.95,10.0
8.0,-9.39,-2.02,-3.35,1.77,-18.29,8.35
9.0,-9.19,-2.04,-3.35,6.28,3.11,6.46
9.0,-9.33,-2.07,-3.53,1.22,6.4,1.65
9.0,-9.26,-2.04,-3.43,-7.01,15.18,-0.67
9.0,-9.16,-1.98,-3.4,0.85,10.67,8.29
9.0,-9.27,-2.02,-3.51,11.34,13.48,22.2
9.0,-9.06,-2.15,-3.38,9.63,11.52,29.27
9.0,-9.18,-1.95,-3.41,8.84,7.74,19.27
9.0,-9.05,-1.92,-3.42,18.11,12.32,7.74
9.0,-9.09,-2.07,-3.53,3.96,-3.48,-0.49
9.0,-9.41,-1.97,-3.53,4.51,-3.11,-16.71
9.0,-9.29,-2.03,-3.52,-7.26,-4.27,-5.91
9.0,-9.31,-2.08,-3.47,-12.38,4.51,-10.91
8.0,-9.18,-1.97,-3.47,-13.41,5.85,-3.9
8.0,-9.28,-1.94,-3.37,7.38,13.78,7.44
9.0,-9.21,-2.21,-3.53,8.78,4.88,5.73
9.0,-9.27,-2.11,-3.57,-8.96,-0.49,11.77
9.0,-9.07,-1.83,-3.39,-2.32,5.12,1.22
9.0,-9.14,-1.93,-3.47,3.9,1.04,-7.74
9.0,-9.22,-2.04,-3.56,-5.73,-9.33,-16.04
9.0,-9.21,-1.96,-3.46,-12.56,-3.05,-16.59
9.0,-9.39,-2.06,-3.44,-12.32,-18.35,1.77
9.0,-9.43,-1.72,-3.31,15.55,6.65,26.71
9.0,-9.15,-1.86,-3.5,42.2,1.95,29.33
9.0,-9.18,-2.06,-3.52,38.54,-14.94,25.91
9.0,-9.46,-2.07,-3.14,15.49,-11.95,35.12
9.0,-9.28,-2.08,-3.4,30.79,1.59,26.22
9.0,-9.11,-2.28,-3.69,-5.24,-15.0,0.55
9.0,-9.06,-1.76,-3.16,-13.17,-31.4,-2.38
8.0,-9.53,-1.91,-3.3,4.76,-29.51,-5.73
8.0,-9.6,-1.98,-3.21,14.57,6.71,14.76
8.0,-9.38,-2.07,-3.31,15.79,24.21,3.05
8.0,-9.1,-2.0,-3.32,-2.93,22.56,-5.67
8.0,-9.06,-2.08,-3.36,-13.66,5.98,-19.88
8.0,-9.37,-1.95,-3.33,-20.37,0.98,-14.63
8.0,-9.35,-1.97,-3.26,-14.7,7.01,-16.4
8.0,-9.45,-1.96,-3.39,-6.04,21.46,-14.09
8.0,-9.17,-1.98,-3.49,-20.18,14.63,-3.23
8.0,-9.24,-1.74,-3.38,-0.12,15.73,-0.12
8.0,-9.14,-1.99,-3.48,0.12,-4.7,4.15
8.0,-9.38,-1.89,-3.48,-8.84,-12.87,-15.79
8.0,-9.27,-1.83,-3.32,-7.68,-0.55,-23.05
8.0,-9.31,-1.95,-3.44,-5.85,17.68,-48.72
8.0,-9.31,-1.94,-3.17,-3.78,16.95,-28.6
8.0,-9.22,-2.11,-3.51,5.43,30.43,-19.76
8.0,-8.92,-2.22,-3.67,-10.0,11.77,-34.39
8.0,-9.05,-1.77,-3.39,-11.95,-21.34,-34.7
8.0,-9.38,-2.06,-3.45,17.38,-17.99,-39.21
8.0,-9.27,-2.28,-3.31,21.4,-1.1,-41.89
8.0,-9.17,-2.47,-3.34,4.7,14.15,-52.74
8.0,-9.12,-2.59,-3.61,-34.02,9.27,-50.98
8.0,-9.15,-2.28,-3.5,-35.3,-6.52,-35.37
8.0,-9.16,-2.2,-3.35,-26.65,-16.22,-19.88
8.0,-9.17,-2.19,-3.26,-16.22,-13.78,-24.82
8.0,-9.16,-2.27,-3.35,-4.39,-14.33,-20.06
8.0,-9.12,-2.44,-3.34,-15.12,-10.0,-11.52
8.0,-9.32,-2.24,-3.16,-6.52,-13.66,-6.59
8.0,-9.38,-2.33,-3.09,11.16,8.11,1.71
8.0,-9.32,-2.3,-3.26,21.83,40.61,-2.99
8.0,-8.98,-2.25,-3.3,28.48,35.12,-10.37
8.0,-9.07,-2.41,-3.36,35.73,17.87,-15.91
8.0,-9.09,-2.63,-3.43,21.4,4.27,-3.54
8.0,-9.16,-2.51,-3.34,26.52,4.15,-5.67
8.0,-9.23,-2.91,-3.49,9.45,-7.07,8.17
8.0,-9.18,-2.56,-3.57,-27.44,-6.1,18.23
8.0,-8.89,-2.04,-3.18,-24.39,-18.17,7.56
8.0,-9.41,-2.35,-3.37,-23.05,-14.27,-14.88
8.0,-9.15,-2.05,-3.2,-21.95,2.44,-34.45
8.0,-9.26,-2.12,-3.19,-7.32,-3.35,-44.63
8.0,-9.34,-2.15,-3.22,9.21,1.59,-31.4
7.0,-9.24,-2.38,-3.19,28.66,3.17,-5.98
8.0,-9.28,-2.49,-3.17,43.41,11.22,7.68
7.0,-9.26,-2.74,-3.43,41.77,23.54,2.32
8.0,-9.17,-2.68,-3.27,20.18,20.12,4.88
8.0,-9.24,-2.44,-3.15,11.59,24.21,0.24
7.0,-9.29,-2.41,-3.25,18.96,44.33,-9.33
7.0,-9.19,-2.45,-3.35,32.62,68.17,-16.83
7.0,-8.62,-2.71,-3.41,42.13,32.32,-20.61
8.0,-8.99,-3.0,-3.48,30.18,-13.11,-6.16
8.0,-9.17,-3.0,-3.43,-5.49,-16.4,25.73
8.0,-9.16,-2.61,-3.23,-34.45,-21.77,57.2
8.0,-9.14,-2.25,-3.16,-38.23,-0.73,38.84
8.0,-9.22,-2.27,-3.19,-20.24,7.87,5.37
8.0,-9.19,-2.56,-3.11,-25.79,-0.3,29.51
8.0,-9.42,-2.53,-3.07,-25.67,-13.96,64.33
8.0,-9.91,-2.28,-3.4,-16.83,9.33,141.77
8.0,-9.09,-1.71,-3.29,17.2,12.68,132.44
8.0,-9.22,-1.64,-3.61,32.13,10.61,75.24
8.0,-8.99,-1.97,-3.61,31.65,14.82,39.57
8.0,-9.01,-2.19,-3.45,1.83,-15.91,37.07
8.0,-9.49,-2.15,-3.49,-25.24,-6.77,52.44
8.0,-9.14,-1.71,-3.68,-45.24,2.44,43.17
8.0,-8.42,-1.42,-3.56,-54.09,-37.99,-27.38
8.0,-9.38,-1.28,-3.59,-52.26,-56.59,-115.0
8.0,-9.61,-1.79,-3.33,11.28,-8.72,-90.0
8.0,-9.53,-2.4,-3.52,25.61,-9.63,-23.6
8.0,-9.12,-2.48,-3.5,-10.55,-11.83,-18.23
8.0,-9.11,-2.22,-3.34,-41.22,-28.54,-25.24
8.0,-9.23,-2.12,-3.11,-37.01,-42.5,-36.52
8.0,-9.38,-2.11,-3.28,-31.65,-3.29,-36.28
8.0,-9.31,-2.1,-3.25,-3.41,11.83,-51.16
8.0,-9.25,-2.34,-3.35,-1.77,14.63,-24.33
9.0,-9.03,-2.25,-3.4,-11.95,-1.95,-9.45
8.0,-9.04,-2.43,-3.18,-20.79,-28.54,9.02
8.0,-9.17,-2.3,-2.98,-52.93,-52.56,30.91
8.0,-9.8,-2.07,-3.2,-58.11,-16.16,6.83
8.0,-9.59,-1.27,-2.71,-15.67,17.87,-1.46
8.0,-9.75,-1.63,-3.12,26.16,61.77,-2.5
8.0,-9.19,-1.95,-3.46,32.07,75.24,6.46
8.0,-8.57,-2.0,-3.29,32.68,40.85,-18.11
8.0,-9.13,-2.39,-3.6,12.68,-5.98,-45.79
8.0,-9.11,-1.91,-3.26,37.13,-9.7,-20.85
8.0,-8.43,-2.12,-3.14,53.96,-49.02,5.43
7.0,-9.12,-2.44,-3.21,39.45,-76.1,-27.56
7.0,-9.64,-2.26,-3.07,28.96,-58.48,-30.91
7.0,-9.38,-2.14,-3.01,53.96,-49.82,-2.74
7.0,-9.51,-2.57,-2.87,51.59,-45.3,31.04
7.0,-9.44,-2.5,-2.95,37.87,-31.89,52.01
7.0,-8.87,-2.47,-2.99,21.46,-30.67,33.48
7.0,-8.98,-2.48,-3.15,-21.4,-53.54,-20.79
7.0,-9.24,-2.08,-2.79,-40.49,-52.5,-58.84
7.0,-9.56,-2.2,-2.82,-11.77,-53.05,-5.24
7.0,-9.47,-2.19,-2.65,28.9,-47.2,17.32
7.0,-9.2,-2.56,-2.7,26.16,-47.99,18.05
7.0,-9.69,-2.34,-2.53,17.32,-33.35,1.04
7.0,-9.45,-2.41,-2.35,14.27,-19.63,11.34
7.0,-9.58,-2.42,-2.46,19.82,-6.22,3.84
7.0,-9.35,-2.46,-2.51,-2.26,0.37,-28.72
7.0,-9.47,-2.52,-2.64,-18.23,18.84,-20.24
9.0,-9.49,-2.29,-2.39,-4.02,-3.6,25.43
7.0,-9.53,-2.38,-2.57,7.13,7.38,24.15
7.0,-9.54,-2.45,-2.58,-23.41,24.82,-1.95
7.0,-9.63,-2.4,-2.69,-50.18,45.98,-16.65
7.0,-9.61,-2.36,-2.63,-64.02,83.54,-14.09
8.0,-9.66,-2.22,-2.6,-55.06,108.78,-13.54
8.0,-9.27,-2.15,-2.94,-44.57,138.6,8.05
7.0,-8.91,-2.09,-3.09,-16.46,91.59,33.11
7.0,-9.13,-2.07,-3.32,-0.98,45.61,43.54
9.0,-8.93,-1.96,-3.14,1.04,20.24,37.2
7.0,-9.19,-2.21,-3.28,-2.2,10.73,6.83
7.0,-9.4,-2.15,-3.25,-17.38,16.52,-15.61
7.0,-9.27,-2.24,-3.15,-27.62,11.95,-9.51
7.0,-9.23,-1.98,-3.11,-11.71,7.32,-0.79
7.0,-9.29,-2.07,-3.16,7.32,-4.09,15.18
8.0,-9.44,-2.01,-3.16,17.8,7.56,13.84
9.0,-9.43,-2.28,-3.27,2.38,23.6,3.11
8.0,-9.32,-1.96,-3.18,-9.51,41.04,-15.43
8.0,-9.23,-2.09,-3.18,8.29,44.09,-19.76
8.0,-9.19,-2.34,-3.26,5.24,36.22,-5.55
8.0,-9.27,-2.11,-3.39,2.38,35.06,10.06
8.0,-8.99,-2.2,-3.33,1.34,13.96,9.57
9.0,-9.24,-2.07,-3.34,-10.43,6.4,4.82
9.0,-9.17,-2.06,-3.25,-8.35,0.98,-9.82
9.0,-9.39,-1.83,-3.07,11.77,16.4,-21.16
9.0,-9.48,-2.18,-3.08,41.22,39.82,-2.26
9.0,-9.46,-2.44,-3.42,32.44,38.84,14.21
9.0,-9.2,-2.24,-3.32,17.38,52.5,15.0
9.0,-9.01,-2.13,-3.46,13.11,42.44,20.85
9.0,-9.06,-2.02,-3.43,16.34,21.52,15.06
9.0,-9.06,-2.02,-3.49,13.17,15.91,-2.68
9.0,-9.24,-2.15,-3.49,11.1,22.2,-8.96
9.0,-9.06,-2.15,-3.5,11.04,15.0,-15.3
9.0,-9.12,-2.42,-3.56,-3.72,-1.46,-18.23
9.0,-9.25,-2.23,-3.43,-12.99,-0.49,-6.83
9.0,-9.21,-2.27,-3.44,-19.63,3.48,12.26
9.0,-9.26,-2.07,-3.45,-13.54,9.51,11.04
9.0,-9.19,-1.96,-3.37,-2.13,7.32,13.72
9.0,-9.15,-1.91,-3.37,17.62,8.17,-2.26
9.0,-9.08,-2.14,-3.48,20.85,0.79,-4.27
9.0,-9.23,-2.22,-3.5,19.27,-0.18,-7.01
9.0,-9.23,-2.25,-3.54,3.05,-4.45,-5.24
9.0,-9.26,-2.03,-3.41,3.23,7.93,12.38
9.0,-9.04,-1.99,-3.42,10.61,0.55,18.11
9.0,-9.34,-1.9,-3.45,25.91,0.18,2.8
9.0,-9.15,-2.1,-3.48,38.17,5.24,-4.39
9.0,-9.09,-2.32,-3.51,26.77,-9.45,-13.35
9.0,-9.2,-2.2,-3.39,15.12,-5.18,-16.28
9.0,-9.26,-2.17,-3.32,8.78,-13.35,-15.61
9.0,-9.3,-2.33,-3.38,12.87,-8.11,-5.98
9.0,-9.04,-2.23,-3.3,-2.62,-18.05,6.89
9.0,-9.17,-2.26,-3.43,-15.67,-28.66,-1.52
6.0,-9.13,-2.21,-3.13,-19.88,-38.11,-7.5
9.0,-9.44,-2.3,-3.35,-24.15,-32.38,-2.8
9.0,-9.3,-2.36,-3.23,-45.06,-21.34,-8.54
9.0,-9.34,-2.17,-3.19,-63.72,-13.9,-36.34
7.0,-9.33,-1.95,-3.12,-49.45,-2.44,-39.7
7.0,-9.32,-1.93,-3.09,-11.22,1.89,-14.15
7.0,-9.2,-2.26,-3.21,7.8,-10.37,-4.57
7.0,-9.63,-2.39,-3.23,-9.76,-6.46,16.95
7.0,-9.55,-2.17,-3.16,2.26,26.4,71.22
7.0,-9.01,-2.26,-3.18,11.34,24.39,41.89
7.0,-9.0,-2.24,-3.48,-17.56,27.13,-19.09
7.0,-9.27,-2.0,-3.28,-25.18,12.68,-37.13
7.0,-9.22,-2.02,-3.2,-4.63,4.94,-19.63
7.0,-9.21,-2.26,-3.41,-5.61,5.06,-14.63
7.0,-9.07,-2.25,-3.27,-16.52,0.0,-8.17
7.0,-9.17,-2.17,-3.28,-4.94,-4.57,-12.38
7.0,-9.4,-2.3,-3.29,-8.29,1.46,-4.94
9.0,-9.22,-2.28,-3.25,-3.84,12.26,1.59
9.0,-9.26,-2.2,-3.36,0.79,17.07,8.96
9.0,-8.99,-1.95,-3.27,25.98,17.26,20.3
9.0,-9.46,-2.28,-3.43,43.6,24.27,32.13
9.0,-9.26,-2.28,-3.26,38.78,-2.38,12.87
9.0,-9.32,-2.21,-3.29,38.6,-20.67,13.35
9.0,-9.26,-2.33,-3.3,30.43,-19.21,23.05
9.0,-9.41,-2.34,-3.39,12.5,-13.54,27.5
9.0,-9.22,-2.1,-3.19,-2.93,-5.43,9.15
9.0,-9.22,-1.96,-3.15,-4.27,-1.34,0.24
9.0,-9.23,-1.91,-3.14,4.76,0.85,-0.67
9.0,-9.48,-2.19,-3.18,19.88,-4.7,1.4
9.0,-9.24,-2.22,-3.21,12.74,-4.33,11.95
9.0,-9.2,-2.11,-3.13,5.12,0.24,5.85
9.0,-9.45,-2.12,-3.13,3.9,2.32,-0.18
9.0,-9.12,-1.93,-3.02,3.05,3.54,1.4
9.0,-9.41,-2.13,-3.28,3.41,5.61,-1.04
9.0,-9.21,-1.88,-3.11,13.66,3.35,-4.09
9.0,-9.39,-2.15,-3.24,14.51,9.82,4.33
9.0,-9.24,-2.15,-3.22,-4.63,6.22,3.23
9.0,-9.39,-2.07,-3.15,2.32,7.56,-5.55
9.0,-9.17,-2.21,-3.17,4.82,8.96,-3.17
9.0,-9.13,-2.1,-3.15,0.37,8.29,-0.18
9.0,-9.31,-2.13,-3.24,-7.93,14.09,-8.48
9.0,-9.21,-2.11,-3.23,-12.44,9.51,-4.76
9.0,-9.47,-2.15,-3.17,-5.73,17.32,-5.12
9.0,-9.15,-2.08,-3.29,-14.09,29.51,-6.71
9.0,-9.34,-2.2,-3.34,-8.35,15.98,-5.3
9.0,-9.21,-2.04,-3.3,-10.24,15.18,-3.17
9.0,-9.13,-2.04,-3.25,8.05,13.84,-0.79
9.0,-9.19,-2.19,-3.34,3.11,2.5,-4.7
9.0,-9.34,-2.26,-3.31,-2.07,9.21,-16.16
1.0,-9.35,-1.96,-3.29,2.13,15.06,-1.16
9.0,-9.3,-2.25,-3.39,7.38,9.33,7.74
9.0,-9.15,-2.16,-3.34,-8.17,12.99,1.22
9.0,-9.28,-2.07,-3.26,-0.73,13.35,1.83
9.0,-9.18,-2.0,-3.37,1.83,7.93,7.93
9.0,-9.28,-2.06,-3.29,11.16,7.93,-8.6
9.0,-9.14,-2.12,-3.3,11.77,8.05,-7.44
9.0,-9.21,-2.24,-3.41,13.41,1.95,-12.87
9.0,-9.19,-2.4,-3.41,0.67,5.12,-4.21
9.0,-9.17,-2.27,-3.37,-8.72,-12.87,-4.21
9.0,-9.38,-2.14,-3.23,-19.88,-7.56,-8.41
9.0,-9.41,-1.91,-3.18,-7.01,25.55,-6.46
9.0,-9.24,-2.09,-3.32,12.56,25.06,4.51
9.0,-9.21,-2.27,-3.45,11.52,20.73,1.71
9.0,-9.15,-2.3,-3.44,-1.59,16.52,-7.62
9.0,-9.0,-2.17,-3.48,-17.74,2.13,-12.07
9.0,-9.23,-2.21,-3.48,-23.29,1.89,-20.3
9.0,-9.15,-2.03,-3.31,-18.35,-3.48,-6.71
9.0,-9.42,-2.2,-3.43,-6.04,3.96,3.29
9.0,-9.17,-2.08,-3.41,7.2,10.18,8.9
9.0,-9.23,-2.15,-3.35,11.4,8.41,6.59
9.0,-9.13,-2.04,-3.26,5.37,8.72,-6.28
9.0,-9.18,-2.13,-3.36,9.88,12.99,-10.79
9.0,-9.2,-2.29,-3.48,-2.68,8.54,-17.56
9.0,-9.08,-2.22,-3.49,-12.01,-1.95,-15.85
9.0,-9.19,-2.21,-3.35,-8.6,-8.72,-8.96
9.0,-9.32,-2.14,-3.32,6.52,-2.01,-4.82
9.0,-9.29,-2.32,-3.34,8.17,3.66,10.12
9.0,-9.07,-2.06,-3.2,11.65,5.43,-0.06
9.0,-9.04,-2.17,-3.41,5.79,-1.77,-27.26
9.0,-9.42,-2.16,-3.37,-4.39,12.5,-56.4
1.0,-9.2,-2.19,-3.45,0.55,12.44,-49.27
9.0,-9.27,-2.42,-3.47,2.99,6.4,-38.11
9.0,-9.08,-2.41,-3.52,3.66,-1.77,-12.68
9.0,-9.07,-2.24,-3.23,12.07,-16.71,-2.07
9.0,-9.34,-2.38,-3.34,15.98,-17.01,-11.4
9.0,-9.23,-2.38,-3.37,8.17,4.09,-15.18
9.0,-9.19,-2.36,-3.32,6.65,0.06,-17.56
9.0,-9.23,-2.46,-3.36,2.5,2.26,-5.37
9.0,-9.15,-2.39,-3.41,-4.7,2.13,-4.88
9.0,-9.15,-2.43,-3.39,-5.73,-9.76,-17.38
9.0,-9.26,-2.29,-3.21,-2.13,-0.79,-12.62
9.0,-9.23,-2.34,-3.29,16.1,16.71,6.04
9.0,-9.14,-2.45,-3.32,20.98,20.98,28.72
9.0,-9.1,-2.29,-3.31,34.63,25.49,5.98
9.0,-8.95,-2.46,-3.38,21.4,15.43,8.23
9.0,-9.02,-2.39,-3.26,30.79,-6.22,-5.67
9.0,-9.05,-2.78,-3.6,-1.04,-24.09,7.01
9.0,-9.11,-2.32,-3.19,-13.48,-21.52,-1.89
9.0,-9.09,-2.44,-3.1,-8.72,-31.71,-2.32
9.0,-9.25,-2.46,-3.2,-9.45,-26.46,-17.32
9.0,-9.46,-2.39,-3.1,-8.6,-2.68,-7.99
9.0,-9.37,-2.4,-3.16,6.83,11.34,7.99
9.0,-9.08,-2.6,-3.31,7.07,17.2,12.56
9.0,-8.9,-2.58,-3.41,-15.24,7.38,5.18
9.0,-8.94,-2.31,-3.2,-21.4,-15.12,-5.85
9.0,-9.44,-2.32,-3.07,-7.68,-18.9,-5.61
9.0,-9.54,-2.35,-3.13,-1.22,9.63,20.79
9.0,-9.12,-2.15,-3.13,15.91,9.88,12.26
9.0,-9.17,-2.41,-3.37,18.78,8.35,-7.62
9.0,-9.13,-2.49,-3.2,-1.95,9.76,-23.6
9.0,-9.07,-2.62,-3.33,-18.05,-8.17,-22.32
9.0,-9.48,-2.4,-3.19,-10.79,-11.95,-12.32
1.0,-9.49,-2.33,-3.21,2.32,14.63,27.32
9.0,-9.15,-2.39,-3.31,14.15,2.07,37.38
9.0,-9.2,-2.27,-3.38,4.57,2.68,26.59
9.0,-9.03,-2.29,-3.31,-3.54,4.27,5.79
9.0,-9.09,-2.31,-3.41,-8.6,-7.93,-20.18
9.0,-9.11,-2.34,-3.24,-12.8,-5.12,-15.43
9.0,-9.31,-2.41,-3.19,-5.24,-8.84,0.37
9.0,-9.25,-2.52,-3.26,-3.96,-5.85,11.83
9.0,-9.09,-2.42,-3.21,-17.01,-10.49,11.1
9.0,-9.19,-2.17,-3.12,-25.43,-7.2,10.12
9.0,-9.23,-2.18,-3.13,-17.62,-16.52,2.93
9.0,-9.4,-2.18,-3.14,-6.89,-13.84,9.21
9.0,-9.22,-2.25,-3.07,5.12,-16.28,28.05
7.0,-9.4,-2.37,-3.16,5.3,-13.54,22.44
8.0,-9.38,-2.22,-3.13,-11.89,-0.55,3.9
8.0,-9.29,-2.1,-3.12,2.56,18.11,-11.83
8.0,-9.15,-2.28,-3.12,1.28,10.3,-4.27
7.0,-9.28,-2.35,-3.13,-0.3,2.44,9.57
7.0,-9.14,-2.3,-3.12,0.12,-3.29,17.32
7.0,-9.33,-2.18,-3.07,-3.54,-10.37,15.49
7.0,-9.31,-2.16,-3.06,1.89,0.37,12.44
7.0,-9.23,-2.29,-3.1,6.71,3.41,14.57
7.0,-9.13,-2.37,-3.28,-9.76,-15.18,19.76
7.0,-9.21,-2.21,-3.2,-17.26,-38.23,23.35
9.0,-9.25,-2.05,-3.01,-11.89,-52.44,7.44
7.0,-9.57,-2.07,-2.87,-11.52,-30.12,-10.12
9.0,-9.47,-2.06,-2.91,-9.82,-7.13,1.46
7.0,-9.41,-2.15,-2.83,-9.39,11.52,-17.8
7.0,-9.3,-2.3,-3.02,-22.56,18.6,-7.32
7.0,-9.14,-2.36,-3.24,-40.73,8.66,0.49
7.0,-9.18,-2.12,-3.14,-50.55,5.67,-1.83
7.0,-9.34,-2.01,-3.02,-47.87,4.76,-6.34
7.0,-9.61,-1.93,-2.97,-32.5,9.57,4.15
7.0,-9.31,-2.01,-3.06,-18.17,16.28,3.84
7.0,-9.33,-1.94,-3.02,-10.55,3.9,-2.68
7.0,-9.28,-2.03,-2.96,-2.07,2.07,1.65
7.0,-9.2,-2.02,-2.96,9.88,-23.41,17.8
7.0,-9.35,-2.14,-3.0,5.37,-25.12,6.34
7.0,-9.57,-2.07,-2.98,-5.91,-4.51,-11.46
7.0,-9.48,-2.03,-2.98,-8.9,13.41,-5.91
7.0,-9.41,-1.86,-2.85,11.52,18.17,8.66
7.0,-9.3,-2.19,-3.15,6.83,19.45,-7.5
7.0,-9.14,-1.94,-3.12,-7.8,10.85,-27.2
7.0,-9.2,-2.16,-3.13,-11.34,-2.5,-63.96
7.0,-9.35,-2.4,-3.07,-18.84,-9.63,-47.07
7.0,-9.51,-2.24,-3.03,-24.57,8.84,-33.29
9.0,-9.42,-2.3,-3.04,-10.24,31.89,-23.41
9.0,-9.22,-2.34,-3.1,-23.54,34.94,-15.98
9.0,-9.32,-2.15,-2.97,-4.88,43.84,-25.98
9.0,-9.29,-2.3,-3.08,-2.38,57.93,-15.61
9.0,-9.13,-2.3,-3.28,11.89,59.09,-20.43
9.0,-9.12,-2.35,-3.26,4.15,47.26,-9.94
9.0,-9.07,-2.45,-3.22,5.91,43.23,-6.28
9.0,-8.99,-2.55,-3.37,0.37,36.04,-10.67
9.0,-9.13,-2.46,-3.52,-16.65,24.94,-18.6
9.0,-9.04,-2.54,-3.32,-27.99,26.71,8.96
9.0,-9.02,-2.32,-3.38,-27.38,-0.18,12.99
9.0,-9.2,-2.06,-3.38,-15.43,9.33,8.29
9.0,-9.1,-2.22,-3.5,-15.98,-2.5,10.3
9.0,-8.94,-2.29,-3.48,-42.26,-15.73,-13.29
9.0,-9.32,-2.22,-3.25,-48.66,-15.73,-43.41
9.0,-9.73,-2.21,-3.13,-32.93,28.72,-16.34
9.0,-9.4,-2.3,-3.33,-5.61,69.94,35.67
9.0,-9.15,-2.3,-3.39,15.43,64.51,50.73
9.0,-9.12,-2.05,-3.35,21.34,64.76,58.78
9.0,-8.98,-2.14,-3.48,22.07,54.45,46.52
9.0,-9.07,-2.14,-3.66,14.39,40.12,30.18
9.0,-8.73,-2.13,-3.72,5.67,0.98,36.89
9.0,-9.09,-2.0,-3.58,11.04,-33.17,14.27
9.0,-9.41,-2.03,-3.54,6.71,-17.93,18.6
9.0,-9.44,-1.94,-3.48,19.88,3.35,27.56
9.0,-9.43,-2.27,-3.61,10.91,18.6,42.56
9.0,-8.98,-1.8,-3.47,-1.83,23.96,30.18
9.0,-8.98,-1.9,-3.6,-2.44,11.1,-11.52
9.0,-9.23,-1.89,-3.37,-17.56,5.3,-71.4
9.0,-9.39,-2.05,-3.56,-19.88,26.22,-85.18
9.0,-9.25,-1.93,-3.43,14.51,24.21,-31.89
9.0,-9.19,-2.34,-3.64,35.06,17.62,2.99
9.0,-9.0,-2.46,-3.73,9.88,11.16,3.96
9.0,-8.98,-2.5,-3.78,-33.66,7.32,-13.23
9.0,-9.3,-2.09,-3.59,-39.27,17.07,-27.26
9.0,-9.22,-1.99,-3.68,-6.4,38.78,-1.89
9.0,-9.06,-1.97,-3.68,26.28,17.44,36.71
9.0,-8.73,-1.97,-3.65,54.02,-17.01,40.49
1.0,-9.03,-2.22,-3.7,44.94,-44.27,26.22
9.0,-9.34,-2.19,-3.55,26.46,-28.05,18.23
9.0,-9.36,-2.28,-3.5,18.66,-8.29,19.02
9.0,-9.24,-2.33,-3.51,-3.84,6.83,5.85
9.0,-9.21,-2.11,-3.61,-8.84,13.72,-4.7
9.0,-9.23,-1.93,-3.52,-7.2,4.88,-1.65
9.0,-9.14,-2.03,-3.59,7.87,3.78,-0.3
9.0,-9.11,-2.0,-3.55,19.7,-2.01,8.23
9.0,-9.28,-2.15,-3.58,14.82,2.01,8.6
9.0,-9.18,-2.16,-3.58,6.28,4.02,7.5
9.0,-9.19,-2.2,-3.61,-6.77,8.84,7.68
9.0,-9.18,-2.06,-3.54,-9.57,15.3,5.3
9.0,-9.1,-2.0,-3.58,-4.76,4.57,0.18
9.0,-9.11,-1.99,-3.55,-7.38,-5.37,4.21
9.0,-9.08,-1.97,-3.55,-2.38,-13.54,-6.34
9.0,-9.15,-1.96,-3.49,4.76,-30.85,-7.62
9.0,-9.41,-2.16,-3.42,1.28,-0.55,-28.78
9.0,-9.51,-2.27,-3.6,-8.96,33.41,-21.04
9.0,-9.17,-2.16,-3.56,-9.09,50.98,18.05
9.0,-8.98,-1.99,-3.57,10.43,24.88,10.06
9.0,-9.08,-2.16,-3.76,-4.94,2.8,-12.32
9.0,-9.0,-2.14,-3.62,-14.76,-2.56,-23.54
9.0,-9.21,-2.14,-3.61,-15.0,-11.71,-22.2
1.0,-9.16,-2.18,-3.61,-10.37,2.93,-16.59
9.0,-9.02,-2.14,-3.51,-14.33,-8.35,2.5
9.0,-9.23,-2.09,-3.57,-5.24,-14.7,5.73
9.0,-9.13,-2.15,-3.55,-6.34,-15.67,2.01
1.0,-9.12,-2.05,-3.54,-10.61,-11.1,-6.46
9.0,-9.04,-2.16,-3.66,-17.56,-10.37,-7.8
9.0,-9.06,-1.93,-3.57,-20.12,-21.34,-16.52
9.0,-9.32,-1.87,-3.41,-4.27,-16.34,-8.29
9.0,-9.2,-1.99,-3.52,29.27,-7.68,5.24
9.0,-9.14,-2.28,-3.81,20.85,-26.52,8.6
9.0,-9.32,-2.23,-3.48,4.09,-38.29,25.12
9.0,-9.19,-1.67,-3.1,43.17,-55.73,38.23
9.0,-9.14,-2.04,-3.44,58.54,-50.91,-8.72
8.0,-9.25,-2.34,-3.38,20.37,-33.96,-53.6
8.0,-9.6,-2.4,-3.27,-5.12,-27.99,-45.85
8.0,-9.41,-2.38,-3.16,-6.71,-22.01,-10.18
8.0,-9.2,-2.36,-3.13,-8.23,-21.52,4.21
8.0,-9.27,-2.24,-3.08,-14.7,-28.29,-1.77
8.0,-9.36,-2.14,-3.08,-1.1,-8.48,-16.34
8.0,-9.36,-2.14,-3.09,10.49,5.55,0.98
8.0,-9.33,-2.17,-3.08,18.96,13.72,17.62
8.0,-9.1,-2.18,-3.27,16.89,3.66,17.2
8.0,-9.15,-2.19,-3.22,10.85,-5.24,-4.02
8.0,-9.31,-2.23,-3.06,3.9,-6.65,-6.28
8.0,-9.46,-2.24,-3.09,11.28,2.01,-7.38
8.0,-9.44,-2.26,-3.17,12.74,16.59,2.5
7.0,-9.11,-2.24,-3.11,3.35,17.74,-2.62
7.0,-9.19,-2.28,-3.2,-16.04,17.99,-10.98
7.0,-9.24,-2.09,-3.02,-16.83,1.34,-23.54
8.0,-9.64,-2.31,-3.08,-9.57,9.76,-22.13
8.0,-9.62,-2.32,-3.16,-15.37,46.04,-2.93
8.0,-9.21,-2.13,-3.19,-4.88,57.26,10.61
8.0,-9.08,-2.11,-3.35,6.71,47.38,22.01
8.0,-9.05,-2.23,-3.42,-4.76,37.32,-0.55
8.0,-8.93,-2.18,-3.45,-11.95,20.3,-15.49
8.0,-9.16,-2.22,-3.51,-17.74,-4.02,-6.83
8.0,-9.21,-2.21,-3.27,-7.93,2.5,-0.73
8.0,-9.22,-2.28,-3.45,-13.29,3.29,4.15
8.0,-9.34,-2.22,-3.49,-25.49,14.51,11.77
8.0,-9.09,-2.16,-3.42,-28.9,13.78,14.21
8.0,-9.36,-1.9,-3.43,-12.56,25.18,1.95
8.0,-8.95,-1.9,-3.46,5.37,19.33,-9.57
8.0,-9.0,-2.12,-3.62,5.12,-7.38,-33.41
8.0,-9.19,-2.09,-3.43,4.7,-22.62,-36.04
8.0,-9.36,-2.34,-3.4,14.45,-8.78,-17.26
7.0,-9.18,-2.38,-3.3,7.8,-9.33,-13.6
8.0,-9.34,-2.61,-3.49,-7.56,-10.18,-2.32
8.0,-9.12,-2.23,-3.25,-6.22,-12.56,21.83
8.0,-9.19,-2.2,-3.3,-2.07,-16.52,19.09
8.0,-9.3,-2.05,-3.29,0.98,-1.34,3.41
8.0,-9.22,-2.01,-3.19,2.07,6.77,2.13
8.0,-9.25,-2.23,-3.41,5.3,8.96,-10.91
8.0,-9.13,-2.26,-3.27,-3.66,-5.43,-4.76
8.0,-9.45,-2.26,-3.29,-2.44,-6.28,10.12
7.0,-9.23,-2.22,-3.22,-10.0,3.78,18.29
8.0,-9.27,-2.17,-3.22,-15.37,11.16,9.7
8.0,-9.43,-2.1,-3.14,-11.28,19.7,27.07
8.0,-9.42,-2.08,-3.17,14.63,40.37,30.37
8.0,-9.12,-2.18,-3.39,3.6,50.18,23.66
8.0,-8.91,-2.06,-3.58,-14.09,23.35,6.4
8.0,-9.0,-1.97,-3.5,-24.82,-6.34,-10.49
8.0,-9.42,-2.12,-3.51,-21.34,-15.91,-4.63
8.0,-9.69,-2.2,-3.41,-19.88,-0.24,45.43
8.0,-9.29,-2.09,-3.3,-0.3,20.79,47.26
8.0,-8.96,-2.1,-3.46,-14.63,13.29,19.39
8.0,-9.09,-1.99,-3.39,-28.78,3.23,-17.44
7.0,-9.25,-1.83,-3.29,-18.78,-1.1,-14.15
7.0,-9.39,-1.91,-3.34,-3.41,-0.79,4.21
7.0,-9.33,-2.08,-3.42,2.32,8.96,-5.12
7.0,-9.21,-2.0,-3.55,-4.88,18.17,-11.16
9.0,-9.02,-2.08,-3.49,-2.56,5.0,-5.18
9.0,-9.22,-2.09,-3.44,2.44,-3.6,2.2
9.0,-9.15,-2.15,-3.45,7.87,-2.68,14.21
7.0,-9.28,-2.15,-3.54,9.63,-1.71,15.37
9.0,-9.27,-2.27,-3.46,0.18,2.93,16.22
9.0,-9.34,-2.0,-3.29,1.71,2.2,33.35
8.0,-9.48,-1.94,-3.39,16.16,8.6,54.82
8.0,-9.19,-1.85,-3.37,15.24,22.5,54.51
7.0,-9.09,-1.73,-3.28,15.12,13.78,25.24
8.0,-9.39,-1.85,-3.47,20.67,14.02,21.77
7.0,-9.16,-1.77,-3.43,24.27,16.34,28.84
8.0,-9.15,-1.86,-3.6,29.88,1.1,19.09
8.0,-9.19,-1.84,-3.51,12.44,3.96,15.3
8.0,-8.74,-1.82,-3.46,10.61,-2.32,9.27
8.0,-8.99,-1.98,-3.52,5.98,-36.04,19.09
8.0,-9.54,-1.9,-3.34,-11.65,-44.33,23.6
9.0,-9.24,-1.92,-3.39,-25.12,-54.82,13.78
8.0,-8.76,-1.93,-3.34,-79.39,-84.7,-29.15
8.0,-8.97,-1.66,-3.33,-123.96,-136.89,-109.09
8.0,-9.93,-1.71,-2.88,-111.4,-128.29,-122.26
7.0,-10.12,-1.7,-2.72,-55.67,-77.74,-52.8
7.0,-9.88,-1.71,-2.79,-3.35,-15.91,14.21
7.0,-9.38,-1.77,-2.9,29.33,-10.0,26.71
7.0,-9.39,-1.62,-2.85,41.28,0.3,23.96
7.0,-9.52,-1.9,-2.87,43.29,10.67,2.38
7.0,-9.5,-2.04,-2.99,21.22,23.78,10.06
7.0,-9.45,-1.99,-3.04,9.02,10.85,9.7
7.0,-9.32,-1.89,-3.0,1.83,-7.62,21.34
7.0,-9.41,-1.89,-2.94,-9.39,-3.6,14.63
7.0,-9.64,-1.82,-2.93,-12.87,23.23,-9.39
