nan,nan,nan,-9.62,-1.89,-2.96,-13.35,36.83,-31.16
nan,nan,nan,-9.47,-1.82,-2.95,-0.79,39.21,-15.43
nan,nan,nan,-9.13,-1.80,-3.01,21.59,31.34,-2.07
nan,nan,nan,-9.33,-1.84,-3.04,39.82,16.04,0.24
nan,nan,nan,-9.25,-2.27,-3.07,32.44,4.51,-6.40
nan,nan,nan,-9.40,-2.18,-3.10,6.59,1.22,-3.29
nan,nan,nan,-9.26,-2.13,-3.03,-15.18,0.91,-1.34
nan,nan,nan,-9.56,-2.03,-3.09,-36.22,-7.20,-10.85
nan,nan,nan,-9.37,-1.81,-2.89,-28.72,14.57,-0.24
nan,nan,nan,-9.25,-2.09,-3.05,-22.38,-5.55,5.98
nan,nan,nan,-9.27,-2.35,-3.22,-73.72,-4.45,-13.96
nan,nan,nan,-9.18,-2.85,-3.49,-181.59,-5.98,-43.41
nan,nan,nan,-9.29,-4.05,-4.13,-415.67,-20.61,-97.07
nan,nan,nan,-8.97,-5.21,-4.61,-837.07,-81.16,-174.09
nan,nan,nan,-8.55,-4.46,-3.46,-1292.38,-62.93,-284.33
nan,nan,nan,-8.67,-4.13,-2.90,-1583.96,-119.39,-450.00
nan,nan,nan,-9.49,-4.14,-2.59,-1895.43,-116.77,-487.62
nan,nan,nan,-8.83,-3.13,-0.78,-1978.23,-182.80,-549.76
nan,nan,nan,-9.17,-2.53,-0.51,-1978.23,-199.45,-584.21
nan,nan,nan,-9.51,-2.27,-0.77,-1964.57,-202.99,-577.87
nan,nan,nan,-9.52,-1.85,-1.21,-1911.28,-241.59,-570.30
nan,nan,nan,-9.61,-0.85,-1.34,-1797.26,-275.79,-493.84
nan,nan,nan,-9.84,-0.45,-1.37,-1601.40,-306.46,-457.01
nan,nan,nan,-10.73,-0.40,-1.78,-1425.67,-298.29,-415.67
nan,nan,nan,-10.95,-0.31,-1.85,-1279.70,-202.20,-380.18
nan,nan,nan,-10.65,-0.25,-2.14,-1149.02,-76.10,-306.95
nan,nan,nan,-10.57,-0.03,-2.34,-1002.32,-23.54,-191.77
nan,nan,nan,-10.16,-0.24,-2.88,-875.98,7.38,-26.16
nan,nan,nan,-9.86,0.47,-2.73,-740.61,61.04,68.05
nan,nan,nan,-9.61,1.00,-2.88,-573.60,113.78,84.33
nan,nan,nan,-9.35,1.64,-2.91,-377.62,130.43,98.11
nan,nan,nan,-9.46,2.15,-2.83,-118.72,125.00,102.93
nan,nan,nan,-9.28,1.73,-3.34,113.72,108.72,175.18
nan,nan,nan,-9.79,1.23,-4.06,228.60,124.39,286.95
nan,nan,nan,-8.48,1.17,-4.35,306.71,73.11,309.02
nan,nan,nan,-9.05,0.70,-4.94,336.65,86.28,324.21
nan,nan,nan,-8.13,0.28,-5.14,229.70,37.99,320.06
nan,nan,nan,-7.61,0.32,-5.17,47.20,-114.88,227.07
nan,nan,nan,-8.57,-0.02,-5.30,-216.46,-161.52,103.96
nan,nan,nan,-9.35,0.13,-5.13,-538.17,-117.44,-95.37
nan,nan,nan,-8.25,0.72,-4.21,-799.57,-47.74,-278.41
nan,nan,nan,-9.20,1.08,-3.69,-986.59,-69.09,-374.15
nan,nan,nan,-8.91,1.14,-3.31,-1096.52,-113.60,-395.98
nan,nan,nan,-9.36,1.68,-2.77,-1132.74,89.27,-292.38
nan,nan,nan,-8.88,3.12,-1.68,-977.87,-30.98,-233.48
nan,nan,nan,-9.12,4.27,-1.20,-589.51,-99.15,-208.84
nan,nan,nan,-9.72,4.99,-0.95,-48.48,-106.77,-107.26
nan,nan,nan,-10.10,4.00,-1.51,410.67,-134.82,-17.44
nan,nan,nan,-7.54,2.56,-1.08,686.28,-135.61,117.93
nan,nan,nan,-12.23,1.63,-2.49,855.55,-153.29,138.35
nan,nan,nan,-9.50,1.28,-2.51,884.27,-58.05,127.44
nan,nan,nan,-10.11,0.34,-3.19,815.73,5.61,24.63
nan,nan,nan,-8.51,-0.38,-3.53,646.04,81.65,-74.88
nan,nan,nan,-8.67,-1.35,-3.95,365.73,42.74,-183.35
nan,nan,nan,-8.08,-1.93,-4.11,12.80,-63.54,-251.52
nan,nan,nan,-8.30,-1.73,-3.65,-310.18,-182.68,-287.20
nan,nan,nan,-10.61,-1.11,-3.23,-559.76,-279.88,-321.22
nan,nan,nan,-9.70,-0.36,-2.38,-657.20,-182.07,-368.90
nan,nan,nan,-9.68,-0.07,-1.93,-627.07,-122.20,-386.71
nan,nan,nan,-10.04,-0.55,-1.90,-530.91,-89.02,-375.61
nan,nan,nan,-9.85,0.01,-1.73,-386.34,-30.37,-305.98
nan,nan,nan,-8.94,0.57,-1.41,-141.10,-127.87,-200.73
nan,nan,nan,-8.39,0.31,-1.03,188.41,-359.57,-126.95
nan,nan,nan,-8.43,-0.66,-0.47,410.85,-507.56,-60.85
nan,nan,nan,-11.26,-2.50,-0.02,425.73,-539.15,-71.22
nan,nan,nan,-11.77,-2.34,-0.46,268.84,-231.34,18.17
nan,nan,nan,-10.18,-1.81,-0.37,157.80,-127.93,-31.34
0.9232185704442054,0.9000728731011206,0.7285900165909469,-9.93,-1.98,-0.38,75.55,-60.00,-67.80
nan,nan,nan,-9.97,-1.80,-0.50,9.33,15.61,-61.65
nan,nan,nan,-10.01,-2.09,-0.57,-53.17,21.95,-61.95
nan,nan,nan,-8.74,-1.96,0.36,-102.07,-40.06,-88.23
nan,nan,nan,-9.94,-2.19,0.95,-117.68,-76.04,-114.45
nan,nan,nan,-10.49,-2.83,1.30,-164.76,-60.49,-69.94
nan,nan,nan,-10.45,-2.99,1.21,-233.78,-21.71,7.50
nan,nan,nan,-10.13,-2.68,1.39,-281.04,-11.83,65.91
nan,nan,nan,-10.80,-2.52,1.94,-318.84,51.16,60.49
nan,nan,nan,-11.68,-2.13,0.82,-346.46,285.06,20.85
nan,nan,nan,-9.94,-1.90,-0.03,-362.26,374.27,85.43
nan,nan,nan,-9.87,-1.72,-0.26,-376.59,401.16,69.15
nan,nan,nan,-10.46,-1.21,-0.78,-348.60,462.32,-1.65
nan,nan,nan,-8.98,-0.61,-1.32,-259.70,529.15,33.35
nan,nan,nan,-9.53,-0.39,-2.41,-171.83,564.94,54.33
nan,nan,nan,-9.23,-0.96,-2.96,-135.73,608.11,52.32
nan,nan,nan,-7.99,-1.24,-3.95,-89.27,554.63,-39.02
nan,nan,nan,-7.72,-2.05,-4.65,-134.33,386.28,-107.80
nan,nan,nan,-9.58,-2.05,-4.60,-163.11,168.96,-170.37
nan,nan,nan,-10.05,-1.94,-4.20,-174.94,88.54,-158.29
nan,nan,nan,-10.05,-1.90,-3.98,-186.28,125.43,-94.94
nan,nan,nan,-9.78,-1.49,-4.02,-183.17,233.90,-7.68
nan,nan,nan,-9.20,-0.95,-4.71,-162.38,277.80,100.30
nan,nan,nan,-7.35,-0.63,-4.62,-124.88,300.98,150.55
nan,nan,nan,-8.36,-0.24,-5.65,-71.77,262.38,119.82
nan,nan,nan,-8.15,-0.38,-6.06,-9.02,233.41,47.32
0.9113146810913051,0.9120442771078041,0.7919448609165375,-7.50,-0.49,-6.08,5.85,183.84,55.98
nan,nan,nan,-7.62,-0.86,-5.94,22.56,121.59,28.60
nan,nan,nan,-7.84,-1.18,-5.95,18.66,32.62,6.10
nan,nan,nan,-8.89,-1.17,-6.23,-28.23,39.02,22.50
nan,nan,nan,-7.99,-1.02,-5.92,-57.13,78.17,52.74
nan,nan,nan,-8.27,-1.07,-6.12,-77.74,37.80,-22.26
nan,nan,nan,-8.45,-0.57,-6.26,-81.89,87.93,6.16
nan,nan,nan,-8.63,-0.14,-6.58,-32.68,85.61,3.96
nan,nan,nan,-7.10,-0.19,-6.01,76.34,-79.63,-59.45
nan,nan,nan,-7.60,-0.89,-5.72,97.32,-116.52,-4.21
nan,nan,nan,-7.95,-1.19,-5.10,83.17,-139.82,0.79
nan,nan,nan,-8.58,-1.38,-5.11,100.49,-114.21,-19.15
nan,nan,nan,-8.87,-1.91,-5.26,85.12,-52.38,-27.99
nan,nan,nan,-8.58,-1.76,-5.27,27.32,-7.01,24.94
nan,nan,nan,-8.38,-1.55,-5.51,-5.98,-18.66,45.37
nan,nan,nan,-8.15,-1.32,-5.67,-38.48,-63.48,41.28
nan,nan,nan,-8.55,-1.10,-5.37,-37.87,-133.96,-17.99
nan,nan,nan,-9.03,-1.18,-5.12,-30.00,-137.13,-72.07
nan,nan,nan,-9.50,-1.58,-5.11,-64.27,-80.12,-55.55
nan,nan,nan,-9.00,-1.31,-5.02,-103.17,0.73,-29.82
nan,nan,nan,-8.61,-1.03,-4.95,-89.45,18.48,-51.28
nan,nan,nan,-8.78,-0.80,-5.23,-83.05,6.71,-23.05
nan,nan,nan,-8.05,0.44,-4.41,52.74,-71.65,30.91
nan,nan,nan,-8.78,1.87,-3.14,450.91,-203.11,153.11
nan,nan,nan,-9.70,1.83,-2.26,1024.70,-294.39,357.13
nan,nan,nan,-10.73,-1.44,-3.87,1314.88,-222.44,610.91
nan,nan,nan,-8.73,-3.45,-4.85,1092.44,-183.05,533.48
nan,nan,nan,-8.47,-4.09,-5.51,621.59,-57.68,327.62
nan,nan,nan,-9.04,-2.16,-4.59,320.67,13.78,60.79
nan,nan,nan,-8.35,-1.50,-4.16,196.22,13.35,-0.43
nan,nan,nan,-9.07,-0.52,-3.62,181.04,-95.18,38.23
nan,nan,nan,-9.60,-0.53,-3.73,239.88,-69.02,51.71
nan,nan,nan,-9.59,-1.81,-4.15,202.62,-19.57,74.82
nan,nan,nan,-9.36,-2.02,-4.28,64.27,11.46,59.33
nan,nan,nan,-8.99,-1.27,-3.76,4.27,33.72,1.28
nan,nan,nan,-9.61,-0.63,-3.65,45.61,40.24,-34.82
nan,nan,nan,-9.29,-0.12,-3.40,145.18,60.98,7.93
nan,nan,nan,-9.08,-0.14,-3.51,300.79,35.30,42.99
nan,nan,nan,-9.02,-2.63,-4.67,173.17,-33.84,145.91
nan,nan,nan,-9.43,-4.78,-6.09,-232.44,15.73,25.73
nan,nan,nan,-8.58,-6.22,-6.21,-881.65,55.37,-84.33
nan,nan,nan,-8.08,-4.85,-4.21,-1572.20,8.23,-306.22
nan,nan,nan,-8.47,0.41,-1.20,-1653.48,-101.34,-604.21
nan,nan,nan,-11.51,4.54,-0.16,-915.55,-87.99,-512.87
nan,nan,nan,-10.39,3.62,-1.38,-35.49,35.18,-126.34
nan,nan,nan,-9.58,-1.39,-4.27,251.22,6.95,111.83
nan,nan,nan,-8.90,-4.46,-5.51,-44.21,26.52,36.34
nan,nan,nan,-8.65,-3.91,-5.03,-485.43,19.45,-118.60
nan,nan,nan,-8.15,-1.91,-3.85,-731.95,-5.49,-211.52
nan,nan,nan,-9.96,1.38,-2.86,-549.82,-74.82,-257.13
nan,nan,nan,-9.85,2.18,-2.62,-120.30,-78.11,-65.49
nan,nan,nan,-9.35,0.88,-3.19,245.73,-73.41,39.02
0.9173798805510017,0.9018274835798917,0.7103736500543955,-9.30,-3.75,-5.54,119.09,-45.24,135.91
nan,nan,nan,-7.90,-3.70,-5.02,-353.48,-40.67,36.89
nan,nan,nan,-8.99,0.18,-3.12,-487.93,-74.02,-217.80
nan,nan,nan,-10.50,2.29,-2.36,-137.38,-70.18,-195.37
nan,nan,nan,-11.87,0.81,-3.54,226.71,117.87,13.54
nan,nan,nan,-9.56,-2.06,-5.15,98.84,212.80,168.78
nan,nan,nan,-8.07,-1.74,-5.23,-187.38,154.45,78.29
nan,nan,nan,-8.02,-0.40,-4.61,-328.11,109.88,-131.83
nan,nan,nan,-9.54,1.35,-3.84,-138.11,111.95,-260.06
nan,nan,nan,-9.53,0.81,-3.83,201.22,72.20,-120.12
nan,nan,nan,-8.89,-1.20,-4.58,284.21,5.43,146.89
nan,nan,nan,-8.34,-2.12,-4.82,167.74,-141.71,94.57
nan,nan,nan,-8.73,-1.98,-4.67,-9.33,-106.95,31.59
nan,nan,nan,-8.42,-0.86,-3.84,-56.10,-122.74,-31.52
nan,nan,nan,-8.60,0.38,-2.99,78.60,-236.71,-2.20
nan,nan,nan,-8.97,0.06,-3.11,281.52,-267.80,2.87
nan,nan,nan,-9.09,-1.25,-3.67,323.96,-267.44,26.95
nan,nan,nan,-8.96,-1.55,-3.60,226.40,-323.48,-118.84
nan,nan,nan,-10.53,-1.39,-3.26,95.61,-303.41,-153.41
nan,nan,nan,-10.47,-0.16,-2.38,19.88,-136.52,-5.91
nan,nan,nan,-9.83,-0.18,-2.14,66.59,-47.50,67.38
nan,nan,nan,-9.40,-0.04,-2.37,54.33,5.73,138.96
nan,nan,nan,-9.23,-0.26,-2.76,42.87,-89.09,118.60
nan,nan,nan,-7.80,-0.31,-2.22,-11.89,-271.83,176.16
nan,nan,nan,-8.00,-0.58,-2.07,-17.93,-434.82,152.20
nan,nan,nan,-8.13,-1.24,-1.57,-110.43,-665.98,99.27
nan,nan,nan,-10.51,-1.09,-0.75,-193.48,-574.21,-6.83
nan,nan,nan,-10.13,-1.60,-0.09,-214.51,-377.44,-152.74
nan,nan,nan,-11.16,-2.23,-0.59,-348.29,-264.51,-215.49
nan,nan,nan,-9.39,-1.12,1.22,-311.83,-246.59,-330.67
nan,nan,nan,-10.54,-1.14,0.94,-164.21,89.02,-114.09
nan,nan,nan,-9.47,-2.98,0.31,-109.82,95.30,-118.84
nan,nan,nan,-10.48,-3.75,-1.22,-143.84,110.61,-238.41
nan,nan,nan,-10.09,-4.90,-1.97,-306.71,102.62,-220.30
nan,nan,nan,-11.45,-5.45,-2.40,-508.54,151.83,-162.56
nan,nan,nan,-11.10,-8.40,-2.96,-1002.87,371.65,-78.23
nan,nan,nan,-8.23,-6.80,-0.57,-1598.78,409.39,-200.06
nan,nan,nan,-9.39,-4.70,0.41,-1762.20,423.84,-306.77
nan,nan,nan,-7.90,-3.52,-0.05,-1768.90,401.04,-292.38
nan,nan,nan,-8.16,-0.17,-0.49,-1502.32,204.21,-267.13
nan,nan,nan,-9.96,1.81,-2.25,-891.59,83.84,-97.32
nan,nan,nan,-10.25,0.96,-3.94,-363.35,50.06,115.18
nan,nan,nan,-8.23,-1.14,-5.18,-132.93,21.65,105.55
nan,nan,nan,-7.57,-1.90,-5.67,-243.72,-153.48,199.21
nan,nan,nan,-8.96,-0.70,-4.72,-294.51,-308.05,72.32
nan,nan,nan,-9.22,-0.42,-4.23,-225.67,-281.34,18.48
nan,nan,nan,-8.23,0.06,-3.59,-194.45,-285.55,125.37
nan,nan,nan,-9.15,0.71,-3.20,-82.32,-361.89,151.10
nan,nan,nan,-9.28,1.48,-2.49,29.82,-366.40,235.67
nan,nan,nan,-9.88,0.96,-1.97,101.10,-371.89,198.35
nan,nan,nan,-9.88,0.58,-1.00,77.87,-348.96,141.52
nan,nan,nan,-9.70,0.39,-0.90,15.67,-276.04,119.88
nan,nan,nan,-10.74,0.38,-0.72,-23.78,-207.80,60.85
nan,nan,nan,-11.05,0.50,-0.59,-29.09,-130.55,41.46
nan,nan,nan,-10.96,0.98,-0.40,-0.37,-35.00,98.84
nan,nan,nan,-10.26,0.96,-1.14,59.70,63.90,139.45
nan,nan,nan,-9.37,1.14,-1.65,33.29,97.87,181.46
nan,nan,nan,-8.77,1.50,-1.67,13.23,61.95,80.73
nan,nan,nan,-8.73,1.64,-1.76,28.78,-3.90,-0.18
nan,nan,nan,-8.58,1.02,-2.14,52.44,-63.23,-64.21
nan,nan,nan,-8.88,0.69,-1.94,73.66,-157.87,-88.60
nan,nan,nan,-9.51,0.43,-1.41,109.76,-263.48,-68.23
nan,nan,nan,-10.67,-0.42,-1.31,103.84,-226.52,-59.51
nan,nan,nan,-10.38,-0.38,-0.92,13.96,-128.05,-83.48
nan,nan,nan,-10.37,-0.18,-0.73,-11.34,-77.26,-95.30
nan,nan,nan,-10.69,0.20,-0.47,14.45,-34.63,-29.27
nan,nan,nan,-10.44,0.27,-0.64,54.09,2.80,37.62
nan,nan,nan,-10.32,-0.16,-0.95,43.05,54.57,69.21
0.9096477639175591,0.8972563852883892,0.9061252372548001,-10.13,0.23,-1.08,8.90,99.15,54.15
nan,nan,nan,-9.76,0.09,-1.20,-10.91,127.80,-9.70
nan,nan,nan,-9.73,0.08,-1.15,-37.07,125.61,-44.70
nan,nan,nan,-9.87,-0.02,-1.40,-23.35,115.18,-25.30
nan,nan,nan,-9.73,-0.36,-1.59,17.44,50.12,42.56
nan,nan,nan,-9.70,-0.16,-1.81,19.02,-13.23,111.10
nan,nan,nan,-9.72,0.02,-1.77,4.33,-13.96,108.41
nan,nan,nan,-10.14,0.51,-1.52,-19.27,9.57,79.88
nan,nan,nan,-9.95,0.90,-1.35,-18.17,41.95,84.15
0.9028626322425103,0.9039223849892183,0.9130931522285234,-9.85,1.07,-1.38,2.01,72.01,70.67
nan,nan,nan,-9.48,1.24,-1.36,7.13,81.10,60.49
nan,nan,nan,-9.65,1.25,-1.38,20.91,88.11,36.04
nan,nan,nan,-9.76,0.91,-1.70,11.59,116.16,14.63
nan,nan,nan,-9.45,0.83,-1.77,-20.18,137.50,-0.73
nan,nan,nan,-9.80,0.77,-1.91,-52.26,146.22,-10.06
nan,nan,nan,-9.65,0.81,-1.84,-103.78,173.11,-17.93
nan,nan,nan,-9.84,0.69,-2.01,-96.89,180.24,-91.83
nan,nan,nan,-9.80,0.51,-2.21,-138.29,185.43,-78.78
nan,nan,nan,-9.66,1.11,-2.47,-121.22,196.71,-84.51
nan,nan,nan,-9.68,1.13,-2.50,-55.61,173.41,-53.23
nan,nan,nan,-9.08,0.80,-2.98,14.45,130.85,-5.24
nan,nan,nan,-8.83,0.26,-3.47,29.88,61.28,20.18
nan,nan,nan,-8.83,0.39,-3.31,9.63,-1.65,35.85
nan,nan,nan,-9.24,0.90,-3.10,22.50,-28.96,11.65
nan,nan,nan,-9.26,0.79,-2.99,56.40,-30.49,2.99
nan,nan,nan,-9.50,0.26,-3.19,63.72,-54.09,-32.56
nan,nan,nan,-9.69,0.04,-3.20,17.26,-61.04,-37.26
nan,nan,nan,-9.85,0.30,-2.88,-9.76,-32.56,-27.01
nan,nan,nan,-9.80,0.63,-2.64,-9.70,-13.29,24.70
nan,nan,nan,-9.61,0.53,-2.92,24.15,4.21,11.16
nan,nan,nan,-9.20,0.34,-3.06,23.60,-0.67,33.29
nan,nan,nan,-9.22,0.45,-2.82,6.22,-63.05,29.63
nan,nan,nan,-9.61,0.82,-2.63,6.77,-88.41,17.56
nan,nan,nan,-9.63,0.44,-2.48,6.34,-93.41,2.44
nan,nan,nan,-9.84,0.26,-2.48,-23.90,-74.76,-8.41
nan,nan,nan,-9.90,0.34,-2.38,-77.44,-55.43,-28.48
nan,nan,nan,-9.77,0.52,-2.25,-92.20,-10.61,-66.77
nan,nan,nan,-9.72,0.68,-2.14,-101.95,-6.52,-61.59
nan,nan,nan,-10.10,0.58,-2.17,-94.94,-4.21,-47.99
nan,nan,nan,-9.65,0.66,-2.33,-41.28,-3.23,-25.43
nan,nan,nan,-9.29,0.62,-2.41,10.98,-40.85,10.55
nan,nan,nan,-9.29,0.48,-2.37,28.23,-84.70,24.88
nan,nan,nan,-9.79,0.44,-2.13,26.77,-101.40,1.10
nan,nan,nan,-10.11,0.48,-1.90,18.54,-82.44,20.98
nan,nan,nan,-10.07,0.70,-1.61,31.04,-52.93,10.79
nan,nan,nan,-9.92,0.77,-1.49,59.39,-42.13,40.73
nan,nan,nan,-9.88,0.75,-1.66,76.46,-33.11,32.20
nan,nan,nan,-9.67,0.63,-1.83,60.55,-18.90,18.60
nan,nan,nan,-10.03,0.59,-1.81,49.09,7.87,-21.52
nan,nan,nan,-10.42,0.48,-1.90,15.91,52.26,6.83
nan,nan,nan,-10.70,0.49,-1.89,18.96,123.11,36.71
nan,nan,nan,-9.84,0.62,-2.11,8.35,161.10,60.30
nan,nan,nan,-9.24,0.92,-2.17,21.28,131.34,29.76
nan,nan,nan,-9.29,0.61,-2.54,18.23,117.93,-19.88
nan,nan,nan,-9.27,0.58,-2.57,4.09,100.79,-73.48
nan,nan,nan,-9.69,0.33,-2.63,-14.94,93.90,-70.79
nan,nan,nan,-9.57,0.26,-2.90,-9.82,94.82,-51.95
nan,nan,nan,-9.46,0.38,-2.87,-14.76,66.83,-11.71
nan,nan,nan,-9.33,0.50,-2.81,13.41,31.52,0.67
nan,nan,nan,-9.31,0.45,-2.67,24.27,-10.30,14.70
nan,nan,nan,-9.77,0.07,-2.92,6.16,-22.38,-4.57
nan,nan,nan,-9.81,0.23,-2.74,-36.40,24.70,-7.13
nan,nan,nan,-9.44,0.55,-2.71,-55.43,32.20,-25.18
nan,nan,nan,-9.44,0.76,-2.64,-31.89,15.91,-24.51
nan,nan,nan,-9.61,0.68,-2.76,-12.01,4.57,-18.66
nan,nan,nan,-9.69,0.53,-2.76,7.07,-10.98,-20.00
nan,nan,nan,-9.75,0.43,-2.74,16.46,-8.35,-9.70
nan,nan,nan,-9.56,0.09,-2.78,19.94,-10.00,7.62
nan,nan,nan,-10.02,0.12,-3.02,-27.56,16.40,0.79
nan,nan,nan,-9.44,0.39,-3.07,-12.44,11.89,3.54
nan,nan,nan,-8.75,0.28,-2.60,-31.16,-67.01,16.10
nan,nan,nan,-9.53,0.70,-2.32,-33.72,-92.99,-27.07
nan,nan,nan,-9.90,0.96,-2.12,45.49,-69.94,-64.39
nan,nan,nan,-10.25,-0.13,-2.71,63.60,-4.51,8.78
nan,nan,nan,-8.95,-0.01,-2.80,36.59,-39.09,12.68
nan,nan,nan,-9.28,0.36,-2.52,20.61,-102.68,-10.43
nan,nan,nan,-9.84,0.63,-2.25,30.18,-114.15,12.44
nan,nan,nan,-10.45,0.15,-2.61,33.96,-65.37,-4.39
nan,nan,nan,-9.82,0.23,-2.22,10.00,-7.20,24.21
nan,nan,nan,-9.77,0.12,-2.26,-32.74,-7.93,20.67
nan,nan,nan,-9.76,0.60,-2.20,-60.98,-15.85,25.37
nan,nan,nan,-9.55,0.96,-1.97,-44.21,-29.70,16.40
nan,nan,nan,-9.74,0.95,-2.01,2.07,-17.07,21.95
nan,nan,nan,-9.92,0.94,-2.05,33.29,0.24,23.78
nan,nan,nan,-9.62,1.23,-2.02,86.83,-27.99,27.07
nan,nan,nan,-9.79,0.63,-2.31,141.71,-62.44,31.40
nan,nan,nan,-9.71,-0.21,-2.51,97.07,-64.39,42.32
nan,nan,nan,-9.79,-0.03,-2.42,24.88,-28.35,0.61
nan,nan,nan,-9.89,0.49,-2.09,-15.91,-18.60,-20.43
nan,nan,nan,-9.86,0.42,-2.06,-14.27,-6.16,-25.79
nan,nan,nan,-9.87,0.36,-2.14,-33.23,27.32,-16.59
nan,nan,nan,-9.73,0.66,-1.93,-43.54,8.72,-20.79
nan,nan,nan,-9.75,0.96,-1.84,-6.34,-3.11,-0.79
nan,nan,nan,-9.78,0.64,-1.94,26.89,-13.35,14.82
nan,nan,nan,-9.83,0.24,-2.14,9.09,4.88,13.96
0.9285278991622238,0.903089867277246,0.8742045319640155,-9.80,0.25,-2.24,-33.23,41.77,-16.71
nan,nan,nan,-9.62,0.35,-2.18,-79.63,37.01,-26.83
nan,nan,nan,-9.77,0.49,-2.15,-96.65,38.41,-32.93
nan,nan,nan,-9.65,0.44,-2.11,-93.66,43.54,-35.00
nan,nan,nan,-9.54,0.84,-1.79,-72.32,17.68,-19.51
nan,nan,nan,-9.88,0.79,-2.02,-13.17,11.28,-18.72
nan,nan,nan,-9.61,0.56,-2.11,11.95,8.84,-10.67
nan,nan,nan,-9.64,0.33,-2.21,4.39,-23.29,-29.51
nan,nan,nan,-9.87,0.38,-2.07,-11.40,-16.95,-29.70
nan,nan,nan,-9.94,0.33,-1.89,-4.70,-12.20,-21.46
nan,nan,nan,-10.22,0.25,-1.82,3.60,1.65,-5.43
nan,nan,nan,-10.02,0.32,-1.89,3.60,28.84,30.24
nan,nan,nan,-9.91,0.13,-2.11,-8.05,53.23,46.65
nan,nan,nan,-9.97,0.29,-2.18,-33.90,75.43,40.85
nan,nan,nan,-9.53,1.02,-2.05,-16.22,83.66,13.90
nan,nan,nan,-9.30,0.51,-2.35,4.63,74.88,16.34
0.9185079996128355,0.8201888018681326,0.7041900106520957,-9.34,0.47,-2.34,21.16,45.67,-23.78
nan,nan,nan,-9.62,0.07,-2.57,-4.02,3.96,-38.66
nan,nan,nan,-10.03,-0.08,-2.46,-22.99,5.30,-16.34
nan,nan,nan,-10.15,0.11,-2.38,-62.26,52.13,53.41
nan,nan,nan,-10.06,0.60,-2.32,-58.41,79.82,68.90
nan,nan,nan,-9.25,0.81,-2.62,-59.51,98.23,65.55
nan,nan,nan,-9.08,0.77,-2.75,-37.32,42.56,25.61
nan,nan,nan,-8.95,0.70,-2.72,-47.62,-11.52,12.80
nan,nan,nan,-9.61,0.59,-2.70,-47.99,-38.90,-22.44
nan,nan,nan,-9.94,0.99,-2.39,-41.34,-20.18,-28.48
nan,nan,nan,-9.91,0.94,-2.27,-6.46,-20.55,-34.02
nan,nan,nan,-9.87,0.72,-2.39,28.48,-12.50,4.51
nan,nan,nan,-9.60,0.43,-2.47,27.93,1.34,19.09
nan,nan,nan,-9.76,0.66,-2.58,13.90,13.90,3.66
nan,nan,nan,-9.42,0.72,-2.48,10.49,-1.34,-3.17
nan,nan,nan,-9.39,1.06,-2.43,34.09,-22.32,-16.52
nan,nan,nan,-9.69,0.50,-2.63,49.51,-29.15,-40.67
0.8180318654468102,0.8093408658653652,0.7603636924652522,-9.62,0.15,-2.63,30.30,-21.65,-55.37
nan,nan,nan,-9.71,0.08,-2.53,-4.82,-13.11,-53.35
nan,nan,nan,-9.68,0.26,-2.35,-20.24,-34.88,-34.88
nan,nan,nan,-9.92,0.49,-2.35,-4.76,-23.54,-15.79
0.9224013973687292,0.8986605907369348,0.8942832370834009,-9.63,0.37,-2.37,-12.13,-17.93,4.63
nan,nan,nan,-9.81,0.38,-2.41,-19.21,-15.12,-18.66
nan,nan,nan,-9.79,0.47,-2.28,-37.56,-1.46,8.23
nan,nan,nan,-9.74,0.75,-2.19,-32.38,-13.84,-8.05
nan,nan,nan,-9.70,0.71,-2.13,-1.04,-3.66,16.10
nan,nan,nan,-9.73,0.55,-2.13,15.00,-5.49,19.82
nan,nan,nan,-9.86,0.74,-2.08,27.56,-2.74,32.68
nan,nan,nan,-10.19,0.99,-1.94,76.52,17.99,50.12
nan,nan,nan,-9.85,0.61,-2.09,102.87,44.02,73.17
nan,nan,nan,-9.49,0.18,-2.56,83.78,44.21,42.32
nan,nan,nan,-9.46,0.05,-2.81,-3.66,60.00,7.32
nan,nan,nan,-9.21,0.63,-2.45,-42.62,25.79,-40.55
nan,nan,nan,-9.56,0.78,-2.42,-26.59,0.61,-38.48
nan,nan,nan,-9.54,0.56,-2.48,-2.20,-9.33,-19.09
nan,nan,nan,-9.65,0.54,-2.53,6.34,-20.18,-11.89
nan,nan,nan,-9.83,0.27,-2.38,-12.20,-24.76,-4.88
nan,nan,nan,-9.75,0.59,-2.31,-24.82,-15.98,0.79
nan,nan,nan,-9.84,0.69,-2.32,-23.23,-15.43,13.41
nan,nan,nan,-9.59,0.66,-2.24,-6.34,-3.66,23.17
nan,nan,nan,-9.88,0.35,-2.54,-28.05,4.82,32.50
nan,nan,nan,-9.76,0.86,-2.31,-23.96,30.30,28.60
nan,nan,nan,-9.81,0.91,-2.23,-8.11,37.80,24.63
nan,nan,nan,-9.53,0.93,-2.15,12.01,40.00,1.59
nan,nan,nan,-9.65,0.86,-2.24,24.76,23.48,-1.40
nan,nan,nan,-9.34,0.62,-2.32,37.13,7.50,-4.94
nan,nan,nan,-9.63,0.56,-2.47,11.28,-20.30,-6.16
nan,nan,nan,-9.54,0.60,-2.45,8.29,-14.57,-29.39
nan,nan,nan,-9.57,0.72,-2.36,-4.02,-20.37,-27.50
nan,nan,nan,-9.75,0.76,-2.20,16.34,-35.98,-26.89
nan,nan,nan,-9.90,0.73,-2.29,54.15,-35.00,3.11
nan,nan,nan,-9.84,0.30,-2.43,51.22,-32.87,22.07
nan,nan,nan,-9.85,0.42,-2.36,17.68,-12.20,20.79
0.9160197145071983,0.8870673554332258,0.7682460002381359,-9.56,0.55,-2.23,-3.11,-7.56,-4.39
nan,nan,nan,-9.74,0.63,-2.12,-16.89,-21.04,-15.73
nan,nan,nan,-9.90,0.67,-2.19,-11.40,-7.38,-3.29
nan,nan,nan,-9.74,0.89,-2.07,9.88,7.01,1.71
nan,nan,nan,-9.79,1.04,-2.07,50.00,13.84,-14.21
nan,nan,nan,-9.79,0.47,-2.28,46.22,46.10,-17.74
nan,nan,nan,-9.67,0.20,-2.50,6.10,56.71,-29.51
nan,nan,nan,-9.45,0.49,-2.36,-30.06,58.90,-59.76
nan,nan,nan,-9.43,0.44,-2.41,-53.60,8.84,-57.32
0.9105031427497998,0.8803594549596211,0.7347486018898323,-9.54,0.62,-2.18,-27.26,-9.88,-35.67
nan,nan,nan,-10.04,0.29,-2.40,-30.06,-2.32,-38.60
nan,nan,nan,-9.77,0.50,-2.23,-33.96,21.28,-50.12
nan,nan,nan,-9.72,0.56,-2.33,-4.21,15.55,-34.88
nan,nan,nan,-9.62,0.17,-2.56,-6.95,3.66,-13.23
nan,nan,nan,-9.59,0.26,-2.42,-10.91,-11.52,-0.49
nan,nan,nan,-9.59,0.47,-2.36,-12.13,-18.72,-10.24
nan,nan,nan,-9.51,0.35,-2.40,9.39,-26.83,-10.67
nan,nan,nan,-9.54,0.22,-2.48,1.71,-21.77,-24.51
nan,nan,nan,-9.63,0.29,-2.30,-1.95,-43.60,-45.79
nan,nan,nan,-9.93,0.11,-2.28,-9.45,-29.63,-23.60
nan,nan,nan,-9.92,0.18,-2.22,-12.32,-14.76,-17.50
nan,nan,nan,-9.90,0.13,-2.27,-19.33,-5.55,12.44
nan,nan,nan,-9.85,0.22,-2.34,-22.44,5.98,19.27
nan,nan,nan,-9.63,0.41,-2.19,-15.61,7.99,33.11
nan,nan,nan,-9.62,0.42,-2.21,-7.62,12.50,48.11
nan,nan,nan,-9.41,0.46,-2.12,-0.85,-15.06,26.16
nan,nan,nan,-9.77,0.40,-2.22,-0.49,-40.37,11.83
nan,nan,nan,-9.75,0.45,-1.92,-8.78,-51.52,15.43
nan,nan,nan,-10.05,0.66,-1.83,15.55,-50.30,-13.72
nan,nan,nan,-9.92,0.54,-1.76,49.21,-22.01,5.85
nan,nan,nan,-9.61,0.25,-1.94,48.66,12.93,2.56
nan,nan,nan,-9.84,0.11,-2.26,12.99,40.49,-29.76
nan,nan,nan,-9.70,0.42,-2.15,-0.18,33.60,-36.89
nan,nan,nan,-9.88,0.07,-2.23,1.89,13.84,-11.77
nan,nan,nan,-9.69,0.17,-2.20,5.43,13.72,-8.60
0.9193716942014344,0.9086271848827135,0.8912765659478492,-9.74,0.14,-2.26,3.78,4.94,1.52
nan,nan,nan,-9.65,0.31,-2.16,2.56,-0.18,8.60
nan,nan,nan,-9.80,0.28,-2.27,7.01,-1.22,11.71
nan,nan,nan,-9.63,0.37,-2.23,6.10,-2.80,14.02
nan,nan,nan,-9.81,0.28,-2.14,0.61,-2.44,-3.17
nan,nan,nan,-9.62,0.29,-2.22,-12.68,5.61,-12.62
nan,nan,nan,-9.85,0.23,-2.09,-10.79,-28.41,-37.87
nan,nan,nan,-9.85,0.16,-2.15,-16.77,-18.96,-20.55
nan,nan,nan,-9.76,0.16,-2.16,-7.99,-14.88,-22.74
nan,nan,nan,-9.71,0.25,-2.03,-18.05,-13.66,1.77
nan,nan,nan,-9.71,0.48,-2.08,-25.49,14.51,-10.24
nan,nan,nan,-9.57,0.50,-1.95,-1.46,-15.00,-4.39
nan,nan,nan,-9.71,0.17,-2.02,21.83,-32.80,29.88
0.9118335827478298,0.8954638222945541,0.957061928696559,-9.80,0.39,-2.01,15.37,-25.98,12.62
nan,nan,nan,-10.03,0.17,-1.87,-7.13,-20.98,23.48
nan,nan,nan,-9.86,0.38,-1.84,-7.93,-7.93,23.29
nan,nan,nan,-9.80,0.37,-1.92,-13.54,-2.26,6.28
nan,nan,nan,-9.82,0.28,-1.81,-16.40,-5.91,4.45
nan,nan,nan,-9.97,0.32,-1.82,-7.38,-7.44,23.54
nan,nan,nan,-9.94,0.32,-1.91,-12.74,20.98,35.73
nan,nan,nan,-9.71,0.33,-1.88,-29.39,19.88,22.74
nan,nan,nan,-9.83,0.51,-1.87,-17.44,3.84,37.87
nan,nan,nan,-9.71,0.72,-1.85,-3.96,14.51,52.07
nan,nan,nan,-9.83,0.67,-1.91,12.50,3.96,36.10
nan,nan,nan,-9.83,0.62,-1.89,22.74,-0.06,36.40
nan,nan,nan,-9.82,0.57,-1.97,23.66,6.22,18.54
nan,nan,nan,-9.52,0.57,-2.09,4.82,17.07,-18.66
nan,nan,nan,-9.45,0.65,-1.88,-10.37,-8.17,-50.85
nan,nan,nan,-10.06,0.61,-1.83,5.67,-6.10,-22.87
nan,nan,nan,-10.04,0.63,-1.84,18.23,15.67,-7.50
nan,nan,nan,-9.92,0.68,-1.68,27.68,28.60,-6.65
nan,nan,nan,-9.83,0.42,-2.03,22.20,59.45,-0.85
nan,nan,nan,-9.67,0.35,-2.08,-6.59,80.49,-7.93
nan,nan,nan,-9.38,0.33,-2.19,-36.10,54.63,-23.78
nan,nan,nan,-9.54,0.51,-2.22,-46.04,28.17,-56.52
nan,nan,nan,-9.96,0.37,-2.31,-52.80,23.72,-62.74
nan,nan,nan,-9.71,0.35,-2.14,-52.32,16.40,-30.79
nan,nan,nan,-9.79,0.51,-2.08,-41.52,-13.17,9.57
nan,nan,nan,-9.62,0.68,-2.03,-9.27,-22.56,42.01
nan,nan,nan,-9.58,0.58,-2.17,6.04,-7.99,16.77
nan,nan,nan,-9.48,0.58,-2.10,-5.73,1.59,-32.44
nan,nan,nan,-9.80,0.60,-2.10,16.16,-5.98,-64.57
nan,nan,nan,-9.85,0.17,-2.11,23.72,-4.82,-40.12
nan,nan,nan,-9.99,0.12,-2.27,40.79,2.62,-18.96
nan,nan,nan,-9.89,0.03,-2.23,37.93,5.98,-2.87
nan,nan,nan,-9.66,0.11,-2.21,29.57,-3.41,22.20
nan,nan,nan,-9.61,0.23,-2.25,13.96,-5.91,11.71
nan,nan,nan,-9.55,0.28,-2.18,4.33,-15.24,-2.68
nan,nan,nan,-9.72,0.18,-2.09,16.40,-21.59,1.95
nan,nan,nan,-9.90,0.01,-2.27,-1.04,-11.83,0.18
nan,nan,nan,-9.85,0.10,-2.12,-34.82,-6.52,3.23
nan,nan,nan,-9.89,0.36,-2.05,-39.51,4.15,-6.46
nan,nan,nan,-9.69,0.37,-1.92,-26.83,10.12,1.65
nan,nan,nan,-9.71,0.50,-1.98,-16.89,1.22,2.68
nan,nan,nan,-9.81,0.55,-1.97,17.74,9.57,3.23
nan,nan,nan,-9.79,0.01,-2.23,14.70,7.32,4.76
nan,nan,nan,-9.80,-0.07,-2.18,-22.07,-3.60,2.99
nan,nan,nan,-9.95,0.25,-2.01,-58.84,-0.73,5.85
nan,nan,nan,-9.91,0.52,-1.90,-43.17,19.45,2.99
nan,nan,nan,-9.80,0.50,-1.99,-22.80,43.05,9.94
nan,nan,nan,-9.70,0.43,-2.08,-19.88,48.78,19.70
nan,nan,nan,-9.56,0.66,-2.15,8.60,49.82,13.29
nan,nan,nan,-9.24,0.26,-2.20,20.98,-4.63,-2.44
nan,nan,nan,-9.75,0.16,-2.30,-2.62,-40.73,7.26
nan,nan,nan,-9.91,0.57,-2.04,-0.73,-26.04,-8.66
nan,nan,nan,-9.84,0.37,-2.16,4.02,-10.49,2.56
nan,nan,nan,-9.79,0.45,-2.01,14.33,-10.79,10.55
nan,nan,nan,-9.84,0.25,-2.13,20.55,0.06,15.24
nan,nan,nan,-9.68,0.23,-2.08,1.10,0.12,26.52
nan,nan,nan,-9.83,0.51,-1.99,0.91,-7.56,13.60
nan,nan,nan,-10.01,0.33,-2.09,-5.73,0.00,14.33
nan,nan,nan,-9.71,0.37,-2.05,-18.11,13.90,9.82
nan,nan,nan,-9.57,0.58,-2.09,-26.46,10.06,5.24
nan,nan,nan,-9.66,0.71,-2.10,-11.52,-13.54,-6.04
nan,nan,nan,-9.65,0.44,-2.19,-10.67,-11.22,7.87
nan,nan,nan,-9.69,0.48,-2.04,-24.51,-29.45,-4.51
nan,nan,nan,-10.03,0.49,-1.94,-32.56,-23.90,-21.28
nan,nan,nan,-9.71,0.56,-1.91,-21.22,-5.98,3.84
nan,nan,nan,-9.71,0.59,-1.90,-31.04,-11.04,-5.67
nan,nan,nan,-10.04,0.69,-1.95,-24.63,-3.96,-19.82
nan,nan,nan,-9.77,0.44,-1.92,-21.04,17.62,-5.18
nan,nan,nan,-9.78,0.30,-2.00,-25.55,18.78,17.50
nan,nan,nan,-9.66,0.68,-1.90,-22.07,13.96,5.18
nan,nan,nan,-9.61,0.66,-1.93,-0.06,-4.39,2.62
nan,nan,nan,-9.79,0.36,-1.97,4.57,-6.22,7.93
nan,nan,nan,-9.75,0.44,-1.99,-8.35,-1.59,-5.55
nan,nan,nan,-9.77,0.26,-2.05,-30.73,-3.84,-3.05
nan,nan,nan,-9.72,0.53,-1.88,-30.67,-0.67,-6.28
nan,nan,nan,-9.88,0.39,-2.00,-47.32,6.04,-0.18
nan,nan,nan,-9.79,0.88,-1.78,-29.27,1.28,-2.56
nan,nan,nan,-9.87,0.80,-1.83,-3.11,3.29,0.55
nan,nan,nan,-9.75,0.91,-1.71,20.61,22.38,2.93
nan,nan,nan,-9.60,0.47,-2.01,21.22,27.32,-16.71
nan,nan,nan,-9.72,0.34,-2.20,-1.40,19.21,-20.49
nan,nan,nan,-9.65,0.44,-2.09,-13.60,3.96,-6.65
nan,nan,nan,-9.64,0.56,-1.97,-15.12,-12.74,-8.66
nan,nan,nan,-9.79,0.63,-1.95,-12.93,-7.93,-12.87
nan,nan,nan,-9.94,0.72,-1.95,20.24,10.37,-9.94
nan,nan,nan,-9.84,0.38,-1.89,30.43,16.59,3.72
nan,nan,nan,-9.74,0.35,-2.09,24.21,1.16,0.73
nan,nan,nan,-9.84,0.29,-2.09,7.87,6.40,3.29
nan,nan,nan,-9.63,0.50,-1.99,2.68,5.73,5.49
nan,nan,nan,-9.66,0.52,-2.03,8.84,-8.78,-12.07
nan,nan,nan,-9.62,0.39,-2.00,12.68,-20.73,-8.05
nan,nan,nan,-9.64,0.43,-1.95,3.48,-23.29,-12.44
nan,nan,nan,-10.07,0.24,-1.94,-3.41,-9.51,-6.59
nan,nan,nan,-9.86,0.33,-1.91,-21.22,21.77,6.95
nan,nan,nan,-9.65,0.51,-1.96,-28.35,24.21,-14.76
nan,nan,nan,-9.71,0.61,-1.97,-19.33,21.77,-25.55
nan,nan,nan,-9.69,0.63,-1.86,12.56,9.94,-45.18
nan,nan,nan,-9.70,0.46,-1.93,40.49,-9.88,-36.40
nan,nan,nan,-9.97,0.08,-1.94,50.61,-7.68,-19.27
nan,nan,nan,-10.13,0.05,-2.11,25.73,21.28,0.18
nan,nan,nan,-9.83,0.42,-1.97,29.76,39.88,-5.67
nan,nan,nan,-9.70,-0.04,-2.24,23.35,34.51,-19.63
nan,nan,nan,-9.64,-0.14,-2.25,4.57,19.57,-22.32
nan,nan,nan,-10.02,0.06,-2.17,-4.45,8.84,0.24
nan,nan,nan,-9.83,0.12,-2.03,-5.18,5.18,20.00
nan,nan,nan,-9.91,0.26,-2.02,9.57,7.68,45.43
nan,nan,nan,-9.76,0.39,-1.99,17.32,7.07,58.11
nan,nan,nan,-9.84,0.42,-1.94,28.48,8.29,50.91
nan,nan,nan,-9.59,0.54,-1.82,42.32,11.34,57.01
nan,nan,nan,-9.85,0.47,-1.99,60.91,18.11,45.37
nan,nan,nan,-9.91,0.23,-2.30,44.63,23.90,56.77
nan,nan,nan,-9.50,0.57,-2.07,37.68,10.24,44.63
nan,nan,nan,-9.70,0.32,-2.28,9.88,-11.89,26.34
nan,nan,nan,-9.60,0.40,-2.23,-39.70,13.60,13.96
nan,nan,nan,-9.57,0.54,-2.09,-77.87,8.29,-18.84
nan,nan,nan,-9.76,0.31,-2.24,-98.23,1.89,-31.28
nan,nan,nan,-9.91,0.21,-2.26,-140.12,10.55,-14.76
nan,nan,nan,-9.64,1.10,-1.78,-136.65,2.01,4.02
nan,nan,nan,-9.94,1.19,-1.86,-65.98,-15.79,20.85
nan,nan,nan,-9.51,0.64,-2.19,-37.01,-38.23,50.79
nan,nan,nan,-9.59,0.56,-2.04,-61.16,-64.82,56.16
nan,nan,nan,-10.06,1.03,-1.78,-91.10,-69.63,91.83
nan,nan,nan,-9.80,1.49,-1.48,-40.06,-1.65,-3.29
nan,nan,nan,-9.32,0.79,-1.41,-74.33,-36.95,-50.61
nan,nan,nan,-10.82,1.37,-1.41,-42.68,12.38,-65.91
nan,nan,nan,-9.80,1.00,-1.55,15.37,77.50,-7.38
nan,nan,nan,-9.84,0.62,-1.93,35.18,18.48,-8.41
nan,nan,nan,-9.80,0.30,-2.30,-22.68,85.18,17.87
nan,nan,nan,-9.24,0.92,-2.08,-50.79,88.11,-27.56
nan,nan,nan,-9.90,0.98,-2.17,-18.78,36.22,-22.20
nan,nan,nan,-9.24,0.84,-2.33,12.93,54.02,-0.24
nan,nan,nan,-8.82,0.12,-2.57,-48.90,18.35,11.52
nan,nan,nan,-9.41,0.73,-2.46,-77.80,-11.89,-57.50
nan,nan,nan,-10.09,0.19,-2.24,-101.46,-22.13,-113.78
nan,nan,nan,-11.04,-0.20,-2.25,-152.99,85.49,-164.82
nan,nan,nan,-10.95,-0.21,-2.31,-188.54,166.77,-51.40
nan,nan,nan,-9.67,1.11,-2.24,-62.13,207.62,99.88
nan,nan,nan,-8.95,1.08,-2.38,42.50,144.94,118.35
nan,nan,nan,-8.80,0.43,-2.71,113.29,50.18,48.90
nan,nan,nan,-9.06,0.11,-2.68,54.39,-35.18,141.46
nan,nan,nan,-9.70,1.44,-2.27,54.02,-60.73,152.56
nan,nan,nan,-9.62,1.39,-2.28,95.43,-56.40,124.21
nan,nan,nan,-9.68,0.25,-2.94,44.02,-50.18,85.43
nan,nan,nan,-9.95,0.45,-2.67,-89.39,-3.96,0.18
nan,nan,nan,-10.33,1.46,-2.19,-136.89,26.16,-32.38
nan,nan,nan,-9.04,1.55,-2.14,-100.12,37.93,-24.76
0.8951785453719827,0.9374587507181539,0.7911292824437898,-8.14,1.01,-2.31,-41.04,-71.77,-24.09
nan,nan,nan,-9.69,0.69,-2.52,-25.00,-121.65,-18.66
nan,nan,nan,-10.13,0.83,-2.15,-9.33,-118.60,-25.79
nan,nan,nan,-10.60,0.83,-2.42,-4.51,-63.35,-27.80
nan,nan,nan,-10.28,1.09,-2.23,-7.68,35.55,25.91
nan,nan,nan,-9.35,0.80,-2.50,5.43,46.95,8.72
nan,nan,nan,-9.54,0.73,-3.13,-24.33,86.52,43.78
nan,nan,nan,-8.43,1.06,-2.87,-30.06,-6.59,73.29
nan,nan,nan,-8.81,1.92,-2.71,0.06,-105.49,129.88
nan,nan,nan,-9.27,2.08,-2.06,65.43,-178.48,81.89
0.7234573040931572,0.8970564672835281,0.99,-9.93,1.54,-2.00,60.18,-152.44,18.17
nan,nan,nan,-10.42,1.67,-1.40,44.02,-121.46,-47.07
nan,nan,nan,-10.14,1.62,-1.53,116.52,-57.07,-4.27
nan,nan,nan,-9.24,0.86,-1.44,132.01,-160.43,83.66
nan,nan,nan,-9.96,1.78,-0.95,116.89,-215.67,162.20
nan,nan,nan,-10.35,2.02,-1.12,141.83,-71.65,106.65
nan,nan,nan,-9.57,1.95,-1.01,151.10,-68.48,49.70
nan,nan,nan,-9.98,1.76,-0.88,177.26,-65.61,-26.83
nan,nan,nan,-10.21,0.79,-1.50,149.70,-21.10,-34.45
nan,nan,nan,-9.22,0.04,-1.66,40.61,28.48,-26.28
nan,nan,nan,-9.51,0.81,-1.53,-33.84,12.93,-18.54
nan,nan,nan,-9.47,1.24,-1.34,-32.07,19.88,-30.49
nan,nan,nan,-9.47,1.16,-1.43,-47.20,-36.77,-49.51
nan,nan,nan,-10.26,1.38,-1.36,-90.79,-34.39,-46.52
nan,nan,nan,-9.43,1.90,-0.74,-41.59,4.09,-52.74
nan,nan,nan,-9.32,0.92,-1.29,-23.78,12.99,-59.21
nan,nan,nan,-9.09,0.97,-0.88,-60.18,7.32,-143.78
nan,nan,nan,-10.78,1.03,-1.26,-76.52,47.80,-155.49
nan,nan,nan,-10.16,1.17,-1.01,-51.34,60.30,-158.78
nan,nan,nan,-10.48,0.71,-1.47,-17.50,88.60,-130.85
nan,nan,nan,-9.91,0.84,-1.55,2.50,36.71,-64.27
nan,nan,nan,-9.99,0.56,-1.70,20.12,24.15,-22.99
nan,nan,nan,-9.89,0.25,-1.77,-7.44,49.33,15.98
nan,nan,nan,-9.73,0.70,-1.53,-34.70,25.18,19.76
nan,nan,nan,-9.92,0.90,-1.81,-25.73,20.73,15.06
nan,nan,nan,-9.70,1.06,-1.68,-38.96,31.65,45.30
nan,nan,nan,-10.14,1.43,-1.67,-23.54,2.68,55.67
nan,nan,nan,-9.34,1.12,-1.58,-18.54,10.91,9.15
nan,nan,nan,-9.26,0.40,-1.53,-30.67,35.55,-59.02
0.9345271242135867,0.8377441923870307,0.7031857967376709,-9.55,0.37,-1.50,-68.41,27.74,-79.57
nan,nan,nan,-9.57,0.62,-1.00,-5.24,3.11,-89.51
nan,nan,nan,-9.71,0.42,-1.37,58.17,2.07,-21.22
nan,nan,nan,-9.59,0.01,-1.72,64.21,-9.39,10.49
nan,nan,nan,-9.43,0.37,-1.55,58.66,-38.78,58.60
nan,nan,nan,-9.38,1.09,-1.40,136.59,-100.85,107.44
nan,nan,nan,-10.11,-0.04,-2.19,80.12,-104.88,35.49
nan,nan,nan,-10.34,0.15,-1.87,-97.44,-11.71,-29.94
nan,nan,nan,-10.26,1.10,-1.33,-136.22,36.34,-72.93
nan,nan,nan,-9.82,1.37,-1.10,-68.54,29.39,-27.56
0.932797147660875,0.843406550356978,0.7841043361346786,-9.39,1.02,-1.18,3.11,6.04,11.77
nan,nan,nan,-9.26,0.61,-1.38,7.62,-1.28,15.79
nan,nan,nan,-10.06,0.43,-1.54,-26.34,-8.84,-16.34
nan,nan,nan,-10.04,0.91,-1.13,-41.22,-6.65,-16.83
nan,nan,nan,-9.96,1.25,-1.21,21.28,20.24,-13.05
nan,nan,nan,-9.77,0.87,-1.44,111.22,-7.99,-21.52
nan,nan,nan,-9.34,-0.14,-1.70,61.65,-33.60,76.34
nan,nan,nan,-9.35,0.80,-1.44,38.48,-48.78,70.85
nan,nan,nan,-9.59,0.97,-1.39,23.96,-29.57,29.02
nan,nan,nan,-9.93,0.94,-1.28,10.98,-34.02,-32.20
nan,nan,nan,-9.96,0.72,-1.12,16.52,-38.11,-65.18
nan,nan,nan,-9.84,0.21,-1.29,5.43,-16.16,-39.57
nan,nan,nan,-9.72,0.21,-1.23,-27.68,-18.66,-18.29
nan,nan,nan,-9.95,0.69,-0.92,-30.37,-25.00,25.43
nan,nan,nan,-10.17,0.72,-0.99,4.02,-45.18,43.11
nan,nan,nan,-10.23,0.77,-0.92,-6.04,-26.40,74.57
nan,nan,nan,-10.28,1.14,-0.99,-35.12,13.72,50.91
nan,nan,nan,-9.87,1.26,-0.95,-34.82,66.71,10.79
nan,nan,nan,-9.57,1.28,-1.08,3.84,77.50,7.62
nan,nan,nan,-9.31,0.82,-1.47,17.07,59.57,10.12
nan,nan,nan,-9.37,0.85,-1.37,-6.28,9.63,5.67
nan,nan,nan,-9.70,1.13,-1.17,-5.37,-21.10,-7.99
nan,nan,nan,-9.93,1.26,-1.07,27.99,-20.43,-9.15
nan,nan,nan,-10.07,1.00,-1.11,45.55,-0.67,-11.22
nan,nan,nan,-9.93,0.81,-1.23,31.34,37.56,-29.02
nan,nan,nan,-9.71,0.61,-1.26,15.98,36.04,-26.59
nan,nan,nan,-9.92,0.59,-1.37,-4.82,32.07,-7.99
nan,nan,nan,-9.73,0.82,-1.26,-24.94,30.00,-6.28
nan,nan,nan,-9.91,1.13,-1.15,-2.87,15.18,-25.91
nan,nan,nan,-9.78,1.00,-1.14,30.30,36.71,-19.63
nan,nan,nan,-9.65,0.76,-1.36,46.40,17.38,-12.44
nan,nan,nan,-9.88,0.63,-1.48,45.30,10.61,12.56
nan,nan,nan,-9.99,0.58,-1.26,40.18,-1.16,14.70
nan,nan,nan,-10.08,1.00,-1.23,52.87,87.44,44.88
nan,nan,nan,-9.57,0.48,-1.73,60.30,55.37,-11.71
nan,nan,nan,-9.53,0.63,-1.50,43.60,16.65,-60.98
nan,nan,nan,-10.28,0.65,-1.90,21.59,84.45,-66.95
0.8934173978074291,0.925899197841831,0.7054774292992606,-9.37,0.17,-1.48,12.99,57.93,-50.30
0.8980194552850215,0.9227856030743338,0.8335667756081281,-9.74,0.63,-1.62,8.41,43.23,22.32
nan,nan,nan,-9.04,0.56,-1.76,10.18,-51.40,-49.27
nan,nan,nan,-9.74,1.14,-1.50,34.88,-96.52,6.95
nan,nan,nan,-9.44,0.71,-1.01,105.85,-114.70,-6.71
nan,nan,nan,-10.84,0.81,-1.36,105.67,-81.89,23.90
nan,nan,nan,-10.60,0.25,-1.49,111.10,3.84,-16.83
nan,nan,nan,-9.68,0.10,-2.06,53.60,81.77,-33.23
nan,nan,nan,-8.35,-0.42,-1.68,-9.88,-9.39,-72.50
nan,nan,nan,-10.90,0.32,-1.77,-12.44,-12.44,-14.27
nan,nan,nan,-10.54,0.11,-1.71,3.17,25.06,61.22
nan,nan,nan,-10.16,-0.16,-2.06,-80.61,103.29,53.72
0.8683219413823796,0.8854668179268692,0.99,-8.64,0.22,-1.36,-142.32,-7.93,-86.40
nan,nan,nan,-10.92,1.22,-1.21,-104.15,62.74,8.48
nan,nan,nan,-9.70,-0.07,-1.75,-79.70,90.24,29.39
nan,nan,nan,-10.71,0.76,-1.82,-100.00,63.48,32.87
nan,nan,nan,-9.18,-0.07,-1.93,-114.76,81.34,-23.66
nan,nan,nan,-9.53,1.19,-1.18,-137.87,4.57,1.34
nan,nan,nan,-10.23,1.13,-1.35,-29.21,30.67,51.16
nan,nan,nan,-9.63,1.02,-1.77,6.95,52.38,116.40
nan,nan,nan,-8.46,0.77,-1.54,-0.67,-0.67,8.17
nan,nan,nan,-10.17,1.20,-1.42,-27.50,-82.07,-12.80
nan,nan,nan,-9.94,1.41,-1.01,84.15,-35.67,-20.37
nan,nan,nan,-10.48,0.69,-1.87,108.60,-6.34,14.15
0.8051645316163328,0.915566631957575,0.99,-9.43,-0.36,-1.92,44.09,-49.21,-43.29
nan,nan,nan,-9.57,0.87,-1.32,-36.28,-105.55,-12.13
nan,nan,nan,-10.00,1.39,-1.11,54.76,-60.85,37.62
nan,nan,nan,-10.04,0.75,-2.12,63.90,-45.91,7.93
nan,nan,nan,-10.36,-0.34,-2.24,-63.05,10.30,-94.33
nan,nan,nan,-10.02,0.44,-1.62,-116.04,44.45,-132.50
nan,nan,nan,-9.97,-0.27,-1.42,-55.43,-109.27,65.43
nan,nan,nan,-10.45,0.35,-1.10,15.30,-6.77,207.38
nan,nan,nan,-9.81,0.32,-1.46,-28.48,56.28,135.06
nan,nan,nan,-9.15,0.92,-1.15,-89.33,29.76,76.95
nan,nan,nan,-10.32,2.63,-0.85,-66.65,-49.70,114.51
nan,nan,nan,-9.42,1.13,-1.45,35.55,116.16,54.45
nan,nan,nan,-9.47,1.31,-1.55,-64.70,16.77,-0.79
nan,nan,nan,-9.92,1.66,-1.29,-18.78,26.95,-91.22
nan,nan,nan,-9.54,0.92,-1.23,4.33,-34.27,-61.40
nan,nan,nan,-10.31,1.23,-1.56,33.29,-7.01,-15.73
nan,nan,nan,-9.16,0.92,-1.24,56.34,-55.91,-15.61
nan,nan,nan,-9.90,0.92,-1.52,21.22,-48.41,-45.85
nan,nan,nan,-9.71,0.68,-1.15,-11.65,-54.57,-88.54
nan,nan,nan,-10.33,1.32,-1.08,12.32,10.24,-72.87
nan,nan,nan,-9.50,0.52,-1.08,38.11,11.95,-83.90
nan,nan,nan,-10.24,0.70,-1.49,36.89,32.26,-57.26
nan,nan,nan,-9.69,0.18,-1.63,6.52,49.33,-98.29
nan,nan,nan,-10.02,0.40,-1.66,-50.18,58.84,-158.35
nan,nan,nan,-9.73,0.50,-1.48,-38.48,49.63,-202.32
nan,nan,nan,-10.29,0.72,-1.17,26.10,42.20,-171.34
nan,nan,nan,-10.06,0.14,-1.70,35.00,112.80,-164.70
nan,nan,nan,-9.18,-0.55,-1.94,23.05,132.93,-175.61
nan,nan,nan,-9.16,-0.72,-2.02,-48.78,74.88,-126.95
0.8893957176922669,0.9412071770322783,0.7923853012813087,-9.82,-0.45,-1.77,-42.99,7.20,-110.85
nan,nan,nan,-10.02,-0.53,-1.62,-37.87,33.84,-69.45
nan,nan,nan,-10.34,-0.60,-1.73,-21.46,25.85,-15.37
0.8430073584430732,0.9039186230199361,0.8978686490459853,-10.19,0.00,-1.69,29.39,39.76,74.02
nan,nan,nan,-9.95,0.20,-1.53,109.15,11.34,156.89
nan,nan,nan,-9.69,0.26,-1.47,194.27,-15.85,153.90
nan,nan,nan,-9.75,-0.13,-1.54,183.48,7.93,137.38
nan,nan,nan,-9.52,-0.57,-2.22,103.05,90.43,73.05
nan,nan,nan,-9.05,-0.47,-2.30,7.13,58.72,8.90
nan,nan,nan,-9.33,-0.49,-2.26,-49.70,-8.90,-66.10
nan,nan,nan,-9.88,-0.34,-1.92,-77.62,-45.55,-108.72
nan,nan,nan,-10.51,-0.12,-1.56,-53.78,-17.99,-65.00
nan,nan,nan,-10.05,-0.18,-1.86,-18.90,42.80,-14.51
nan,nan,nan,-10.03,-0.85,-2.35,-49.02,63.29,26.77
nan,nan,nan,-9.69,-0.49,-2.11,-120.67,64.51,24.15
nan,nan,nan,-9.63,0.23,-1.87,-120.43,57.13,17.62
nan,nan,nan,-9.54,0.48,-1.86,-52.99,45.00,18.66
nan,nan,nan,-9.82,-0.14,-2.13,-36.34,9.94,8.84
nan,nan,nan,-10.01,0.26,-2.08,-31.83,47.07,20.91
0.5049247645094348,0.9183114403109657,0.7528944734311566,-9.62,0.48,-2.14,4.21,43.41,28.84
nan,nan,nan,-9.46,0.56,-2.29,61.10,-12.80,31.52
nan,nan,nan,-9.31,0.37,-2.45,120.98,-54.09,37.01
nan,nan,nan,-9.26,-0.11,-2.56,109.33,-103.48,64.63
nan,nan,nan,-9.06,-0.31,-2.27,71.71,-144.02,56.16
nan,nan,nan,-10.01,-0.32,-2.21,-5.79,-117.74,10.61
nan,nan,nan,-9.93,0.24,-1.68,-61.10,-75.30,-44.51
nan,nan,nan,-10.01,0.46,-1.46,-23.66,-57.50,-82.26
nan,nan,nan,-9.99,0.05,-1.47,25.30,-60.79,-38.11
nan,nan,nan,-10.01,-0.63,-1.86,3.96,-57.50,-15.85
0.9104904683228406,0.9378626857679916,0.99,-9.97,-0.62,-1.65,-72.38,-56.65,-14.70
nan,nan,nan,-9.93,0.06,-1.06,-82.44,-58.17,-10.55
nan,nan,nan,-10.29,0.23,-1.02,-45.67,-35.43,25.18
nan,nan,nan,-10.25,0.14,-1.20,-29.51,4.82,21.95
nan,nan,nan,-10.10,-0.01,-1.35,-47.20,28.23,2.56
nan,nan,nan,-9.92,0.26,-1.30,-48.84,35.43,-0.18
nan,nan,nan,-10.58,0.28,-1.49,-31.28,97.56,42.62
nan,nan,nan,-9.78,0.35,-1.47,-22.32,104.82,174.39
nan,nan,nan,-9.28,0.26,-1.51,25.91,63.60,120.12
nan,nan,nan,-9.42,0.34,-1.65,19.27,18.96,12.44
nan,nan,nan,-9.54,0.51,-1.66,1.04,-6.04,-34.70
nan,nan,nan,-10.03,0.38,-1.63,16.04,3.35,-30.30
nan,nan,nan,-10.01,0.21,-1.65,22.44,11.34,-47.07
nan,nan,nan,-10.17,-0.39,-1.72,-7.93,56.10,-121.04
nan,nan,nan,-10.52,-0.10,-1.45,-88.29,93.35,-49.15
nan,nan,nan,-10.21,0.16,-1.66,-39.45,130.43,4.27
nan,nan,nan,-9.53,0.29,-1.94,-6.95,94.70,29.51
nan,nan,nan,-9.60,0.00,-2.34,3.35,62.50,18.84
nan,nan,nan,-9.60,0.08,-2.36,-4.15,78.23,12.38
nan,nan,nan,-9.59,-0.36,-2.43,-35.61,80.12,2.80
nan,nan,nan,-9.56,-0.15,-2.46,-87.80,97.50,14.63
nan,nan,nan,-9.50,0.58,-2.15,-96.71,78.90,27.74
nan,nan,nan,-9.61,0.77,-2.23,-48.96,61.10,44.39
nan,nan,nan,-9.36,0.41,-2.61,-24.45,37.74,20.85
nan,nan,nan,-9.40,0.40,-2.64,-25.12,14.02,-8.60
nan,nan,nan,-9.69,0.35,-2.65,-17.13,-5.24,-19.76
nan,nan,nan,-9.88,0.48,-2.34,1.10,-7.62,4.27
nan,nan,nan,-9.87,0.36,-2.35,23.72,-0.12,31.83
nan,nan,nan,-9.84,0.36,-2.47,22.32,16.52,53.23
nan,nan,nan,-9.58,0.49,-2.46,28.78,21.83,40.30
nan,nan,nan,-9.51,-0.06,-2.73,-4.27,10.67,28.72
nan,nan,nan,-9.37,0.27,-2.58,-52.26,-2.99,9.76
nan,nan,nan,-9.95,0.67,-2.39,-61.22,16.77,-13.84
nan,nan,nan,-8.99,0.98,-2.23,-8.17,-1.95,17.44
nan,nan,nan,-9.87,0.33,-2.71,22.07,-43.11,14.21
nan,nan,nan,-9.45,0.11,-2.61,-21.95,-53.90,-8.72
nan,nan,nan,-10.02,0.33,-2.45,-62.26,-30.49,-17.38
nan,nan,nan,-9.56,0.95,-1.94,-28.41,-32.93,-19.88
nan,nan,nan,-10.04,0.56,-2.20,10.61,-29.82,-2.20
nan,nan,nan,-9.79,0.25,-2.31,6.65,-27.26,14.94
nan,nan,nan,-9.72,0.24,-2.29,0.61,-14.88,10.24
nan,nan,nan,-9.77,0.58,-2.15,-3.23,-32.32,33.05
nan,nan,nan,-9.92,0.70,-1.95,21.04,-21.04,35.91
nan,nan,nan,-9.91,0.33,-2.24,10.98,2.13,17.44
nan,nan,nan,-9.60,0.15,-2.29,-20.06,-11.40,7.13
nan,nan,nan,-9.81,0.49,-2.29,-38.72,-12.38,33.66
nan,nan,nan,-9.35,0.92,-2.10,-23.84,-9.02,25.24
nan,nan,nan,-9.48,1.19,-2.08,1.28,-34.88,-4.27
nan,nan,nan,-9.25,0.96,-1.93,31.04,-58.23,-18.78
nan,nan,nan,-9.72,0.83,-1.85,45.67,-64.39,-36.28
nan,nan,nan,-9.77,0.82,-1.80,72.99,-78.17,-47.80
nan,nan,nan,-9.59,0.50,-1.80,104.94,-99.70,-28.54
nan,nan,nan,-9.84,-0.34,-1.87,91.59,-117.56,-35.91
nan,nan,nan,-9.44,-0.45,-1.86,21.34,-113.54,12.13
nan,nan,nan,-9.78,0.25,-1.34,-4.45,-160.43,6.52
nan,nan,nan,-10.28,0.62,-1.10,3.11,-147.80,1.16
nan,nan,nan,-10.17,0.62,-0.72,25.30,-135.49,4.88
nan,nan,nan,-10.58,0.74,-0.53,74.82,-72.26,35.30
nan,nan,nan,-10.18,0.59,-0.68,99.94,28.48,65.67
nan,nan,nan,-10.42,0.38,-0.89,91.04,34.15,31.04
nan,nan,nan,-10.46,0.58,-1.09,66.46,116.04,41.52
nan,nan,nan,-9.82,0.66,-1.34,52.13,118.48,4.09
nan,nan,nan,-9.57,0.47,-1.49,44.57,119.09,-9.51
nan,nan,nan,-9.70,0.37,-1.90,20.43,116.46,-3.54
nan,nan,nan,-9.99,0.66,-1.97,6.71,138.72,15.67
nan,nan,nan,-9.45,0.74,-2.16,15.18,137.50,10.06
nan,nan,nan,-9.45,0.63,-2.43,10.30,100.98,16.28
nan,nan,nan,-9.36,0.49,-2.41,-16.28,65.12,0.18
nan,nan,nan,-9.43,0.60,-2.31,-43.41,38.48,-20.18
nan,nan,nan,-9.63,0.93,-2.16,-52.62,55.18,-71.65
nan,nan,nan,-9.61,0.65,-2.15,-59.02,63.96,-80.55
nan,nan,nan,-9.67,0.45,-2.23,-71.77,69.45,-40.30
nan,nan,nan,-9.73,0.46,-2.20,-74.82,36.40,-49.33
nan,nan,nan,-9.59,0.69,-2.14,-45.30,32.50,-49.27
nan,nan,nan,-9.54,0.71,-2.01,5.37,-4.88,-63.17
nan,nan,nan,-10.09,-0.05,-2.33,-11.16,11.04,-28.54
nan,nan,nan,-9.83,0.29,-2.14,-33.72,31.34,-39.63
nan,nan,nan,-9.88,0.37,-2.11,-19.21,16.16,-21.04
nan,nan,nan,-9.88,0.68,-1.96,16.10,16.89,6.28
nan,nan,nan,-9.92,0.35,-2.08,61.52,24.21,9.70
nan,nan,nan,-10.13,0.12,-2.16,59.94,60.12,40.30
nan,nan,nan,-9.71,0.49,-2.21,64.88,46.28,33.54
nan,nan,nan,-9.79,0.40,-2.26,108.84,37.99,43.90
nan,nan,nan,-9.54,0.07,-2.43,123.96,16.16,32.38
nan,nan,nan,-9.84,-0.30,-2.67,59.76,16.89,46.95
nan,nan,nan,-9.70,-0.02,-2.66,4.51,60.37,9.27
nan,nan,nan,-9.32,0.55,-2.25,-7.01,18.90,-8.90
nan,nan,nan,-9.50,0.32,-2.62,26.77,2.32,-6.59
nan,nan,nan,-9.42,0.12,-2.72,9.70,-29.45,12.68
nan,nan,nan,-9.56,0.21,-2.66,-13.29,-55.24,-6.71
nan,nan,nan,-9.50,0.39,-2.35,-13.41,-71.10,-9.63
0.8061920573313547,0.9127343016584315,0.8014534399384964,-9.74,0.28,-2.31,-11.16,-102.13,-16.34
nan,nan,nan,-10.16,0.45,-2.04,-0.49,-69.63,1.89
nan,nan,nan,-9.89,0.40,-1.92,3.72,-54.88,12.93
nan,nan,nan,-10.05,0.60,-1.90,9.57,-27.80,34.39
nan,nan,nan,-9.73,0.46,-2.04,10.91,-15.55,20.43
nan,nan,nan,-9.86,0.59,-2.07,4.94,-10.85,4.51
nan,nan,nan,-9.79,0.42,-2.04,10.43,-5.18,0.73
nan,nan,nan,-9.75,0.29,-2.20,-2.20,-1.77,10.30
nan,nan,nan,-9.55,0.41,-2.07,-4.51,-18.23,10.79
0.9228136940357746,0.8904133415476146,0.8618246490067295,-9.78,0.40,-2.06,-2.32,-26.04,9.88
nan,nan,nan,-9.47,0.59,-1.94,-1.77,-29.76,23.05
nan,nan,nan,-9.47,0.53,-2.04,-1.04,-74.33,-18.96
nan,nan,nan,-10.10,0.50,-1.77,-5.98,-44.45,-6.65
nan,nan,nan,-10.04,0.52,-1.68,7.01,-27.87,-8.11
nan,nan,nan,-9.87,0.34,-1.83,2.01,-1.34,-15.18
nan,nan,nan,-9.86,0.39,-1.75,-13.90,11.83,-9.94
nan,nan,nan,-9.95,0.57,-1.80,-1.65,8.48,2.87
nan,nan,nan,-9.93,0.62,-1.80,21.52,12.50,7.32
nan,nan,nan,-9.66,0.46,-1.78,37.07,14.15,15.12
nan,nan,nan,-9.74,0.35,-1.91,38.72,0.91,20.61
nan,nan,nan,-9.58,0.34,-1.87,17.07,-4.70,18.54
nan,nan,nan,-9.74,0.55,-1.79,11.59,-19.82,-8.23
nan,nan,nan,-9.91,0.47,-1.94,19.27,-4.02,7.38
nan,nan,nan,-9.78,0.46,-1.81,15.12,8.54,4.94
nan,nan,nan,-9.85,0.43,-1.94,12.56,22.26,2.99
nan,nan,nan,-9.88,0.50,-1.82,12.50,30.30,-12.99
nan,nan,nan,-9.81,0.35,-1.99,11.83,28.29,1.71
nan,nan,nan,-9.81,0.60,-1.98,-3.17,55.06,7.44
nan,nan,nan,-9.68,0.52,-2.02,-15.24,44.33,-3.96
nan,nan,nan,-9.71,0.77,-2.02,4.45,29.15,-5.67
nan,nan,nan,-9.38,0.50,-2.11,18.35,5.73,10.49
nan,nan,nan,-9.46,0.50,-2.11,16.59,-12.26,6.28
nan,nan,nan,-9.76,0.44,-2.10,1.95,-11.52,1.95
nan,nan,nan,-9.75,0.63,-1.96,4.88,-15.06,6.34
nan,nan,nan,-9.73,0.58,-1.96,9.15,-9.70,-1.77
nan,nan,nan,-9.66,0.44,-1.99,4.39,-18.48,-21.10
nan,nan,nan,-9.75,0.42,-1.84,-6.34,-24.15,-13.35
nan,nan,nan,-9.98,0.43,-1.80,-4.45,-18.60,-0.55
nan,nan,nan,-9.93,0.43,-1.93,-4.63,1.16,21.22
nan,nan,nan,-9.83,0.41,-1.95,-3.96,0.43,6.59
nan,nan,nan,-9.79,0.47,-1.91,-5.55,2.56,3.48
nan,nan,nan,-9.76,0.38,-2.01,-27.07,13.23,-3.90
nan,nan,nan,-9.79,0.45,-1.88,-48.41,14.63,-25.67
nan,nan,nan,-9.62,0.73,-1.82,-47.80,12.50,-26.28
nan,nan,nan,-9.77,0.60,-1.91,-13.48,-2.93,-19.94
nan,nan,nan,-9.74,0.30,-1.93,-21.22,-4.21,-4.27
nan,nan,nan,-9.79,0.44,-1.92,-25.49,-7.13,-22.68
nan,nan,nan,-9.76,0.47,-1.76,-24.88,-5.06,-1.40
nan,nan,nan,-9.76,0.62,-1.76,-7.56,-17.38,-4.21
nan,nan,nan,-9.83,0.44,-1.79,-6.77,-22.74,-5.12
0.8921793004598685,0.8937311605944634,0.9261476376814862,-9.87,0.46,-1.65,-0.37,-7.68,8.54
nan,nan,nan,-9.78,0.44,-1.80,4.51,-4.27,13.29
nan,nan,nan,-9.89,0.55,-1.75,6.71,3.90,7.38
nan,nan,nan,-9.76,0.44,-1.77,8.66,1.59,2.32
nan,nan,nan,-9.83,0.43,-1.74,5.85,0.67,5.67
nan,nan,nan,-9.83,0.46,-1.86,4.21,10.79,4.82
nan,nan,nan,-9.73,0.55,-1.86,3.84,11.89,-10.06
nan,nan,nan,-9.79,0.47,-1.86,4.94,-1.59,-6.52
nan,nan,nan,-9.81,0.35,-1.89,1.65,-5.49,7.50
nan,nan,nan,-9.82,0.40,-1.87,-4.94,10.12,10.67
nan,nan,nan,-9.83,0.57,-1.77,-13.96,17.38,9.09
nan,nan,nan,-9.88,0.58,-1.85,-15.73,21.28,-3.72
nan,nan,nan,-9.78,0.58,-1.87,-11.04,18.05,-8.84
nan,nan,nan,-9.71,0.51,-1.85,-6.83,10.85,0.24
0.9292565186270746,0.8732441466127256,0.7130722999572754,-9.84,0.51,-1.87,-0.49,9.57,5.18
nan,nan,nan,-9.70,0.44,-1.88,-2.32,8.90,13.35
nan,nan,nan,-9.70,0.51,-1.86,-2.68,-4.82,0.12
nan,nan,nan,-9.82,0.39,-1.93,-6.52,-1.34,-11.59
nan,nan,nan,-9.73,0.49,-1.90,-18.90,-4.76,-11.46
nan,nan,nan,-9.68,0.52,-1.89,-15.91,0.00,-15.49
nan,nan,nan,-9.55,0.53,-1.91,-20.43,-16.89,-44.33
0.9077353472010509,0.8810311789999352,0.8453622509578191,-9.79,0.49,-1.83,-23.48,-25.98,-57.99
nan,nan,nan,-10.18,0.38,-1.82,-10.91,-17.44,-20.79
nan,nan,nan,-9.92,0.26,-1.75,3.54,5.24,12.44
nan,nan,nan,-9.71,0.33,-1.76,3.72,2.93,11.95
nan,nan,nan,-9.79,0.42,-1.82,5.24,1.22,6.83
nan,nan,nan,-9.81,0.46,-1.87,3.84,1.77,7.68
nan,nan,nan,-9.68,0.35,-1.84,-4.88,-0.30,7.62
nan,nan,nan,-9.80,0.47,-1.74,-6.95,-1.10,-0.18
nan,nan,nan,-9.73,0.51,-1.78,-2.13,-2.56,12.38
nan,nan,nan,-9.90,0.39,-1.73,-5.00,6.77,5.55
nan,nan,nan,-9.66,0.49,-1.70,-2.62,6.71,0.12
nan,nan,nan,-9.88,0.59,-1.72,5.67,1.65,-0.73
nan,nan,nan,-9.80,0.46,-1.68,14.94,3.48,0.79
nan,nan,nan,-9.80,0.23,-1.82,6.65,0.00,3.60
nan,nan,nan,-9.67,0.38,-1.69,-5.18,-4.82,15.12
nan,nan,nan,-9.82,0.56,-1.69,1.71,-10.73,18.29
nan,nan,nan,-9.83,0.63,-1.75,9.88,2.07,22.56
nan,nan,nan,-9.99,0.55,-1.83,8.29,13.66,23.78
nan,nan,nan,-9.76,0.57,-1.66,11.04,15.49,16.83
nan,nan,nan,-9.84,0.44,-1.87,4.15,18.90,13.90
nan,nan,nan,-9.58,0.56,-1.80,-6.10,12.38,23.90
nan,nan,nan,-9.68,0.72,-1.80,0.55,0.49,6.83
nan,nan,nan,-9.72,0.68,-1.75,12.99,-13.66,7.26
nan,nan,nan,-9.86,0.53,-1.78,19.82,-14.76,12.50
nan,nan,nan,-9.92,0.52,-1.73,8.78,1.52,9.82
nan,nan,nan,-9.78,0.56,-1.79,0.18,17.50,7.87
nan,nan,nan,-9.74,0.71,-1.72,3.78,5.12,-0.06
0.9004172095104795,0.8943085935187239,0.8088008392900061,-9.92,0.56,-1.73,7.93,1.40,9.27
nan,nan,nan,-9.75,0.40,-1.91,-17.20,16.52,25.18
nan,nan,nan,-9.80,0.49,-2.01,-54.57,24.09,24.21
nan,nan,nan,-9.73,1.00,-1.72,-49.39,31.65,3.60
nan,nan,nan,-9.76,0.73,-1.86,-30.43,15.91,-1.28
nan,nan,nan,-9.66,0.79,-1.84,-29.39,11.22,-17.68
nan,nan,nan,-9.64,0.52,-1.90,-34.82,-0.30,-37.80
nan,nan,nan,-9.84,0.69,-1.67,-22.13,-15.43,-13.35
nan,nan,nan,-9.89,0.68,-1.65,1.83,-8.11,7.26
nan,nan,nan,-9.75,0.63,-1.73,12.13,-4.15,13.11
nan,nan,nan,-9.79,0.63,-1.78,2.38,-8.23,-9.51
nan,nan,nan,-9.81,0.80,-1.65,23.11,-11.59,-22.62
nan,nan,nan,-9.81,0.47,-1.81,34.27,-5.06,-19.63
nan,nan,nan,-9.81,0.46,-1.81,24.82,-8.96,-3.17
nan,nan,nan,-9.72,0.57,-1.78,10.55,-3.23,13.29
nan,nan,nan,-9.76,0.65,-1.64,2.56,-13.29,18.11
nan,nan,nan,-9.80,0.72,-1.69,1.71,-5.55,12.26
nan,nan,nan,-9.85,0.71,-1.66,8.54,11.95,4.94
nan,nan,nan,-9.78,0.73,-1.76,9.02,14.94,-4.45
nan,nan,nan,-9.80,0.63,-1.77,11.04,14.51,-7.20
nan,nan,nan,-9.73,0.67,-1.81,4.15,2.87,-4.21
nan,nan,nan,-9.86,0.61,-1.74,9.57,-0.85,-2.38
nan,nan,nan,-9.84,0.57,-1.72,0.30,4.94,12.38
nan,nan,nan,-9.84,0.64,-1.80,2.74,11.77,10.30
nan,nan,nan,-9.85,0.66,-1.85,5.43,16.46,3.23
nan,nan,nan,-9.76,0.55,-1.91,3.54,14.70,3.78
nan,nan,nan,-9.75,0.55,-1.85,-11.52,19.63,6.46
nan,nan,nan,-9.67,0.57,-1.86,-21.89,11.04,6.52
nan,nan,nan,-9.83,0.76,-1.80,-20.37,2.07,0.06
nan,nan,nan,-9.75,0.63,-1.72,-12.26,0.24,-6.46
nan,nan,nan,-9.79,0.66,-1.70,-11.59,2.26,1.28
nan,nan,nan,-9.79,0.71,-1.74,-7.74,4.76,6.28
nan,nan,nan,-9.80,0.80,-1.75,8.84,0.00,12.93
nan,nan,nan,-9.76,0.70,-1.80,16.65,10.85,8.96
nan,nan,nan,-9.81,0.59,-1.89,2.13,-2.20,13.23
nan,nan,nan,-9.74,0.69,-1.74,-2.20,-2.62,16.04
nan,nan,nan,-9.70,0.99,-1.68,6.10,-2.13,17.44
nan,nan,nan,-9.80,0.88,-1.73,25.06,13.41,-5.91
nan,nan,nan,-9.53,0.63,-1.77,32.32,2.13,-40.91
nan,nan,nan,-9.76,0.48,-1.95,14.02,-5.30,-48.05
nan,nan,nan,-10.02,0.30,-1.97,-10.18,1.28,-38.29
nan,nan,nan,-9.67,0.56,-1.95,-23.23,2.07,-20.67
nan,nan,nan,-9.55,0.87,-1.66,7.07,-35.30,14.09
nan,nan,nan,-9.48,0.79,-1.75,45.43,-70.37,38.23
nan,nan,nan,-9.77,0.57,-1.74,45.73,-92.26,22.32
nan,nan,nan,-10.20,0.60,-1.56,23.05,-65.85,12.44
nan,nan,nan,-10.19,0.83,-1.42,17.07,-11.46,-13.29
nan,nan,nan,-9.89,0.83,-1.27,33.84,13.60,-33.48
nan,nan,nan,-9.80,0.65,-1.46,40.55,37.32,-44.21
nan,nan,nan,-9.68,0.39,-1.58,23.60,34.45,-67.20
nan,nan,nan,-9.80,0.41,-1.71,8.90,18.48,-45.98
nan,nan,nan,-9.88,0.42,-1.75,17.93,15.12,-20.67
nan,nan,nan,-9.87,0.26,-1.96,6.95,22.44,-1.04
nan,nan,nan,-9.71,0.33,-1.72,-10.91,13.35,-3.90
nan,nan,nan,-9.76,0.52,-1.72,-12.99,12.38,3.29
nan,nan,nan,-9.89,0.61,-1.66,4.02,1.16,19.45
nan,nan,nan,-9.98,0.62,-1.74,16.89,15.79,31.59
nan,nan,nan,-9.57,0.66,-1.74,33.41,6.34,29.15
nan,nan,nan,-9.66,0.42,-1.88,27.80,-3.66,11.77
nan,nan,nan,-9.68,0.42,-1.90,7.80,-6.95,-8.72
nan,nan,nan,-9.91,0.45,-1.61,-2.80,-3.84,-12.13
nan,nan,nan,-9.89,0.50,-1.73,3.29,8.23,5.73
nan,nan,nan,-9.80,0.50,-1.69,5.85,5.43,15.85
nan,nan,nan,-9.84,0.51,-1.71,1.22,-3.96,25.24
nan,nan,nan,-9.78,0.65,-1.72,-2.62,-5.00,21.89
nan,nan,nan,-9.79,0.74,-1.60,0.67,-12.87,8.78
nan,nan,nan,-9.89,0.71,-1.63,13.48,-10.37,8.66
nan,nan,nan,-9.83,0.53,-1.60,10.55,1.40,13.54
nan,nan,nan,-9.82,0.46,-1.61,-3.05,4.51,4.33
nan,nan,nan,-9.88,0.51,-1.62,-18.78,-1.16,-3.23
nan,nan,nan,-10.01,0.59,-1.65,-23.54,5.67,-6.40
nan,nan,nan,-9.88,0.67,-1.55,-21.46,20.18,14.45
nan,nan,nan,-9.71,0.65,-1.59,-13.78,21.40,13.84
nan,nan,nan,-9.70,0.71,-1.63,-18.96,17.32,10.73
nan,nan,nan,-9.69,0.91,-1.63,-9.70,0.73,12.26
nan,nan,nan,-9.73,0.88,-1.59,10.79,-2.20,15.85
nan,nan,nan,-9.92,0.76,-1.64,18.41,2.74,13.41
nan,nan,nan,-9.92,0.80,-1.71,18.11,15.30,9.70
nan,nan,nan,-9.85,0.57,-1.75,8.90,26.77,8.90
nan,nan,nan,-9.63,0.64,-1.80,-3.90,26.22,12.68
nan,nan,nan,-9.52,0.75,-1.83,-4.27,12.68,8.35
nan,nan,nan,-9.65,0.75,-1.81,-3.78,-0.67,4.76
nan,nan,nan,-9.81,0.74,-1.71,-5.49,-4.39,-0.06
nan,nan,nan,-9.68,0.81,-1.66,-6.46,0.30,3.72
nan,nan,nan,-9.74,0.76,-1.72,-3.35,-9.33,-1.28
nan,nan,nan,-9.82,0.69,-1.68,-0.79,1.40,-0.67
nan,nan,nan,-9.85,0.75,-1.76,-11.52,3.60,-1.40
nan,nan,nan,-9.73,0.82,-1.66,-14.51,9.09,-5.61
nan,nan,nan,-9.72,0.85,-1.75,-11.65,11.95,-13.17
nan,nan,nan,-9.73,0.67,-1.76,-11.34,5.67,-23.35
nan,nan,nan,-9.67,0.67,-1.83,-20.98,-0.24,-18.05
nan,nan,nan,-9.69,0.60,-1.79,-25.00,-4.21,-12.07
nan,nan,nan,-9.69,0.81,-1.79,-27.13,-9.70,-18.35
nan,nan,nan,-9.63,0.80,-1.65,-13.17,-24.45,-18.72
nan,nan,nan,-9.94,0.59,-1.73,-11.71,-20.49,-17.26
nan,nan,nan,-9.75,0.63,-1.70,-18.72,-18.41,-28.11
nan,nan,nan,-10.01,0.69,-1.56,-12.26,-7.74,-27.38
nan,nan,nan,-10.03,0.56,-1.56,-18.72,19.63,-1.34
nan,nan,nan,-10.04,0.54,-1.49,-23.78,35.00,9.76
nan,nan,nan,-9.58,0.56,-1.62,-13.11,26.16,-6.34
nan,nan,nan,-9.53,0.47,-1.82,-19.09,9.63,-8.54
nan,nan,nan,-9.60,0.75,-1.61,-16.04,-18.48,-13.84
nan,nan,nan,-9.97,0.60,-1.60,-8.96,-26.34,-21.16
nan,nan,nan,-9.92,0.63,-1.42,-7.56,-13.29,-10.43
nan,nan,nan,-10.20,0.64,-1.54,4.82,13.05,8.35
nan,nan,nan,-9.87,0.59,-1.59,8.96,41.89,18.96
nan,nan,nan,-9.80,0.51,-1.75,5.61,35.12,3.23
nan,nan,nan,-9.77,0.54,-1.79,-3.35,24.51,4.76
nan,nan,nan,-9.74,0.58,-1.80,-9.76,19.57,12.56
nan,nan,nan,-9.64,0.71,-1.69,-7.68,4.02,15.00
nan,nan,nan,-9.79,0.71,-1.75,-3.96,1.10,19.09
nan,nan,nan,-9.74,0.77,-1.74,3.60,2.01,11.71
nan,nan,nan,-9.76,0.68,-1.73,0.67,-2.38,2.68
nan,nan,nan,-9.83,0.76,-1.60,-6.28,2.07,-3.35
nan,nan,nan,-9.87,0.80,-1.70,1.16,9.70,-8.29
nan,nan,nan,-9.79,0.70,-1.65,9.39,20.98,-1.77
nan,nan,nan,-9.80,0.69,-1.71,7.93,13.35,12.99
nan,nan,nan,-9.75,0.61,-1.74,8.60,4.15,11.89
nan,nan,nan,-9.84,0.71,-1.70,0.67,7.62,21.28
nan,nan,nan,-9.87,0.71,-1.85,-2.44,24.15,13.05
nan,nan,nan,-9.59,0.67,-1.84,-12.13,20.98,-5.85
nan,nan,nan,-9.78,0.70,-1.82,-18.05,9.76,-9.09
nan,nan,nan,-9.84,0.72,-1.76,-29.09,19.27,-8.41
nan,nan,nan,-9.74,0.81,-1.78,-25.00,25.18,-22.32
nan,nan,nan,-9.69,0.76,-1.83,-12.20,16.10,-11.95
nan,nan,nan,-9.75,0.68,-1.99,-3.29,20.98,-3.17
nan,nan,nan,-9.80,0.65,-1.90,-9.15,24.27,-20.55
nan,nan,nan,-9.58,0.73,-1.84,-16.65,-0.73,-19.88
nan,nan,nan,-9.85,0.73,-1.74,-2.56,-11.89,-3.11
nan,nan,nan,-9.81,0.62,-1.88,3.23,-3.41,-0.12
nan,nan,nan,-9.66,0.59,-1.74,-9.02,1.83,-14.57
nan,nan,nan,-9.67,0.77,-1.85,-2.20,-19.70,-40.85
nan,nan,nan,-9.89,0.94,-1.65,23.48,-15.85,-17.32
nan,nan,nan,-9.93,0.66,-1.68,47.44,-13.66,-1.89
nan,nan,nan,-9.76,0.72,-1.60,52.26,1.65,-22.56
nan,nan,nan,-9.80,0.54,-1.66,51.65,6.40,-38.72
nan,nan,nan,-9.99,0.28,-1.69,29.21,24.15,-40.91
nan,nan,nan,-10.09,0.57,-1.56,23.66,42.68,-42.07
nan,nan,nan,-9.95,0.71,-1.61,39.70,61.52,-36.28
nan,nan,nan,-9.80,0.42,-1.70,57.26,69.33,-18.66
nan,nan,nan,-9.76,0.16,-2.02,47.62,62.01,-2.44
nan,nan,nan,-9.97,0.07,-2.02,26.77,61.65,24.63
0.7964197485492185,0.8951010495902757,0.7354126049280882,-9.77,0.24,-2.01,5.67,61.89,46.46
nan,nan,nan,-9.87,0.36,-2.21,-7.74,58.78,49.39
nan,nan,nan,-9.62,0.71,-2.06,3.41,66.10,46.46
nan,nan,nan,-9.60,0.75,-2.31,21.28,61.46,24.15
nan,nan,nan,-9.40,0.49,-2.44,20.24,41.40,17.26
nan,nan,nan,-9.50,0.52,-2.48,6.59,21.95,8.78
nan,nan,nan,-9.53,0.51,-2.50,-8.23,9.94,-3.72
nan,nan,nan,-9.66,0.50,-2.45,-19.57,8.23,3.11
nan,nan,nan,-9.65,0.67,-2.31,-19.51,4.27,0.30
nan,nan,nan,-9.74,0.59,-2.28,-17.74,2.74,6.10
nan,nan,nan,-9.75,0.53,-2.37,-18.17,6.52,10.55
nan,nan,nan,-9.63,0.56,-2.44,-35.55,15.91,5.61
nan,nan,nan,-9.60,0.84,-2.26,-31.46,0.79,-10.67
nan,nan,nan,-9.64,0.91,-2.21,-6.04,-12.56,-4.21
nan,nan,nan,-9.59,0.78,-2.26,11.71,-21.04,-3.48
nan,nan,nan,-9.67,0.69,-2.25,29.51,-39.15,-2.80
nan,nan,nan,-9.78,0.67,-2.18,35.67,-46.71,13.11
nan,nan,nan,-9.47,0.55,-2.24,37.87,-44.63,7.01
nan,nan,nan,-9.82,0.56,-2.24,11.22,-32.87,-23.96
nan,nan,nan,-9.84,0.59,-1.98,-7.32,-18.41,-40.73
nan,nan,nan,-9.89,0.64,-1.83,-1.40,-10.30,-35.12
nan,nan,nan,-9.88,0.60,-1.94,17.13,-0.98,0.85
nan,nan,nan,-9.77,0.42,-2.09,24.76,0.06,13.48
nan,nan,nan,-9.80,0.34,-2.26,2.07,3.78,7.13
nan,nan,nan,-9.67,0.35,-2.31,-22.44,4.57,-21.10
nan,nan,nan,-9.58,0.42,-2.09,-45.49,0.06,-31.10
nan,nan,nan,-9.77,0.69,-2.02,-30.61,-16.89,-19.09
nan,nan,nan,-9.84,0.60,-2.05,-8.54,-1.71,-2.56
nan,nan,nan,-9.54,0.35,-2.03,-11.28,-6.95,-8.48
0.8000849444258203,0.9362035593789845,0.7809807062149048,-9.78,0.43,-2.07,-31.65,-3.72,-12.56
nan,nan,nan,-9.73,0.53,-2.02,-31.89,-4.76,-29.70
0.9288923229488631,0.8735992927157256,0.9369009413023363,-9.80,0.66,-1.97,-11.10,-6.28,-26.65
nan,nan,nan,-9.86,0.43,-2.05,11.65,-7.56,-19.57
nan,nan,nan,-9.81,0.07,-2.09,-7.93,-0.30,-12.32
nan,nan,nan,-9.92,0.23,-2.04,-33.84,6.52,-14.27
nan,nan,nan,-9.83,0.54,-2.03,-34.57,12.44,-2.80
nan,nan,nan,-9.71,0.55,-2.09,-21.71,5.85,6.77
nan,nan,nan,-9.60,0.61,-1.93,-7.87,-11.40,8.60
nan,nan,nan,-9.71,0.43,-2.05,-5.98,-19.21,0.24
nan,nan,nan,-9.66,0.49,-1.98,-16.04,-19.63,-8.84
nan,nan,nan,-9.84,0.54,-1.87,-10.61,-13.90,-17.20
nan,nan,nan,-9.85,0.50,-1.78,-3.54,1.46,-17.80
nan,nan,nan,-9.80,0.37,-1.88,2.01,-2.44,-16.46
nan,nan,nan,-9.73,0.31,-1.89,-4.09,-1.89,-4.21
nan,nan,nan,-9.59,0.32,-1.87,-7.07,-24.94,-7.38
nan,nan,nan,-9.75,0.47,-1.82,-1.95,-42.13,-2.74
nan,nan,nan,-10.03,0.56,-1.70,15.18,-30.79,-6.95
nan,nan,nan,-10.18,0.44,-1.72,20.37,0.12,4.27
nan,nan,nan,-9.86,0.53,-1.86,23.90,28.72,-4.02
nan,nan,nan,-9.62,0.27,-1.97,9.39,20.43,-11.40
nan,nan,nan,-9.63,0.35,-2.02,0.73,3.35,-14.88
nan,nan,nan,-9.75,0.37,-2.01,9.15,-6.77,-8.60
0.9126152574460092,0.8824441368632306,0.8375985867352916,-9.87,0.30,-1.90,12.44,-10.55,6.16
nan,nan,nan,-9.92,0.36,-1.82,11.10,-7.44,24.39
nan,nan,nan,-9.98,0.47,-1.86,26.95,11.77,35.24
nan,nan,nan,-9.73,0.44,-1.95,27.56,23.90,28.84
nan,nan,nan,-9.62,0.52,-1.97,21.04,10.43,14.57
nan,nan,nan,-9.73,0.31,-2.00,16.04,0.43,11.59
nan,nan,nan,-9.71,0.41,-1.93,11.65,2.50,10.55
nan,nan,nan,-9.75,0.42,-1.88,12.07,-2.01,-1.46
nan,nan,nan,-9.67,0.27,-1.94,8.48,-9.70,-1.28
nan,nan,nan,-9.84,0.33,-1.89,0.61,-2.80,7.20
nan,nan,nan,-9.83,0.41,-1.89,-9.82,1.65,9.76
nan,nan,nan,-9.89,0.59,-1.87,-5.43,6.10,4.33
nan,nan,nan,-9.70,0.50,-1.84,13.29,-3.17,4.21
nan,nan,nan,-9.85,0.29,-1.89,2.87,-12.99,16.46
nan,nan,nan,-9.78,0.37,-1.88,-5.18,-9.51,18.84
nan,nan,nan,-9.77,0.53,-1.84,-10.30,-4.33,19.76
nan,nan,nan,-9.76,0.61,-1.79,-0.67,-7.62,20.12
nan,nan,nan,-9.76,0.58,-1.70,3.84,-9.70,25.43
nan,nan,nan,-9.82,0.42,-1.78,-2.44,-7.99,18.35
nan,nan,nan,-9.92,0.38,-1.77,-23.84,9.09,33.35
nan,nan,nan,-9.69,0.61,-1.62,-29.27,7.38,32.07
nan,nan,nan,-9.86,0.79,-1.74,-24.82,7.99,31.59
nan,nan,nan,-9.75,0.89,-1.60,-17.99,14.39,28.54
nan,nan,nan,-9.80,1.08,-1.73,0.37,14.57,24.70
nan,nan,nan,-9.66,0.93,-1.76,17.44,16.59,16.16
nan,nan,nan,-9.62,0.81,-1.87,19.70,9.70,15.24
nan,nan,nan,-9.58,0.65,-1.89,14.94,-0.79,5.43
nan,nan,nan,-9.71,0.75,-1.87,3.17,-12.80,0.55
nan,nan,nan,-9.92,0.69,-1.80,-1.77,0.98,-1.95
nan,nan,nan,-9.73,0.66,-1.80,-12.26,11.52,9.02
nan,nan,nan,-9.71,0.75,-1.83,-22.01,7.44,10.91
nan,nan,nan,-9.76,0.93,-1.73,-19.63,4.09,20.06
nan,nan,nan,-9.71,0.98,-1.72,-7.32,10.55,13.23
nan,nan,nan,-9.64,0.92,-1.83,-0.98,4.02,-13.41
nan,nan,nan,-9.79,0.94,-1.87,0.49,2.20,-16.52
nan,nan,nan,-9.80,0.78,-1.86,3.05,7.93,-11.52
nan,nan,nan,-9.69,0.65,-1.78,0.18,11.95,3.35
0.9204250581026194,0.8691750548845746,0.8773407066017717,-9.71,0.77,-1.81,-2.87,11.16,4.02
nan,nan,nan,-9.80,0.85,-1.93,-3.35,14.82,2.07
nan,nan,nan,-9.76,0.92,-1.92,-5.43,10.30,-0.67
nan,nan,nan,-9.69,0.84,-1.90,-1.95,11.89,-14.39
nan,nan,nan,-9.75,0.70,-1.96,-10.12,5.12,-20.18
nan,nan,nan,-9.82,0.70,-1.94,-17.50,6.65,-15.98
0.9201612324825454,0.8630704330183986,0.8500644517465534,-9.74,0.72,-1.99,-19.33,6.65,-11.04
nan,nan,nan,-9.81,0.85,-1.84,-14.94,5.06,-2.01
0.9193980294682976,0.8650183360511292,0.7740818139135924,-9.73,0.77,-1.93,-4.88,4.63,-6.65
nan,nan,nan,-9.75,0.79,-1.85,-2.87,5.18,-12.50
nan,nan,nan,-9.74,0.68,-1.92,-5.00,0.30,-15.91
nan,nan,nan,-9.80,0.72,-1.94,-11.40,-0.55,-11.16
nan,nan,nan,-9.79,0.74,-1.82,-13.05,1.83,-11.65
nan,nan,nan,-9.59,0.83,-2.00,-18.05,15.18,-54.45
nan,nan,nan,-9.57,0.62,-1.97,-45.91,26.46,-148.84
nan,nan,nan,-9.52,0.75,-1.88,-63.84,18.54,-168.66
nan,nan,nan,-9.61,0.55,-1.77,-46.59,-0.85,-158.60
nan,nan,nan,-9.77,0.13,-1.88,-25.30,-42.68,-112.32
nan,nan,nan,-10.21,0.15,-1.68,-17.87,-33.48,-27.32
nan,nan,nan,-10.17,0.16,-1.74,21.28,-15.55,20.12
nan,nan,nan,-9.79,0.16,-1.79,25.24,4.15,24.51
nan,nan,nan,-9.72,0.19,-1.69,13.05,-9.76,4.15
nan,nan,nan,-9.95,0.22,-1.67,11.46,-11.71,18.05
nan,nan,nan,-9.94,0.27,-1.71,14.33,11.77,9.76
nan,nan,nan,-9.76,0.39,-1.71,4.21,21.04,5.61
nan,nan,nan,-9.70,0.48,-1.79,18.41,23.96,-3.29
nan,nan,nan,-9.71,0.21,-1.88,25.49,17.26,-6.16
nan,nan,nan,-9.67,0.13,-1.86,22.32,5.98,-14.15
nan,nan,nan,-9.83,0.08,-1.87,24.88,-6.10,2.26
nan,nan,nan,-9.92,0.06,-1.86,23.66,-8.60,14.57
nan,nan,nan,-9.83,-0.03,-1.96,10.61,-2.38,12.99
nan,nan,nan,-9.80,0.15,-1.79,-5.85,-2.62,9.63
0.9316377284393994,0.8570716329445646,0.7533573996976185,-9.90,0.26,-1.86,2.74,7.50,3.72
nan,nan,nan,-9.78,0.23,-1.82,0.55,15.98,11.89
nan,nan,nan,-9.71,0.30,-1.82,5.61,11.10,4.57
nan,nan,nan,-9.80,0.09,-1.97,-4.21,16.34,1.28
nan,nan,nan,-9.65,0.05,-1.98,-19.51,11.28,-13.66
nan,nan,nan,-9.83,0.17,-1.84,-23.11,-12.62,-9.15
nan,nan,nan,-9.92,0.24,-1.95,-13.96,-1.83,3.66
nan,nan,nan,-9.71,0.32,-1.79,-12.99,-6.10,14.45
nan,nan,nan,-9.92,0.53,-1.75,-1.77,-5.00,25.67
nan,nan,nan,-9.74,0.59,-1.65,22.80,-4.39,10.24
nan,nan,nan,-9.74,0.42,-1.74,25.30,-6.34,-1.95
nan,nan,nan,-9.80,0.27,-1.83,17.56,-9.45,-9.76
nan,nan,nan,-9.78,0.21,-1.77,13.05,-7.44,-7.93
nan,nan,nan,-9.80,0.18,-1.78,3.11,3.11,4.15
nan,nan,nan,-9.84,0.33,-1.79,-0.49,0.49,11.34
nan,nan,nan,-9.72,0.40,-1.70,2.74,-3.23,13.05
nan,nan,nan,-9.82,0.37,-1.76,7.68,2.01,8.35
nan,nan,nan,-9.65,0.29,-1.69,8.11,-9.57,1.59
0.9185540472513929,0.8662765652144713,0.9293010299520007,-9.97,0.34,-1.71,7.50,-9.63,2.93
0.8161704866475517,0.9360546580321376,0.8545808704281588,-9.88,0.30,-1.78,3.54,7.99,-2.32
nan,nan,nan,-9.80,0.38,-1.71,1.28,8.54,-2.62
nan,nan,nan,-9.85,0.45,-1.65,8.48,9.15,4.33
nan,nan,nan,-9.78,0.25,-1.76,10.12,16.65,2.44
nan,nan,nan,-9.73,0.17,-1.96,-6.04,14.45,-5.12
nan,nan,nan,-9.65,0.09,-1.90,-29.33,7.38,-10.73
nan,nan,nan,-9.80,0.42,-1.86,-34.82,-7.62,-7.99
nan,nan,nan,-9.93,0.44,-1.73,-17.87,-1.28,4.02
nan,nan,nan,-9.77,0.31,-1.70,-11.59,0.98,3.90
nan,nan,nan,-9.75,0.34,-1.78,-7.26,-1.71,6.83
nan,nan,nan,-9.79,0.41,-1.80,0.85,9.76,7.93
nan,nan,nan,-9.80,0.28,-1.67,3.72,2.38,0.30
nan,nan,nan,-9.87,0.28,-1.74,-1.34,5.30,0.61
nan,nan,nan,-9.78,0.24,-1.65,-5.98,10.24,6.34
nan,nan,nan,-9.85,0.34,-1.83,-6.46,5.43,19.82
nan,nan,nan,-9.72,0.33,-1.76,-4.45,6.04,17.44
nan,nan,nan,-9.48,0.41,-1.78,-15.30,2.74,8.96
nan,nan,nan,-9.80,0.52,-1.71,-17.87,-11.22,-4.51
nan,nan,nan,-9.89,0.45,-1.73,-10.18,5.67,0.18
nan,nan,nan,-9.85,0.33,-1.76,-17.99,5.91,1.34
nan,nan,nan,-9.85,0.56,-1.76,-13.96,3.66,8.41
0.9245093945469254,0.8596913894497374,0.7171674168657489,-9.82,0.56,-1.70,1.46,6.59,2.87
0.9171982416577954,0.8628641977390678,0.9609726622232588,-9.74,0.39,-1.75,5.43,7.99,7.01
nan,nan,nan,-9.77,0.45,-1.73,-1.34,8.84,8.11
nan,nan,nan,-9.90,0.52,-1.76,-2.26,8.23,-5.61
nan,nan,nan,-9.91,0.31,-1.82,0.12,14.27,-4.21
nan,nan,nan,-9.73,0.31,-1.83,-7.13,13.90,-4.02
nan,nan,nan,-9.74,0.30,-1.87,-15.49,4.09,1.10
nan,nan,nan,-9.77,0.36,-1.85,-14.27,5.67,10.67
nan,nan,nan,-9.73,0.34,-1.83,-17.68,-1.83,14.70
nan,nan,nan,-9.71,0.50,-1.76,-24.09,-14.15,10.91
nan,nan,nan,-9.93,0.68,-1.73,-5.98,-10.30,1.16
0.9255485416607773,0.8608506873994984,0.8853594129523711,-9.83,0.52,-1.81,-7.20,-2.01,-1.40
nan,nan,nan,-9.80,0.39,-1.67,-12.38,1.46,-14.45
nan,nan,nan,-9.80,0.54,-1.54,-11.89,6.46,-10.18
nan,nan,nan,-9.74,0.55,-1.70,3.54,4.33,-5.24
nan,nan,nan,-9.88,0.46,-1.65,7.50,-3.17,17.38
nan,nan,nan,-10.08,0.52,-1.63,17.44,12.38,67.13
nan,nan,nan,-10.01,0.49,-1.66,21.22,33.35,41.10
nan,nan,nan,-9.82,0.65,-1.62,12.38,46.28,15.85
nan,nan,nan,-9.61,0.60,-1.83,21.22,59.70,-9.88
nan,nan,nan,-9.40,0.57,-1.93,19.88,28.96,-10.24
nan,nan,nan,-9.60,0.59,-1.85,25.55,6.71,-3.23
nan,nan,nan,-9.75,0.54,-2.01,23.90,5.06,-5.67
nan,nan,nan,-9.86,0.49,-1.95,16.71,10.67,-3.23
nan,nan,nan,-9.85,0.54,-1.97,12.13,8.90,-0.18
nan,nan,nan,-9.80,0.50,-2.02,13.41,8.72,3.60
nan,nan,nan,-9.79,0.49,-2.00,11.95,14.02,12.26
nan,nan,nan,-9.73,0.47,-2.03,3.90,18.05,8.60
nan,nan,nan,-9.88,0.59,-1.97,2.38,13.78,8.29
nan,nan,nan,-9.82,0.70,-2.05,19.76,20.91,16.83
nan,nan,nan,-9.72,0.56,-2.06,33.60,11.71,21.89
nan,nan,nan,-9.59,0.50,-1.97,22.32,6.89,22.80
nan,nan,nan,-9.84,0.77,-2.00,20.49,7.56,15.49
nan,nan,nan,-9.67,0.63,-2.01,29.39,7.13,11.34
nan,nan,nan,-9.63,0.63,-2.10,28.17,-13.84,7.87
nan,nan,nan,-9.72,0.43,-2.02,16.46,-13.11,10.12
nan,nan,nan,-9.79,0.40,-2.05,-4.02,-3.48,14.63
nan,nan,nan,-9.77,0.74,-1.96,-12.20,-3.96,13.41
nan,nan,nan,-9.78,0.80,-1.92,0.43,-3.48,12.80
nan,nan,nan,-9.66,0.63,-1.90,0.73,-4.45,5.73
nan,nan,nan,-9.75,0.71,-1.95,-11.52,1.59,9.15
nan,nan,nan,-9.63,0.79,-1.89,-13.11,0.00,6.04
nan,nan,nan,-9.79,0.84,-1.83,-4.09,-7.80,2.56
nan,nan,nan,-9.69,0.79,-1.83,0.37,-6.22,-5.30
nan,nan,nan,-9.77,0.82,-1.96,2.56,-3.05,-13.35
nan,nan,nan,-9.87,0.69,-1.84,9.45,3.78,-13.66
nan,nan,nan,-9.78,0.69,-1.91,9.02,5.91,-7.74
nan,nan,nan,-9.80,0.60,-1.88,6.77,2.80,-10.67
nan,nan,nan,-9.74,0.56,-1.92,-0.79,-5.24,-13.29
nan,nan,nan,-9.85,0.67,-1.77,-3.11,-9.88,-11.34
nan,nan,nan,-9.88,0.62,-1.86,6.89,11.52,-5.49
nan,nan,nan,-9.76,0.53,-1.88,1.40,17.20,-5.00
nan,nan,nan,-9.81,0.59,-1.95,-2.74,8.60,-7.20
nan,nan,nan,-9.63,0.65,-1.83,-2.32,8.48,-1.10
0.9237666644378472,0.8581643778467861,0.8206209124528396,-9.72,0.59,-1.94,-3.48,0.24,-13.11
nan,nan,nan,-9.77,0.49,-2.04,-14.45,1.40,-14.33
nan,nan,nan,-9.85,0.58,-1.94,-20.18,11.46,-9.27
nan,nan,nan,-9.88,0.60,-1.81,-16.28,28.17,-5.55
nan,nan,nan,-9.62,0.66,-1.94,-14.88,22.50,-19.70
nan,nan,nan,-9.63,0.41,-2.00,-24.70,3.60,-38.23
nan,nan,nan,-9.73,0.64,-1.90,-29.33,-8.78,-30.43
nan,nan,nan,-9.89,0.68,-1.89,-12.87,-8.17,-13.48
nan,nan,nan,-9.97,0.61,-1.78,0.30,6.65,4.70
nan,nan,nan,-9.81,0.57,-1.85,5.00,19.27,12.44
nan,nan,nan,-9.76,0.45,-2.11,-2.80,24.39,-0.43
nan,nan,nan,-9.69,0.56,-2.07,-21.59,24.02,-3.84
0.8244871271262859,0.9337343798208081,0.8681725907358717,-9.68,0.59,-2.05,-21.77,12.20,-17.07
nan,nan,nan,-9.74,0.65,-2.07,-11.28,4.57,-13.29
nan,nan,nan,-9.76,0.64,-1.98,-1.83,-0.79,0.98
nan,nan,nan,-9.66,0.47,-2.06,-7.87,-4.94,-8.23
nan,nan,nan,-9.81,0.64,-2.02,-20.06,-4.63,-16.46
nan,nan,nan,-9.84,0.69,-1.98,1.40,4.94,-27.38
nan,nan,nan,-9.85,0.43,-2.02,7.20,10.49,-18.84
nan,nan,nan,-9.73,0.39,-2.06,-3.48,5.24,-11.65
nan,nan,nan,-9.75,0.38,-2.15,-11.40,8.78,-12.99
nan,nan,nan,-9.58,0.51,-2.05,-17.44,0.61,-9.82
nan,nan,nan,-9.70,0.49,-1.98,-10.98,-11.52,-7.38
nan,nan,nan,-9.66,0.55,-1.96,-2.68,-4.76,-5.55
nan,nan,nan,-9.80,0.44,-1.89,3.60,-14.15,-2.32
nan,nan,nan,-9.70,0.44,-1.99,-1.83,-6.77,0.55
nan,nan,nan,-9.71,0.35,-1.93,-7.68,-13.84,-7.32
nan,nan,nan,-9.90,0.36,-1.99,-23.17,-15.49,4.02
nan,nan,nan,-9.80,0.47,-1.88,-27.32,-3.35,0.49
nan,nan,nan,-9.86,0.50,-1.84,-28.90,4.27,-6.71
nan,nan,nan,-9.82,0.56,-1.84,-23.84,10.37,-3.41
nan,nan,nan,-9.64,0.59,-1.94,-15.00,11.46,-1.28
nan,nan,nan,-9.70,0.49,-1.89,-11.04,6.40,-3.41
nan,nan,nan,-9.72,0.55,-1.92,-12.62,-3.17,-1.83
nan,nan,nan,-9.87,0.59,-1.87,-4.70,-6.10,-8.05
nan,nan,nan,-9.76,0.50,-1.92,-4.57,-3.11,-12.99
nan,nan,nan,-9.76,0.52,-1.93,-8.23,-1.04,-20.73
nan,nan,nan,-9.69,0.47,-1.83,-7.38,-5.12,-7.99
nan,nan,nan,-9.81,0.57,-1.85,7.50,-10.30,3.41
nan,nan,nan,-9.80,0.36,-1.80,14.94,-12.62,-6.04
nan,nan,nan,-9.78,0.29,-1.84,5.06,-8.05,-2.93
nan,nan,nan,-9.82,0.31,-1.97,-5.43,-1.59,1.52
nan,nan,nan,-9.73,0.34,-1.88,-12.13,-6.10,2.44
nan,nan,nan,-9.89,0.56,-1.77,-12.87,-16.16,4.51
nan,nan,nan,-10.00,0.54,-1.86,2.74,-20.30,4.09
nan,nan,nan,-9.78,0.26,-1.79,-11.16,-3.66,6.10
nan,nan,nan,-9.69,0.44,-1.72,-26.46,3.60,-0.18
nan,nan,nan,-9.85,0.48,-1.70,-23.60,8.66,-4.02
nan,nan,nan,-9.90,0.59,-1.67,-16.77,22.93,5.79
nan,nan,nan,-9.92,0.68,-1.71,-8.23,30.43,4.82
nan,nan,nan,-9.73,0.66,-1.97,6.77,33.96,-0.49
nan,nan,nan,-9.63,0.47,-1.96,17.01,22.32,1.40
nan,nan,nan,-9.53,0.38,-2.06,19.51,3.05,7.50
nan,nan,nan,-9.66,0.25,-2.06,8.90,-15.30,6.34
nan,nan,nan,-9.79,0.18,-1.98,-10.18,-14.33,7.99
nan,nan,nan,-9.97,0.38,-1.89,-34.15,2.68,7.80
nan,nan,nan,-9.99,0.63,-1.85,-43.48,26.59,3.84
nan,nan,nan,-9.86,0.67,-1.87,-26.40,29.82,8.41
nan,nan,nan,-9.59,0.70,-1.86,-3.66,22.93,21.65
nan,nan,nan,-9.51,0.63,-1.93,8.41,-5.18,18.41
0.8416410354796581,0.9130349923448168,0.7383797796438598,-9.71,0.55,-1.89,11.52,-22.62,11.34
nan,nan,nan,-9.87,0.71,-1.85,12.20,-22.87,11.46
nan,nan,nan,-9.89,0.77,-1.78,30.61,1.34,14.33
nan,nan,nan,-9.72,0.43,-1.94,31.77,1.95,2.80
nan,nan,nan,-9.79,0.54,-1.77,17.44,5.06,11.83
nan,nan,nan,-9.74,0.54,-1.90,9.63,-4.15,9.39
nan,nan,nan,-9.74,0.52,-1.79,9.88,-8.96,4.94
nan,nan,nan,-9.76,0.54,-1.86,2.38,-12.26,12.38
nan,nan,nan,-9.76,0.62,-1.80,-5.06,-17.01,1.34
nan,nan,nan,-9.86,0.63,-1.76,-7.62,-13.17,-3.54
nan,nan,nan,-10.01,0.74,-1.79,-10.73,14.51,10.24
nan,nan,nan,-9.71,0.75,-1.69,-2.44,19.02,10.55
nan,nan,nan,-9.85,0.77,-1.83,11.89,21.95,13.29
nan,nan,nan,-9.59,0.64,-1.87,14.33,20.43,13.17
nan,nan,nan,-9.63,0.74,-1.90,6.77,7.38,3.66
nan,nan,nan,-9.80,0.78,-1.88,7.44,1.16,-3.11
nan,nan,nan,-9.69,0.72,-1.86,10.12,0.37,-2.44
nan,nan,nan,-9.85,0.59,-1.97,-6.10,7.93,-5.55
nan,nan,nan,-9.71,0.62,-1.89,-21.40,2.74,-17.87
nan,nan,nan,-9.74,0.70,-1.81,-16.89,1.28,-19.33
nan,nan,nan,-9.74,0.64,-1.80,-14.94,2.99,-10.30
nan,nan,nan,-9.82,0.69,-1.78,-20.85,-1.40,-12.32
nan,nan,nan,-9.85,0.78,-1.81,-7.99,-3.48,-9.88
nan,nan,nan,-9.87,0.66,-1.85,6.22,7.50,-2.93
nan,nan,nan,-9.73,0.44,-1.88,0.73,11.16,-3.84
nan,nan,nan,-9.79,0.57,-1.95,-8.48,11.77,-7.80
nan,nan,nan,-9.73,0.71,-1.87,-9.70,13.54,-9.09
nan,nan,nan,-9.80,0.63,-1.91,-2.56,7.50,-11.52
0.922637987181942,0.8732559343119894,0.9408345763778551,-9.71,0.62,-1.83,-9.33,8.23,-5.55
nan,nan,nan,-9.77,0.59,-1.94,-16.10,3.23,-15.30
nan,nan,nan,-9.82,0.64,-1.91,-11.52,4.09,-15.43
nan,nan,nan,-9.71,0.51,-1.88,-12.01,5.79,-12.50
nan,nan,nan,-9.84,0.51,-1.92,-16.83,7.62,-7.74
nan,nan,nan,-9.83,0.78,-1.76,-7.07,12.74,-18.84
nan,nan,nan,-9.77,0.64,-1.90,0.24,5.24,-9.09
nan,nan,nan,-9.74,0.54,-1.79,8.48,2.56,-6.71
nan,nan,nan,-9.80,0.37,-1.89,-0.67,7.68,-10.30
nan,nan,nan,-9.80,0.52,-1.93,-11.89,8.78,-16.22
0.9284828897423303,0.8730429186514673,0.822218353364435,-9.75,0.63,-1.97,1.95,5.24,-4.51
nan,nan,nan,-9.74,0.54,-2.10,13.23,0.73,-2.13
nan,nan,nan,-9.79,0.37,-1.92,3.96,-0.49,-8.05
nan,nan,nan,-9.81,0.35,-1.99,-13.17,3.41,-10.98
nan,nan,nan,-9.82,0.41,-1.95,-30.00,14.94,-14.88
nan,nan,nan,-9.81,0.34,-2.04,-51.83,28.48,-5.61
nan,nan,nan,-9.87,0.65,-1.84,-57.20,26.34,6.83
nan,nan,nan,-9.64,0.62,-1.86,-41.95,17.20,-7.32
nan,nan,nan,-9.63,0.60,-1.91,-43.96,2.01,-22.56
nan,nan,nan,-9.73,0.60,-1.92,-41.46,-0.91,-20.85
nan,nan,nan,-9.66,0.75,-1.85,-16.95,3.96,-9.88
nan,nan,nan,-9.82,0.74,-1.82,4.27,8.96,1.59
nan,nan,nan,-9.84,0.58,-1.95,21.52,13.66,-0.18
nan,nan,nan,-9.80,0.49,-1.90,16.22,7.38,0.37
nan,nan,nan,-9.82,0.58,-1.90,15.79,15.91,4.09
nan,nan,nan,-9.75,0.56,-1.91,17.93,19.70,4.57
nan,nan,nan,-9.74,0.63,-1.97,21.89,16.77,-13.29
nan,nan,nan,-9.70,0.58,-1.91,23.05,12.50,-9.76
nan,nan,nan,-9.81,0.52,-1.96,31.46,13.17,-15.91
nan,nan,nan,-9.79,0.44,-1.96,28.11,24.39,-11.22
nan,nan,nan,-9.63,0.38,-1.92,20.12,22.44,-8.29
nan,nan,nan,-9.74,0.54,-1.98,19.63,24.39,-10.24
nan,nan,nan,-9.80,0.72,-1.85,34.88,15.79,-7.13
nan,nan,nan,-9.98,0.56,-1.88,63.11,29.21,5.12
nan,nan,nan,-10.04,0.31,-1.99,64.82,58.78,6.71
nan,nan,nan,-9.93,0.34,-2.09,56.65,76.89,-5.30
nan,nan,nan,-9.78,0.20,-2.28,48.84,97.44,-11.10
nan,nan,nan,-9.62,0.19,-2.51,24.70,103.84,-3.05
nan,nan,nan,-9.33,0.31,-2.56,7.32,90.18,-16.95
nan,nan,nan,-9.12,0.30,-2.66,6.22,53.05,-24.33
nan,nan,nan,-8.97,0.52,-2.50,17.50,-0.91,-41.40
nan,nan,nan,-9.57,0.48,-2.45,36.04,-60.37,-28.84
nan,nan,nan,-10.04,0.18,-2.58,61.28,-22.68,-17.26
nan,nan,nan,-9.91,-0.24,-2.51,23.29,-12.93,-13.60
nan,nan,nan,-9.91,0.15,-2.44,1.65,11.34,-9.82
nan,nan,nan,-9.68,0.21,-2.44,3.60,10.85,15.55
nan,nan,nan,-9.62,0.13,-2.54,4.88,-1.40,24.27
nan,nan,nan,-9.48,0.08,-2.52,-4.82,-23.72,22.20
nan,nan,nan,-9.46,0.19,-2.43,-23.17,-44.88,32.99
nan,nan,nan,-9.63,0.41,-2.37,-31.65,-38.35,26.83
nan,nan,nan,-9.65,0.48,-2.19,-33.35,-42.74,6.71
nan,nan,nan,-9.85,0.52,-2.16,-29.15,-38.90,4.63
nan,nan,nan,-9.85,0.51,-2.14,-22.13,-19.76,2.26
nan,nan,nan,-9.92,0.50,-1.98,-15.98,-6.65,7.13
nan,nan,nan,-10.04,0.59,-2.16,-2.99,24.33,24.94
nan,nan,nan,-9.65,0.46,-2.18,7.20,24.51,17.38
nan,nan,nan,-9.47,0.52,-2.13,4.15,4.02,6.04
nan,nan,nan,-9.54,0.33,-2.35,-5.12,-14.21,-2.50
nan,nan,nan,-9.57,0.34,-2.27,-22.56,-33.41,-14.39
nan,nan,nan,-9.81,0.47,-2.05,-26.10,-48.48,-10.73
nan,nan,nan,-10.01,0.44,-1.99,-17.07,-27.26,9.88
nan,nan,nan,-9.79,0.38,-2.02,-18.35,-13.11,18.41
nan,nan,nan,-9.75,0.72,-1.93,-11.52,-1.40,11.52
nan,nan,nan,-9.72,0.69,-2.06,4.39,-2.44,-4.02
nan,nan,nan,-9.62,0.48,-2.00,8.84,-16.10,-2.32
nan,nan,nan,-9.78,0.44,-2.06,14.70,-18.11,-4.88
nan,nan,nan,-9.88,0.34,-2.03,5.18,-9.02,-8.96
nan,nan,nan,-9.78,0.39,-1.90,-4.63,-7.26,-1.16
nan,nan,nan,-9.85,0.39,-2.01,-11.77,0.49,-3.11
nan,nan,nan,-9.62,0.49,-1.92,-16.52,11.52,-2.80
nan,nan,nan,-9.80,0.47,-2.01,-21.28,4.15,-10.12
nan,nan,nan,-9.62,0.42,-2.03,-17.74,2.20,-7.93
nan,nan,nan,-9.70,0.46,-1.93,-14.94,-18.84,-10.49
nan,nan,nan,-9.94,0.42,-1.89,-17.62,-17.50,-5.30
nan,nan,nan,-9.90,0.50,-1.92,-18.35,-2.93,5.30
nan,nan,nan,-9.80,0.55,-1.94,-13.11,9.82,3.11
nan,nan,nan,-9.77,0.44,-2.03,-15.85,18.35,-7.20
nan,nan,nan,-9.61,0.57,-1.99,-19.33,17.01,-12.20
nan,nan,nan,-9.70,0.53,-2.06,-4.45,7.68,-19.94
nan,nan,nan,-9.66,0.33,-2.11,-3.48,-6.71,-5.67
nan,nan,nan,-9.68,0.38,-2.00,-9.76,-15.43,-17.26
nan,nan,nan,-9.79,0.51,-1.87,-13.48,-10.12,-14.70
nan,nan,nan,-9.88,0.51,-1.89,-2.62,-4.02,-14.21
nan,nan,nan,-9.83,0.31,-1.96,-1.89,-4.02,-7.20
nan,nan,nan,-9.92,0.37,-1.94,-15.24,9.88,0.67
nan,nan,nan,-9.86,0.45,-1.98,-12.07,18.72,-7.26
nan,nan,nan,-9.74,0.40,-1.98,-5.00,21.46,-3.05
nan,nan,nan,-9.60,0.51,-2.05,1.22,6.28,-2.56
nan,nan,nan,-9.73,0.40,-1.98,7.32,-0.37,-0.30
nan,nan,nan,-9.73,0.39,-2.02,8.23,-12.56,-0.18
nan,nan,nan,-9.83,0.29,-2.03,1.89,-1.71,-7.44
nan,nan,nan,-9.72,0.38,-1.96,-9.33,-2.56,-22.01
nan,nan,nan,-9.84,0.28,-1.89,-12.01,3.05,-31.46
nan,nan,nan,-9.88,0.38,-1.86,-5.00,8.23,-5.67
nan,nan,nan,-10.04,0.34,-1.96,10.43,15.18,17.99
nan,nan,nan,-9.61,0.29,-2.05,8.78,13.84,22.01
nan,nan,nan,-9.67,0.34,-2.09,-4.76,3.29,9.51
nan,nan,nan,-9.54,0.38,-2.01,-16.28,-7.38,-4.33
nan,nan,nan,-9.73,0.41,-1.99,-19.76,-18.05,-10.43
nan,nan,nan,-9.88,0.39,-1.90,-15.12,-7.07,-6.59
nan,nan,nan,-9.83,0.35,-1.89,-20.37,-2.38,-1.65
nan,nan,nan,-9.83,0.54,-1.95,-14.88,-1.77,-6.89
nan,nan,nan,-9.83,0.49,-1.91,-1.65,0.06,-4.82
nan,nan,nan,-9.81,0.45,-1.85,11.77,5.06,4.94
nan,nan,nan,-9.77,0.28,-1.95,9.76,1.95,5.37
nan,nan,nan,-9.90,0.29,-2.01,0.30,5.18,8.72
nan,nan,nan,-9.91,0.37,-1.90,-3.11,13.90,14.39
nan,nan,nan,-9.68,0.37,-1.77,-0.30,10.49,8.72
nan,nan,nan,-9.97,0.37,-1.91,-1.83,9.27,8.54
nan,nan,nan,-9.80,0.45,-2.00,-8.35,18.29,18.23
nan,nan,nan,-9.76,0.44,-1.98,-9.70,15.49,2.50
nan,nan,nan,-9.61,0.47,-1.99,-12.56,17.01,0.06
nan,nan,nan,-9.63,0.55,-1.88,-7.26,-1.65,-4.27
nan,nan,nan,-9.87,0.62,-1.82,11.28,-10.98,-3.96
nan,nan,nan,-9.77,0.42,-2.03,15.91,0.91,-5.49
nan,nan,nan,-9.87,0.37,-1.97,7.32,9.21,-9.33
nan,nan,nan,-9.74,0.40,-1.96,7.32,15.67,-6.16
nan,nan,nan,-9.77,0.46,-1.91,13.78,9.51,-9.33
nan,nan,nan,-9.77,0.34,-1.93,10.24,3.54,-3.66
nan,nan,nan,-9.78,0.38,-2.10,5.67,8.23,-5.43
nan,nan,nan,-9.83,0.44,-1.97,4.88,8.96,-7.32
nan,nan,nan,-9.85,0.37,-2.12,-3.41,27.38,-3.78
nan,nan,nan,-9.72,0.49,-1.98,-2.01,23.35,-18.60
nan,nan,nan,-9.66,0.45,-2.03,6.71,9.27,-11.22
nan,nan,nan,-9.78,0.36,-2.14,12.74,-3.05,-0.12
nan,nan,nan,-9.79,0.31,-2.05,8.60,-0.12,2.07
nan,nan,nan,-9.94,0.55,-1.84,18.29,-4.51,18.17
nan,nan,nan,-9.79,0.69,-1.85,53.84,13.54,42.99
nan,nan,nan,-9.66,0.18,-2.11,52.87,22.20,20.06
nan,nan,nan,-9.70,0.18,-2.13,11.65,16.28,-1.10
nan,nan,nan,-9.78,0.31,-2.22,-3.35,23.54,7.01
nan,nan,nan,-9.66,0.54,-2.01,2.20,18.66,4.09
nan,nan,nan,-9.74,0.40,-2.11,11.28,12.99,11.83
nan,nan,nan,-9.65,0.53,-2.07,32.93,2.32,19.39
nan,nan,nan,-9.92,0.53,-2.07,42.38,-8.78,38.72
nan,nan,nan,-9.56,0.48,-2.17,45.43,-15.18,42.32
nan,nan,nan,-9.68,0.45,-2.11,42.74,-43.29,22.99
nan,nan,nan,-9.86,0.34,-2.10,26.34,-22.50,26.65
nan,nan,nan,-9.86,0.48,-2.09,5.61,0.61,24.33
nan,nan,nan,-9.90,0.68,-1.98,8.41,12.44,33.78
nan,nan,nan,-9.63,0.67,-2.08,13.96,15.30,38.54
nan,nan,nan,-9.45,0.70,-2.16,4.88,5.91,28.41
nan,nan,nan,-9.59,0.69,-2.11,-1.77,-10.85,18.60
nan,nan,nan,-9.80,0.70,-2.15,-5.49,-4.70,5.06
nan,nan,nan,-9.77,0.72,-1.93,-4.82,-0.12,2.87
nan,nan,nan,-9.82,0.62,-2.07,-9.09,8.11,7.99
nan,nan,nan,-9.73,0.75,-1.89,-18.84,4.63,10.30
nan,nan,nan,-9.77,0.75,-1.96,-17.68,7.38,10.61
nan,nan,nan,-9.79,0.84,-2.04,-20.30,14.88,2.93
nan,nan,nan,-9.75,0.81,-1.99,-27.20,10.85,-7.26
nan,nan,nan,-9.70,0.83,-1.97,-19.27,11.83,-12.56
nan,nan,nan,-9.72,0.78,-2.04,-13.05,8.17,-8.60
nan,nan,nan,-9.80,0.89,-1.94,4.94,-3.29,0.30
nan,nan,nan,-9.83,0.72,-1.98,8.96,4.51,5.00
nan,nan,nan,-9.56,0.71,-2.06,7.62,8.60,-2.20
nan,nan,nan,-9.81,0.73,-2.05,1.89,10.67,-9.94
nan,nan,nan,-9.78,0.63,-2.05,-5.18,26.52,-8.54
nan,nan,nan,-9.70,0.74,-2.10,-3.05,22.50,-20.85
nan,nan,nan,-9.80,0.69,-2.12,-1.77,24.27,-8.54
nan,nan,nan,-9.70,0.53,-2.10,-6.52,17.44,-2.13
nan,nan,nan,-9.76,0.54,-2.30,-22.07,25.67,-0.12
nan,nan,nan,-9.68,0.76,-2.18,-24.15,23.05,1.46
nan,nan,nan,-9.74,0.69,-2.21,-7.38,15.30,-2.01
nan,nan,nan,-9.57,0.76,-2.20,-7.13,5.06,3.54
nan,nan,nan,-9.67,0.71,-2.26,-9.82,0.91,-6.65
nan,nan,nan,-9.76,0.65,-2.21,-11.46,4.09,-15.67
nan,nan,nan,-9.79,0.69,-2.17,-13.72,4.94,-7.80
nan,nan,nan,-9.74,0.83,-2.20,-3.72,0.91,-1.89
nan,nan,nan,-9.77,0.88,-2.10,22.44,-6.04,6.89
nan,nan,nan,-9.70,0.66,-2.08,35.24,-6.65,19.57
nan,nan,nan,-9.69,0.58,-2.25,29.15,-13.90,5.55
nan,nan,nan,-9.66,0.56,-2.23,10.67,-12.38,8.05
nan,nan,nan,-9.68,0.55,-2.14,-5.85,-6.04,-2.38
nan,nan,nan,-9.71,0.72,-1.99,-11.10,-7.56,-4.39
nan,nan,nan,-9.79,0.70,-2.02,-10.24,-2.68,-4.76
nan,nan,nan,-9.63,0.69,-2.05,-9.63,-1.65,-9.33
nan,nan,nan,-9.75,0.91,-2.01,-3.29,-8.66,-1.83
nan,nan,nan,-9.85,0.68,-2.00,12.13,-1.77,11.40
nan,nan,nan,-9.72,0.64,-2.05,11.10,0.79,12.44
nan,nan,nan,-9.63,0.60,-2.03,-3.60,2.50,2.44
nan,nan,nan,-9.76,0.73,-2.05,-9.02,-0.30,-0.06
nan,nan,nan,-9.82,0.65,-2.05,-7.07,3.41,-2.13
nan,nan,nan,-9.72,0.71,-2.17,-9.82,7.50,-0.55
nan,nan,nan,-9.55,0.76,-2.10,-10.61,-1.65,-7.26
nan,nan,nan,-9.69,0.73,-2.04,-7.44,-9.45,-8.78
nan,nan,nan,-9.63,0.58,-2.09,-20.30,-3.05,-10.85
nan,nan,nan,-9.76,0.63,-2.11,-35.18,-7.68,-7.26
nan,nan,nan,-9.81,0.76,-2.08,-28.17,-5.91,-6.77
nan,nan,nan,-9.68,0.65,-2.07,-19.09,-4.88,0.98
nan,nan,nan,-9.79,0.75,-2.05,-14.45,-8.41,-1.16
nan,nan,nan,-9.75,0.74,-1.95,-10.43,-8.72,1.77
nan,nan,nan,-9.80,0.75,-1.95,-7.32,-7.56,-0.55
nan,nan,nan,-9.84,0.74,-1.95,-4.39,-3.72,-0.24
0.9262156443495421,0.9004912682456673,0.7108303304963285,-9.88,0.81,-1.97,-0.06,9.45,3.90
nan,nan,nan,-9.65,0.68,-1.92,4.39,14.57,7.44
nan,nan,nan,-9.68,0.66,-2.00,0.00,11.71,2.07
nan,nan,nan,-9.75,0.69,-1.97,-6.65,6.89,-6.16
nan,nan,nan,-9.68,0.67,-1.99,-10.79,1.59,-0.67
nan,nan,nan,-9.80,0.77,-1.97,-11.04,3.66,2.26
nan,nan,nan,-9.83,0.82,-2.02,-10.79,6.04,-3.05
nan,nan,nan,-9.73,0.74,-2.12,-9.39,15.00,-3.60
nan,nan,nan,-9.68,0.89,-2.00,-4.27,12.01,-3.05
nan,nan,nan,-9.70,0.74,-2.07,1.59,10.85,-4.15
nan,nan,nan,-9.64,0.75,-2.00,3.11,-0.98,-7.56
nan,nan,nan,-9.85,0.64,-2.12,-2.62,3.60,1.04
nan,nan,nan,-9.76,0.63,-1.95,-5.30,7.01,0.79
nan,nan,nan,-9.96,0.76,-1.95,-2.26,17.87,-1.22
nan,nan,nan,-9.69,0.57,-2.03,-7.74,23.11,6.04
nan,nan,nan,-9.80,0.78,-2.01,-15.73,22.20,-2.50
nan,nan,nan,-9.70,0.87,-2.10,-1.65,36.34,-15.98
nan,nan,nan,-9.68,0.63,-2.20,-11.95,31.95,-11.77
nan,nan,nan,-9.57,0.66,-2.15,-13.90,22.01,-15.12
nan,nan,nan,-9.69,0.44,-2.35,-36.59,13.11,-11.10
nan,nan,nan,-9.67,0.42,-2.25,-63.41,8.23,-2.56
nan,nan,nan,-9.91,0.87,-2.23,-63.48,12.50,26.65
nan,nan,nan,-9.71,0.83,-2.03,-40.00,27.07,43.66
nan,nan,nan,-9.78,0.64,-2.13,-54.51,33.05,-8.72
nan,nan,nan,-9.52,1.39,-1.94,-37.44,17.01,-45.79
nan,nan,nan,-9.68,1.07,-2.07,18.23,3.23,-27.93
nan,nan,nan,-9.64,0.65,-2.29,37.50,-13.78,-21.40
nan,nan,nan,-9.87,0.44,-2.27,20.67,-20.06,4.21
nan,nan,nan,-9.78,0.69,-2.19,12.44,-6.28,13.90
nan,nan,nan,-9.76,0.73,-2.10,14.02,-9.82,10.85
nan,nan,nan,-9.72,0.69,-2.20,16.40,-4.82,18.72
nan,nan,nan,-9.72,0.62,-2.17,0.12,-7.80,6.89
nan,nan,nan,-9.70,0.72,-2.16,-14.09,2.62,5.91
nan,nan,nan,-9.56,0.87,-2.07,-18.60,6.16,9.70
nan,nan,nan,-9.76,0.85,-2.21,-12.62,-10.18,12.74
nan,nan,nan,-9.75,0.89,-2.08,-11.40,-0.55,19.09
nan,nan,nan,-9.80,0.69,-2.18,-27.13,5.85,9.82
nan,nan,nan,-9.89,0.93,-2.18,-43.48,20.37,-5.43
nan,nan,nan,-9.70,1.23,-2.05,-24.45,22.20,-10.24
nan,nan,nan,-9.69,0.95,-2.05,12.38,-0.55,-7.74
nan,nan,nan,-9.47,0.82,-2.11,24.33,-5.73,14.57
nan,nan,nan,-9.67,0.79,-2.19,17.44,-7.38,5.79
nan,nan,nan,-9.74,0.82,-2.22,15.85,-6.28,-10.67
nan,nan,nan,-9.74,0.79,-2.13,13.84,-6.22,3.78
nan,nan,nan,-9.71,0.82,-2.07,20.30,-0.18,-11.04
nan,nan,nan,-9.80,0.74,-2.13,8.84,-2.87,-6.34
nan,nan,nan,-9.72,1.14,-2.03,33.05,-0.67,-2.74
nan,nan,nan,-9.53,0.76,-2.18,50.30,-3.48,4.15
nan,nan,nan,-9.53,0.71,-2.26,38.54,-22.01,-8.48
0.8392701589451467,0.9281881622803816,0.7161510060554105,-9.70,0.49,-2.19,8.60,-32.20,-15.55
nan,nan,nan,-9.77,0.83,-2.06,-9.02,-23.17,-35.98
nan,nan,nan,-9.89,0.72,-1.97,-0.12,-18.17,-32.13
nan,nan,nan,-9.79,0.72,-1.90,1.40,-10.55,-15.67
nan,nan,nan,-9.95,0.75,-1.97,5.55,-10.37,-2.74
nan,nan,nan,-9.86,0.75,-2.02,12.93,19.70,0.06
nan,nan,nan,-9.62,0.76,-1.99,3.23,4.57,-21.28
nan,nan,nan,-9.79,0.73,-1.95,10.06,-5.85,-22.13
nan,nan,nan,-9.80,0.60,-1.96,15.79,-7.07,-7.26
nan,nan,nan,-9.78,0.54,-1.97,4.88,-1.95,15.06
nan,nan,nan,-9.73,0.71,-2.00,-2.50,4.63,13.41
nan,nan,nan,-9.62,0.73,-1.92,-8.84,5.73,5.12
nan,nan,nan,-9.57,0.73,-2.03,-17.32,2.13,-13.90
nan,nan,nan,-9.73,0.77,-2.03,-15.00,1.65,-19.70
nan,nan,nan,-9.80,0.72,-1.95,-8.48,3.78,-4.57
nan,nan,nan,-9.80,0.73,-1.90,3.54,3.35,-5.91
nan,nan,nan,-9.91,0.73,-1.96,7.07,-1.04,4.70
nan,nan,nan,-9.81,0.61,-1.92,12.87,5.18,11.89
nan,nan,nan,-9.74,0.69,-2.00,5.06,15.37,18.48
nan,nan,nan,-9.80,0.82,-1.92,4.82,11.95,6.52
nan,nan,nan,-9.67,0.85,-2.03,16.65,13.17,-0.91
nan,nan,nan,-9.81,0.52,-2.21,12.26,12.80,-5.49
nan,nan,nan,-9.64,0.61,-2.10,-7.07,16.59,-2.56
nan,nan,nan,-9.69,0.52,-2.17,-22.20,13.48,-10.37
nan,nan,nan,-9.60,0.52,-2.16,-51.16,15.00,-25.18
nan,nan,nan,-9.86,0.86,-2.07,-63.78,13.35,-30.67
nan,nan,nan,-9.78,0.76,-2.08,-34.76,18.23,-0.61
nan,nan,nan,-9.49,0.68,-2.00,-19.51,-0.06,34.33
nan,nan,nan,-9.69,0.84,-2.02,-13.66,-15.37,19.21
nan,nan,nan,-9.73,1.00,-1.94,6.89,-3.96,-0.30
nan,nan,nan,-9.77,0.96,-1.86,17.38,-6.16,-6.71
nan,nan,nan,-9.85,0.98,-1.90,37.99,7.74,-13.72
nan,nan,nan,-9.74,0.55,-2.06,39.21,25.49,0.85
nan,nan,nan,-9.68,0.56,-2.18,25.12,19.82,0.24
nan,nan,nan,-9.68,0.55,-2.27,7.87,15.98,-4.88
nan,nan,nan,-9.60,0.74,-2.07,-2.80,8.41,-16.59
nan,nan,nan,-9.65,0.74,-2.04,0.24,-1.04,-18.11
nan,nan,nan,-9.75,0.62,-2.21,-0.06,3.96,-19.45
nan,nan,nan,-9.69,0.57,-2.04,-7.50,0.12,-21.59
nan,nan,nan,-9.78,0.64,-2.02,-10.79,-0.18,-12.50
nan,nan,nan,-9.84,0.68,-1.99,-1.83,4.09,0.00
nan,nan,nan,-9.65,0.72,-2.03,0.98,9.09,2.32
nan,nan,nan,-9.84,0.75,-2.02,8.84,0.30,4.39
nan,nan,nan,-9.86,0.69,-2.12,21.28,-0.06,16.16
0.8379697936970856,0.9411738424551986,0.9763296924448255,-9.89,0.63,-2.09,35.85,-2.56,19.51
nan,nan,nan,-9.69,0.42,-2.14,22.74,13.29,19.63
nan,nan,nan,-9.66,0.62,-2.06,-0.61,9.70,6.28
nan,nan,nan,-9.70,0.69,-2.13,-2.68,9.82,0.12
nan,nan,nan,-9.78,0.84,-2.05,0.06,8.84,1.52
nan,nan,nan,-9.62,0.90,-2.09,18.41,13.72,-16.52
nan,nan,nan,-9.53,0.85,-2.22,32.62,7.38,-69.94
nan,nan,nan,-9.54,0.48,-2.20,10.49,-13.60,-65.18
nan,nan,nan,-9.98,0.56,-2.03,17.99,-39.94,-8.29
nan,nan,nan,-10.04,0.43,-1.99,27.62,-3.23,22.50
nan,nan,nan,-9.86,0.46,-2.08,10.24,11.59,8.54
nan,nan,nan,-9.79,0.57,-2.02,-2.93,12.80,5.91
nan,nan,nan,-9.68,0.69,-2.00,2.44,6.04,23.84
nan,nan,nan,-9.69,0.69,-1.98,13.60,6.52,17.87
nan,nan,nan,-9.71,0.55,-2.05,2.07,9.57,13.78
nan,nan,nan,-9.80,0.70,-1.99,-6.04,14.15,11.52
nan,nan,nan,-9.85,0.69,-2.02,-2.62,24.02,10.91
nan,nan,nan,-9.64,0.72,-2.02,-0.43,22.87,15.30
nan,nan,nan,-9.66,0.71,-2.14,-1.04,5.67,14.27
nan,nan,nan,-9.56,0.70,-2.09,5.37,5.37,12.93
nan,nan,nan,-9.79,0.72,-2.16,-3.35,2.99,0.12
nan,nan,nan,-9.73,0.72,-1.99,-0.98,-1.95,5.06
nan,nan,nan,-9.81,0.82,-2.07,3.78,3.23,7.99
nan,nan,nan,-9.67,0.71,-2.11,0.91,15.85,4.88
nan,nan,nan,-9.60,0.67,-2.20,-8.29,17.01,-12.56
nan,nan,nan,-9.67,0.73,-2.14,-11.77,8.54,-5.61
nan,nan,nan,-9.73,0.72,-2.12,-3.78,13.54,0.00
nan,nan,nan,-9.69,0.65,-2.08,-7.38,6.95,-9.51
nan,nan,nan,-9.77,0.75,-2.16,-11.46,6.52,-12.93
nan,nan,nan,-9.71,0.71,-2.03,-2.13,-3.29,-6.83
0.9347061659787107,0.8590538357257501,0.9514022545807944,-9.80,0.77,-2.13,8.54,-3.48,4.88
nan,nan,nan,-9.80,0.70,-2.19,8.66,2.93,9.33
nan,nan,nan,-9.86,0.70,-2.13,5.79,13.90,8.23
nan,nan,nan,-9.79,0.73,-2.14,-1.59,19.76,-1.16
nan,nan,nan,-9.61,0.85,-2.14,-3.66,21.10,-0.43
nan,nan,nan,-9.58,0.67,-2.24,-10.85,20.79,-3.35
nan,nan,nan,-9.61,0.65,-2.21,-13.35,17.32,-8.66
nan,nan,nan,-9.53,0.62,-2.30,-22.62,2.38,-6.77
nan,nan,nan,-9.76,0.82,-2.17,-20.37,-8.41,-4.51
nan,nan,nan,-9.89,0.78,-2.11,-10.49,-2.07,14.51
nan,nan,nan,-9.75,0.73,-2.11,-0.18,10.91,39.63
nan,nan,nan,-9.75,0.75,-2.06,11.10,10.06,36.04
nan,nan,nan,-9.68,0.69,-2.25,9.39,1.28,16.16
0.9355264818193351,0.8659268625513467,0.7821942542981374,-9.75,0.76,-2.13,0.49,7.07,8.60
nan,nan,nan,-9.65,0.71,-2.24,-4.70,13.72,-0.06
nan,nan,nan,-9.64,0.73,-2.22,-7.20,6.52,-0.91
nan,nan,nan,-9.64,0.88,-2.17,-4.51,-0.24,9.09
nan,nan,nan,-9.69,0.82,-2.17,-1.34,-7.01,2.50
nan,nan,nan,-9.77,0.71,-2.22,-8.96,-13.84,-2.62
nan,nan,nan,-9.77,0.84,-2.10,-15.55,-2.99,-4.09
nan,nan,nan,-9.73,0.93,-2.08,-9.70,1.34,-4.39
nan,nan,nan,-9.72,0.87,-2.14,-2.87,0.18,-2.32
nan,nan,nan,-9.83,0.80,-2.25,-7.32,4.39,7.80
nan,nan,nan,-9.80,0.84,-2.10,-7.80,5.98,2.20
nan,nan,nan,-9.71,0.94,-2.17,-7.68,16.22,10.43
nan,nan,nan,-9.64,0.95,-2.19,-0.55,15.00,2.99
nan,nan,nan,-9.57,0.83,-2.14,-0.18,9.02,-0.61
nan,nan,nan,-9.69,0.90,-2.08,-2.07,6.65,-0.98
nan,nan,nan,-9.70,0.79,-2.25,-2.26,5.67,-5.06
nan,nan,nan,-9.53,0.86,-2.11,-8.72,0.24,-3.90
nan,nan,nan,-9.67,0.90,-2.15,-7.62,-9.76,-7.01
nan,nan,nan,-9.83,0.90,-2.19,-2.44,-3.54,-5.91
nan,nan,nan,-9.80,0.85,-2.15,-0.55,4.94,-2.93
nan,nan,nan,-9.77,0.81,-2.19,-4.02,7.80,-3.60
nan,nan,nan,-9.63,0.84,-2.23,-5.91,0.43,-1.89
nan,nan,nan,-9.74,0.82,-2.11,-3.05,8.90,-1.34
nan,nan,nan,-9.55,0.79,-2.17,-3.48,-2.07,-2.99
nan,nan,nan,-9.86,0.83,-2.27,-1.83,4.63,6.71
nan,nan,nan,-9.67,0.83,-2.22,-1.52,4.45,3.17
nan,nan,nan,-9.78,0.81,-2.22,1.52,-2.87,-2.87
nan,nan,nan,-9.77,0.71,-2.22,-6.71,4.51,1.22
nan,nan,nan,-9.58,0.72,-2.21,-11.34,-0.85,-3.35
nan,nan,nan,-9.66,0.85,-2.08,-9.82,-5.73,-2.26
nan,nan,nan,-9.82,0.82,-2.18,-2.74,-6.59,1.04
nan,nan,nan,-9.63,0.98,-2.03,2.01,-6.46,6.52
nan,nan,nan,-9.77,1.02,-2.10,10.06,-4.82,4.51
nan,nan,nan,-9.58,0.82,-2.17,4.09,-10.06,1.04
nan,nan,nan,-9.56,0.85,-2.11,1.28,-24.45,0.43
nan,nan,nan,-9.77,0.79,-2.13,-3.11,-29.70,-1.52
nan,nan,nan,-9.90,0.92,-2.06,-15.73,-3.17,13.78
nan,nan,nan,-9.77,0.97,-1.94,-2.68,5.37,-1.46
nan,nan,nan,-9.75,0.88,-2.14,-1.89,12.80,-10.73
nan,nan,nan,-9.63,0.83,-2.15,-11.83,6.10,-13.78
nan,nan,nan,-9.69,0.96,-1.94,-4.51,0.30,-7.80
nan,nan,nan,-9.72,0.90,-1.97,12.13,-1.89,15.30
nan,nan,nan,-9.75,0.87,-2.03,17.01,-3.48,14.45
nan,nan,nan,-9.77,0.82,-2.06,15.37,2.93,13.23
nan,nan,nan,-9.68,0.91,-2.03,13.78,-1.40,1.04
nan,nan,nan,-9.79,0.88,-2.02,13.23,6.04,2.07
nan,nan,nan,-9.72,0.94,-2.02,21.16,8.66,8.29
nan,nan,nan,-9.82,0.68,-2.06,15.18,19.57,12.93
nan,nan,nan,-9.77,0.83,-2.10,-3.05,47.07,8.17
nan,nan,nan,-9.43,0.94,-2.08,-0.49,35.91,5.24
nan,nan,nan,-9.53,0.98,-2.24,11.46,4.33,-0.79
nan,nan,nan,-9.63,0.96,-2.26,26.22,-10.61,-3.35
nan,nan,nan,-9.61,0.67,-2.22,18.05,-25.85,-1.89
nan,nan,nan,-9.87,0.82,-2.19,0.06,-15.43,4.09
nan,nan,nan,-9.80,0.95,-2.04,-1.16,-4.76,11.22
nan,nan,nan,-9.79,0.83,-2.26,2.56,-0.06,11.10
nan,nan,nan,-9.62,0.89,-2.13,-4.70,-0.06,21.59
0.8646261593861514,0.848579759402156,0.8696960219593652,-9.62,1.07,-2.00,2.01,-15.43,18.72
0.8507688488059122,0.8352503707704025,0.7331126208435825,-9.83,1.16,-2.00,21.65,-12.20,3.17
0.3449532674357944,0.5255530796560055,0.7044078325508724,-9.91,1.35,-1.89,42.62,0.98,-9.02
